{
  "nested importance sampling global log-evidence": -177.58819779420733, 
  "global evidence": -177.58819779420733, 
  "modes": [
    {
      "index": 0, 
      "local log-evidence": -177.58819779420733, 
      "strictly local log-evidence": -177.58819779420733, 
      "local log-evidence error": 0.026239301176343224, 
      "maximum": [
        28.259588665440972, 
        1.3620640682310519, 
        18.77187013679989, 
        923867930.2544742, 
        333.2693333851055
      ], 
      "maximum a posterior": [
        28.259588665440972, 
        1.3620640682310519, 
        18.77187013679989, 
        923867930.2544742, 
        333.2693333851055
      ], 
      "sigma": [
        10.875985768740376, 
        0.0019261024462846295, 
        4.179843043537079, 
        193488545.65407258, 
        3.237110791227124
      ], 
      "strictly local log-evidence error": 0.026239301176343224, 
      "mean": [
        30.75661916067275, 
        1.3614206327232496, 
        19.325927001725468, 
        827481912.4379148, 
        337.7115517589486
      ]
    }
  ], 
  "nested importance sampling global log-evidence error": 0.026239301176343224, 
  "nested sampling global log-evidence": -176.57552910811467, 
  "marginals": [
    {
      "5sigma": [
        0.8850404514681095, 
        84.86174804961897
      ], 
      "3sigma": [
        1.490039129183355, 
        63.41679857365133
      ], 
      "median": 30.34123399658846, 
      "q90%": 56.580149211418295, 
      "q10%": 16.296610769056304, 
      "q25%": 22.9761152560253, 
      "q01%": 6.389100262338639, 
      "q75%": 38.38052516790655, 
      "1sigma": [
        19.694227095943496, 
        42.273854645714636
      ], 
      "2sigma": [
        10.990297843909413, 
        51.778825629543725
      ], 
      "q99%": 56.580149211418295, 
      "sigma": 11.28981377488557
    }, 
    {
      "5sigma": [
        1.347039116315546, 
        1.3732821405900948
      ], 
      "3sigma": [
        1.353988082381378, 
        1.3670183023958495
      ], 
      "median": 1.361574339099649, 
      "q90%": 1.3660077930614134, 
      "q10%": 1.3589288847709644, 
      "q25%": 1.3601914547714167, 
      "q01%": 1.3563850556628487, 
      "q75%": 1.3626248899851632, 
      "1sigma": [
        1.359480511329266, 
        1.3632309144856047
      ], 
      "2sigma": [
        1.357207379875792, 
        1.3649373526204533
      ], 
      "q99%": 1.3660077930614134, 
      "sigma": 0.0018752015781693387
    }, 
    {
      "5sigma": [
        0.8163766560389596, 
        38.77067422437371
      ], 
      "3sigma": [
        7.1889269922459045, 
        31.086353927204154
      ], 
      "median": 19.223002957768017, 
      "q90%": 28.552560825255586, 
      "q10%": 14.168943274016144, 
      "q25%": 16.50567685129815, 
      "q01%": 9.960914522165309, 
      "q75%": 22.119905659944997, 
      "1sigma": [
        15.161607843256972, 
        23.3871560936411
      ], 
      "2sigma": [
        10.874896264932778, 
        27.58207487678081
      ], 
      "q99%": 28.552560825255586, 
      "sigma": 4.112774125192064
    }, 
    {
      "5sigma": [
        50390580.17387932, 
        1972254547.0207446
      ], 
      "3sigma": [
        97406397.60712582, 
        1491555758.2276678
      ], 
      "median": 864771778.0157632, 
      "q90%": 1268465266.815091, 
      "q10%": 573530573.2539872, 
      "q25%": 738261557.0801845, 
      "q01%": 158637363.04906893, 
      "q75%": 943800206.1183095, 
      "1sigma": [
        675392722.5711578, 
        979399136.0601017
      ], 
      "2sigma": [
        202099861.80101025, 
        1103915250.7583532
      ], 
      "q99%": 1268465266.815091, 
      "sigma": 152003206.74447197
    }, 
    {
      "5sigma": [
        333.2693333851055, 
        368.52216216987284
      ], 
      "3sigma": [
        333.2693333851055, 
        352.2722839952755
      ], 
      "median": 336.96846166441816, 
      "q90%": 347.9042773395726, 
      "q10%": 334.2206049265982, 
      "q25%": 335.3974084248005, 
      "q01%": 333.44568079171165, 
      "q75%": 339.34533409189356, 
      "1sigma": [
        334.6086075413982, 
        340.75343491091377
      ], 
      "2sigma": [
        333.704264358773, 
        345.63109804069677
      ], 
      "q99%": 347.9042773395726, 
      "sigma": 3.0724136847577768
    }
  ], 
  "global evidence error": 0.026239301176343224, 
  "nested sampling global log-evidence error": 0.2778444390060415
}