{
  "nested importance sampling global log-evidence": -305.32350785609844, 
  "global evidence": -305.32350785609844, 
  "modes": [
    {
      "index": 0, 
      "local log-evidence": -305.32350785609844, 
      "strictly local log-evidence": -305.32350785609844, 
      "local log-evidence error": 0.026209921824235278, 
      "maximum": [
        43.77380195365414, 
        1.3592955326636669, 
        28.36034198718846, 
        748451848.8251373, 
        588.3358595728787
      ], 
      "maximum a posterior": [
        31.101082014861724, 
        1.361346070509861, 
        35.031936323080316, 
        844925598.9729013, 
        592.2753407413999
      ], 
      "sigma": [
        10.667250475107393, 
        0.0017116534959590215, 
        3.893342521377309, 
        85464794.70761916, 
        2.8350441904151507
      ], 
      "strictly local log-evidence error": 0.026209921824235278, 
      "mean": [
        42.6232474660867, 
        1.3595546713155808, 
        29.668442132853563, 
        748126903.8826674, 
        592.1703841972832
      ]
    }
  ], 
  "nested importance sampling global log-evidence error": 0.026209921824235278, 
  "nested sampling global log-evidence": -305.2672157632604, 
  "marginals": [
    {
      "5sigma": [
        2.1507720215080233, 
        92.7496210831885
      ], 
      "3sigma": [
        11.623310636237912, 
        75.8930260562628
      ], 
      "median": 42.73002966942042, 
      "q90%": 67.60092969552268, 
      "q10%": 28.921562441200074, 
      "q25%": 35.39063367260968, 
      "q01%": 19.655782368405156, 
      "q75%": 49.727984973913784, 
      "1sigma": [
        31.930206912674844, 
        53.05371902495709
      ], 
      "2sigma": [
        21.971009306676947, 
        63.34838366654772
      ], 
      "q99%": 67.60092969552268, 
      "sigma": 10.561756056141123
    }, 
    {
      "5sigma": [
        1.3486251657625314, 
        1.367663488778892
      ], 
      "3sigma": [
        1.3545013740728413, 
        1.364183592572785
      ], 
      "median": 1.359680685003634, 
      "q90%": 1.363283006032019, 
      "q10%": 1.3571950179045875, 
      "q25%": 1.3584331366227982, 
      "q01%": 1.355495004750341, 
      "q75%": 1.3607411963742118, 
      "1sigma": [
        1.3578486008814104, 
        1.3612585286249081
      ], 
      "2sigma": [
        1.355921052677477, 
        1.3626234991359436
      ], 
      "q99%": 1.363283006032019, 
      "sigma": 0.001704963871748899
    }, 
    {
      "5sigma": [
        11.796508254767883, 
        48.819730535838296
      ], 
      "3sigma": [
        16.71256462303321, 
        41.21779527405463
      ], 
      "median": 29.79747342372209, 
      "q90%": 38.50394711901685, 
      "q10%": 24.80814917469462, 
      "q25%": 27.188137515926815, 
      "q01%": 20.168523506658687, 
      "q75%": 32.230751222652955, 
      "1sigma": [
        25.887632647032948, 
        33.38481614862761
      ], 
      "2sigma": [
        21.226824400613527, 
        37.17903188907584
      ], 
      "q99%": 38.50394711901685, 
      "sigma": 3.7485917507973294
    }, 
    {
      "5sigma": [
        364091636.24361426, 
        1198843458.2427485
      ], 
      "3sigma": [
        493854534.24064416, 
        1011347463.6045407
      ], 
      "median": 744822134.5603158, 
      "q90%": 954096920.166765, 
      "q10%": 639543721.0607332, 
      "q25%": 690544505.4361832, 
      "q01%": 563551949.7604928, 
      "q75%": 801796076.6009516, 
      "1sigma": [
        665693968.903015, 
        834710580.7362113
      ], 
      "2sigma": [
        589084988.3258603, 
        926847177.2730252
      ], 
      "q99%": 954096920.166765, 
      "sigma": 84508305.91659814
    }, 
    {
      "5sigma": [
        588.3358595728787, 
        623.4927885126098
      ], 
      "3sigma": [
        588.3358595728787, 
        606.5062886721245
      ], 
      "median": 591.4791470822532, 
      "q90%": 601.7689260093676, 
      "q10%": 589.2971259152948, 
      "q25%": 590.0996414616948, 
      "q01%": 588.4704795144454, 
      "q75%": 593.4530081061727, 
      "1sigma": [
        589.6848338706884, 
        594.802253081862
      ], 
      "2sigma": [
        588.7189166420548, 
        599.3801803990902
      ], 
      "q99%": 601.7689260093676, 
      "sigma": 2.5587096055867846
    }
  ], 
  "global evidence error": 0.026209921824235278, 
  "nested sampling global log-evidence error": 0.30301854175461496
}