{
  "nested importance sampling global log-evidence": -310.81324537372944, 
  "global evidence": -310.81324537372944, 
  "modes": [
    {
      "index": 0, 
      "local log-evidence": -310.81324537372944, 
      "strictly local log-evidence": -310.81324537372944, 
      "local log-evidence error": 0.029406330298427166, 
      "maximum": [
        56.34695326980662, 
        1.3591298138603078, 
        32.99095107056833, 
        703688120.0279924, 
        599.5564477724953
      ], 
      "maximum a posterior": [
        53.14540007931085, 
        1.3594503587419255, 
        31.80608826916088, 
        852808355.1720238, 
        603.3875778637708
      ], 
      "sigma": [
        11.17376499838344, 
        0.0018343197287565612, 
        4.5240729876093315, 
        87760736.71320787, 
        3.054637702866952
      ], 
      "strictly local log-evidence error": 0.029406330298427166, 
      "mean": [
        54.790431418381125, 
        1.3591356712312117, 
        31.186858278821056, 
        672281047.5147761, 
        603.4993168090411
      ]
    }
  ], 
  "nested importance sampling global log-evidence error": 0.029406330298427166, 
  "nested sampling global log-evidence": -311.0163539596869, 
  "marginals": [
    {
      "5sigma": [
        7.126605726504812, 
        103.43552285598973
      ], 
      "3sigma": [
        22.95106297128303, 
        87.33480897559447
      ], 
      "median": 54.85882342840894, 
      "q90%": 82.06314554736709, 
      "q10%": 41.13570184758811, 
      "q25%": 47.578711736462736, 
      "q01%": 27.66476298405746, 
      "q75%": 62.08172854555761, 
      "1sigma": [
        44.06105096624973, 
        65.85433189926233
      ], 
      "2sigma": [
        31.955726492598526, 
        76.26913413195777
      ], 
      "q99%": 82.06314554736709, 
      "sigma": 10.896640466506302
    }, 
    {
      "5sigma": [
        1.3484684376604819, 
        1.3698929981332406
      ], 
      "3sigma": [
        1.3532198000635625, 
        1.3647705325657347
      ], 
      "median": 1.359155047464619, 
      "q90%": 1.363270102067084, 
      "q10%": 1.3568373689053852, 
      "q25%": 1.3579560818885807, 
      "q01%": 1.3545198168299868, 
      "q75%": 1.3604310034960274, 
      "1sigma": [
        1.357296417762376, 
        1.3609041865165428
      ], 
      "2sigma": [
        1.3553638687301661, 
        1.3626275936777152
      ], 
      "q99%": 1.363270102067084, 
      "sigma": 0.0018038843770833424
    }, 
    {
      "5sigma": [
        8.761810371427144, 
        51.955950929577604
      ], 
      "3sigma": [
        18.13860677470898, 
        44.849352729794376
      ], 
      "median": 31.176471896256185, 
      "q90%": 41.436522628268456, 
      "q10%": 25.364730466566883, 
      "q25%": 28.084212954579325, 
      "q01%": 20.84457253048414, 
      "q75%": 33.96012525955227, 
      "1sigma": [
        26.751620814692664, 
        35.61752120209586
      ], 
      "2sigma": [
        22.349412419133568, 
        40.24126105035821
      ], 
      "q99%": 41.436522628268456, 
      "sigma": 4.432950193701597
    }, 
    {
      "5sigma": [
        103277916.88241763, 
        1034903329.3741618
      ], 
      "3sigma": [
        348180058.85299176, 
        932668630.125793
      ], 
      "median": 673120006.676577, 
      "q90%": 867512825.841238, 
      "q10%": 567381828.705328, 
      "q25%": 614067544.7913033, 
      "q01%": 449024406.33048296, 
      "q75%": 727852507.3195294, 
      "1sigma": [
        589597513.4259297, 
        753252843.2540817
      ], 
      "2sigma": [
        483857929.97033495, 
        841126668.9755939
      ], 
      "q99%": 867512825.841238, 
      "sigma": 81827664.91407603
    }, 
    {
      "5sigma": [
        599.5564477724953, 
        636.5850922190016
      ], 
      "3sigma": [
        599.5564477724953, 
        617.8354882766348
      ], 
      "median": 602.6427334872113, 
      "q90%": 613.3534234572419, 
      "q10%": 600.3523511593418, 
      "q25%": 601.2232468484171, 
      "q01%": 599.6181525646646, 
      "q75%": 605.1187759284943, 
      "1sigma": [
        600.7583299663793, 
        606.2727402399734
      ], 
      "2sigma": [
        599.7500518171789, 
        611.256767325207
      ], 
      "q99%": 613.3534234572419, 
      "sigma": 2.7572051367970403
    }
  ], 
  "global evidence error": 0.029406330298427166, 
  "nested sampling global log-evidence error": 0.3044124760117089
}