{
  "nested importance sampling global log-evidence": -108.90810483401762, 
  "global evidence": -108.90810483401762, 
  "modes": [
    {
      "index": 0, 
      "local log-evidence": -108.90810483401762, 
      "strictly local log-evidence": -108.90810483401762, 
      "local log-evidence error": 0.026998183587120805, 
      "maximum": [
        13.235558941089407, 
        1.362339372704028, 
        26.50609192230307, 
        704458911.4801687, 
        198.44497274144638
      ], 
      "maximum a posterior": [
        22.132022731114315, 
        1.3660356118808044, 
        30.259530347324283, 
        897361755.1754761, 
        202.1906685576647
      ], 
      "sigma": [
        13.585814397778002, 
        0.002130258778704926, 
        6.321528751624232, 
        185388721.10475555, 
        2.858499933930401
      ], 
      "strictly local log-evidence error": 0.026998183587120805, 
      "mean": [
        21.151313641282766, 
        1.3631796998968901, 
        25.56615390602916, 
        661417542.4882421, 
        202.29074428524376
      ]
    }
  ], 
  "nested importance sampling global log-evidence error": 0.026998183587120805, 
  "nested sampling global log-evidence": -108.31560277788644, 
  "marginals": [
    {
      "5sigma": [
        0.24354982248923024, 
        101.83267506020408
      ], 
      "3sigma": [
        0.24354982248923024, 
        66.89789679882333
      ], 
      "median": 19.592339918901875, 
      "q90%": 54.89168662678466, 
      "q10%": 4.404958766755514, 
      "q25%": 10.373382807541184, 
      "q01%": 0.2995069407603294, 
      "q75%": 29.741467265686392, 
      "1sigma": [
        6.648894998421846, 
        35.34148473104333
      ], 
      "2sigma": [
        1.5247728416159638, 
        51.64128454269374
      ], 
      "q99%": 54.89168662678466, 
      "sigma": 14.346294866310743
    }, 
    {
      "5sigma": [
        1.3531687722071855, 
        1.3813585179237613
      ], 
      "3sigma": [
        1.3570876102944665, 
        1.3705015023563656
      ], 
      "median": 1.363078397655764, 
      "q90%": 1.3687462002156423, 
      "q10%": 1.3605511825210033, 
      "q25%": 1.3617697983101258, 
      "q01%": 1.3581230048983324, 
      "q75%": 1.364533566433454, 
      "1sigma": [
        1.3611064235544992, 
        1.365216913602343
      ], 
      "2sigma": [
        1.3588943841107735, 
        1.3674131528019418
      ], 
      "q99%": 1.3687462002156423, 
      "sigma": 0.002055245023921959
    }, 
    {
      "5sigma": [
        0.13723933956800283, 
        57.59772583214626
      ], 
      "3sigma": [
        8.309126527167395, 
        44.62770804924193
      ], 
      "median": 25.672753012297147, 
      "q90%": 41.02327287705117, 
      "q10%": 17.302485099721885, 
      "q25%": 20.913811960808253, 
      "q01%": 11.95518338543981, 
      "q75%": 29.874931403808013, 
      "1sigma": [
        18.824882480180065, 
        31.783782435561886
      ], 
      "2sigma": [
        13.44998924384527, 
        38.304297076969306
      ], 
      "q99%": 41.02327287705117, 
      "sigma": 6.47944997769091
    }, 
    {
      "5sigma": [
        45431589.87276281, 
        1867507918.7243583
      ], 
      "3sigma": [
        130539580.38458192, 
        1330750115.2039306
      ], 
      "median": 649593659.2997069, 
      "q90%": 1034020638.3707716, 
      "q10%": 431483373.4836019, 
      "q25%": 533690855.98368376, 
      "q01%": 200194628.4652229, 
      "q75%": 800800818.1254802, 
      "1sigma": [
        469360389.9685243, 
        863110218.6123809
      ], 
      "2sigma": [
        303023177.38415676, 
        995138324.2993903
      ], 
      "q99%": 1034020638.3707716, 
      "sigma": 196874914.3219283
    }, 
    {
      "5sigma": [
        198.44497274144638, 
        233.99265147398887
      ], 
      "3sigma": [
        198.44497274144638, 
        216.38801256964695
      ], 
      "median": 201.6342018157713, 
      "q90%": 211.27652917997708, 
      "q10%": 199.38144049956762, 
      "q25%": 200.21480905686772, 
      "q01%": 198.54176606514983, 
      "q75%": 203.70200880879221, 
      "1sigma": [
        199.65751540041228, 
        204.8791475612819
      ], 
      "2sigma": [
        198.85755802960117, 
        209.59965263762243
      ], 
      "q99%": 211.27652917997708, 
      "sigma": 2.610816080434816
    }
  ], 
  "global evidence error": 0.026998183587120805, 
  "nested sampling global log-evidence error": 0.2677728633611848
}