{
  "nested importance sampling global log-evidence": -60.3088681532958, 
  "global evidence": -60.3088681532958, 
  "modes": [
    {
      "index": 0, 
      "local log-evidence": -60.3088681532958, 
      "strictly local log-evidence": -60.3088681532958, 
      "local log-evidence error": 0.025280703530870915, 
      "maximum": [
        4.729959855181689, 
        1.3636097365290933, 
        17.04305820114394, 
        960743658.8543543, 
        105.76611852229557
      ], 
      "maximum a posterior": [
        66.17823683893174, 
        1.3607125573021355, 
        27.263923395174693, 
        633963057.0062202, 
        110.60280486686386
      ], 
      "sigma": [
        19.1742147807098, 
        0.005690774372534341, 
        11.535980208987679, 
        477024536.30603325, 
        2.640182517058264
      ], 
      "strictly local log-evidence error": 0.025280703530870915, 
      "mean": [
        27.49049749693331, 
        1.3631743998596793, 
        19.541120249050287, 
        796566117.1010355, 
        109.86133039401858
      ]
    }
  ], 
  "nested importance sampling global log-evidence error": 0.025280703530870915, 
  "nested sampling global log-evidence": -59.61881972971257, 
  "marginals": [
    {
      "5sigma": [
        0.14796828448209648, 
        164.58699349801552
      ], 
      "3sigma": [
        0.14796828448209648, 
        101.86355620388453
      ], 
      "median": 23.296735281125986, 
      "q90%": 81.76466323978808, 
      "q10%": 4.946968580616628, 
      "q25%": 13.040771521680194, 
      "q01%": 0.4279877139285718, 
      "q75%": 38.352261778075466, 
      "1sigma": [
        7.433478717268693, 
        45.11964042272196
      ], 
      "2sigma": [
        1.3572094390323461, 
        72.69063955465094
      ], 
      "q99%": 81.76466323978808, 
      "sigma": 18.843080852726633
    }, 
    {
      "5sigma": [
        1.3387040916859665, 
        1.3924421799141233
      ], 
      "3sigma": [
        1.3395370058105853, 
        1.3830459208041026
      ], 
      "median": 1.3627663803996855, 
      "q90%": 1.3782514130806038, 
      "q10%": 1.3565394233445882, 
      "q25%": 1.359530812890508, 
      "q01%": 1.3491904627554543, 
      "q75%": 1.3663550899258003, 
      "1sigma": [
        1.3581207029029692, 
        1.3680088937010912
      ], 
      "2sigma": [
        1.3525428565722017, 
        1.3757361681668785
      ], 
      "q99%": 1.3782514130806038, 
      "sigma": 0.004944095399061044
    }, 
    {
      "5sigma": [
        0.024059631026593926, 
        91.93083402949941
      ], 
      "3sigma": [
        0.024059631026593926, 
        56.975333766049694
      ], 
      "median": 18.1566714445034, 
      "q90%": 46.56891362608219, 
      "q10%": 4.845269529189584, 
      "q25%": 11.012945659126167, 
      "q01%": 0.9497480689810504, 
      "q75%": 27.751987913960264, 
      "1sigma": [
        6.982479821425677, 
        32.43514565774715
      ], 
      "2sigma": [
        1.3383600858746147, 
        43.2722865653876
      ], 
      "q99%": 46.56891362608219, 
      "sigma": 12.726332918160736
    }, 
    {
      "5sigma": [
        10168496.482784048, 
        4527001712.995838
      ], 
      "3sigma": [
        34455890.29767638, 
        2617883080.009762
      ], 
      "median": 765008940.4497744, 
      "q90%": 2189122233.067322, 
      "q10%": 153705278.13891566, 
      "q25%": 458525121.39026433, 
      "q01%": 59081087.68679062, 
      "q75%": 1056159620.9030657, 
      "1sigma": [
        286550344.5908764, 
        1199473544.4778159
      ], 
      "2sigma": [
        78483411.08176002, 
        1908418857.735512
      ], 
      "q99%": 2189122233.067322, 
      "sigma": 456461599.94346976
    }, 
    {
      "5sigma": [
        105.76611852229557, 
        137.84541527189228
      ], 
      "3sigma": [
        105.76611852229557, 
        121.4533588133893
      ], 
      "median": 109.5070706725483, 
      "q90%": 118.33524492946984, 
      "q10%": 106.93329337310591, 
      "q25%": 107.93681182180207, 
      "q01%": 105.96874961139588, 
      "q75%": 111.04889057983686, 
      "1sigma": [
        107.39872879157477, 
        112.34371879648947
      ], 
      "2sigma": [
        106.15800371649013, 
        116.36216438358035
      ], 
      "q99%": 118.33524492946984, 
      "sigma": 2.47249500245735
    }
  ], 
  "global evidence error": 0.025280703530870915, 
  "nested sampling global log-evidence error": 0.21652146620383922
}