{
  "nested importance sampling global log-evidence": -350.23114489197616, 
  "global evidence": -350.23114489197616, 
  "modes": [
    {
      "index": 0, 
      "local log-evidence": -350.23114489197616, 
      "strictly local log-evidence": -350.23114489197616, 
      "local log-evidence error": 0.027265431072680587, 
      "maximum": [
        4.833636553625935, 
        1.3557606785580416, 
        40.759486123832936, 
        1955609955.9383073, 
        679.3355048751733
      ], 
      "maximum a posterior": [
        12.991929196406776, 
        1.3520813050601799, 
        43.3906194944787, 
        2191613354.33622, 
        682.6265827909043
      ], 
      "sigma": [
        11.566262492749575, 
        0.0032405345361981135, 
        7.771349799237237, 
        314252489.2743851, 
        3.0898705811762026
      ], 
      "strictly local log-evidence error": 0.027265431072680587, 
      "mean": [
        15.964057517407502, 
        1.3565633906031456, 
        38.03455622925824, 
        1791692497.5154674, 
        683.5663171629369
      ]
    }
  ], 
  "nested importance sampling global log-evidence error": 0.027265431072680587, 
  "nested sampling global log-evidence": -349.67458344653977, 
  "marginals": [
    {
      "5sigma": [
        0.023728803618312724, 
        85.98403474452277
      ], 
      "3sigma": [
        0.023728803618312724, 
        58.75094048600313
      ], 
      "median": 13.773414282890606, 
      "q90%": 50.167466069517126, 
      "q10%": 2.939123078729408, 
      "q25%": 6.983439467811974, 
      "q01%": 0.3148506078424227, 
      "q75%": 22.35103003330801, 
      "1sigma": [
        4.396575731639492, 
        27.51875364624015
      ], 
      "2sigma": [
        0.7920585319515306, 
        43.66620339100347
      ], 
      "q99%": 50.167466069517126, 
      "sigma": 11.56108895730033
    }, 
    {
      "5sigma": [
        1.339323691121242, 
        1.3789268146581488
      ], 
      "3sigma": [
        1.343311902147782, 
        1.3679053635328902
      ], 
      "median": 1.3565465985987266, 
      "q90%": 1.3644906387112814, 
      "q10%": 1.3526281399202025, 
      "q25%": 1.354379847079098, 
      "q01%": 1.348926740601395, 
      "q75%": 1.3587228332748358, 
      "1sigma": [
        1.3533172947312722, 
        1.3597622990130398
      ], 
      "2sigma": [
        1.3505047667951937, 
        1.3631652975856285
      ], 
      "q99%": 1.3644906387112814, 
      "sigma": 0.0032225021408838206
    }, 
    {
      "5sigma": [
        0.671021993592289, 
        76.73588297260561
      ], 
      "3sigma": [
        14.779335232116694, 
        60.2395853745046
      ], 
      "median": 37.54426423562597, 
      "q90%": 55.87359132013763, 
      "q10%": 28.350432955308968, 
      "q25%": 33.25368524223345, 
      "q01%": 20.543656378980266, 
      "q75%": 43.37085247357203, 
      "1sigma": [
        30.68071556566544, 
        45.98774043612462
      ], 
      "2sigma": [
        22.681544086138715, 
        53.867907609122405
      ], 
      "q99%": 55.87359132013763, 
      "sigma": 7.6535124352295885
    }, 
    {
      "5sigma": [
        865068961.3183153, 
        4102688047.7966638
      ], 
      "3sigma": [
        1083217718.4993813, 
        2789640419.82578
      ], 
      "median": 1789661160.432073, 
      "q90%": 2576260913.199935, 
      "q10%": 1381106542.3694994, 
      "q25%": 1585864210.9472344, 
      "q01%": 1118170793.3528402, 
      "q75%": 1999368711.200679, 
      "1sigma": [
        1475123138.8756506, 
        2097417598.8762136
      ], 
      "2sigma": [
        1149919770.9357557, 
        2452500529.5977755
      ], 
      "q99%": 2576260913.199935, 
      "sigma": 311147230.00028145
    }, 
    {
      "5sigma": [
        679.3355048751733, 
        715.9980572723576
      ], 
      "3sigma": [
        679.3355048751733, 
        697.1762673145522
      ], 
      "median": 682.6261108723978, 
      "q90%": 693.3015167598562, 
      "q10%": 680.447285359086, 
      "q25%": 681.2699683127373, 
      "q01%": 679.5303929804335, 
      "q75%": 685.2416308819869, 
      "1sigma": [
        680.8050980667297, 
        686.4296173692006
      ], 
      "2sigma": [
        679.9104105951563, 
        691.4543599736164
      ], 
      "q99%": 693.3015167598562, 
      "sigma": 2.812259651235479
    }
  ], 
  "global evidence error": 0.027265431072680587, 
  "nested sampling global log-evidence error": 0.2809168002303532
}