{
  "nested importance sampling global log-evidence": -155.76572793660995, 
  "global evidence": -155.76572793660995, 
  "modes": [
    {
      "index": 0, 
      "local log-evidence": -155.76572793660995, 
      "strictly local log-evidence": -155.76572793660995, 
      "local log-evidence error": 0.03476855167934405, 
      "maximum": [
        11.69894273587974, 
        1.024325569304516, 
        99.74303995516117, 
        808456830.0753016, 
        288.1874919807598
      ], 
      "maximum a posterior": [
        11.69894273587974, 
        1.024325569304516, 
        99.74303995516117, 
        808456830.0753016, 
        288.1874919807598
      ], 
      "sigma": [
        9.996405227073184, 
        0.0025000825128975008, 
        5.267761749391429, 
        281240257.2758434, 
        3.1610602345116567
      ], 
      "strictly local log-evidence error": 0.03476855167934405, 
      "mean": [
        13.57576191039446, 
        1.0253589029345538, 
        93.93243082444586, 
        617822025.4161354, 
        292.607121385655
      ]
    }
  ], 
  "nested importance sampling global log-evidence error": 0.03476855167934405, 
  "nested sampling global log-evidence": -155.3748457157324, 
  "marginals": [
    {
      "5sigma": [
        0.029204335732364993, 
        76.82354130098031
      ], 
      "3sigma": [
        0.029204335732364993, 
        52.74296357308468
      ], 
      "median": 11.677553271206053, 
      "q90%": 42.74992062342236, 
      "q10%": 2.1855294367410676, 
      "q25%": 5.60253906424592, 
      "q01%": 0.15325817850425044, 
      "q75%": 19.632617844925242, 
      "1sigma": [
        3.388712684661319, 
        23.535186218590162
      ], 
      "2sigma": [
        0.6510802701232109, 
        35.66127887035797
      ], 
      "q99%": 42.74992062342236, 
      "sigma": 10.073236766964422
    }, 
    {
      "5sigma": [
        1.0141671390160858, 
        1.0391911229657267
      ], 
      "3sigma": [
        1.0181567652762162, 
        1.033636467958855
      ], 
      "median": 1.025346392857554, 
      "q90%": 1.0311246053053782, 
      "q10%": 1.0221756665719295, 
      "q25%": 1.0236118501215279, 
      "q01%": 1.019827483694858, 
      "q75%": 1.0270484040676222, 
      "1sigma": [
        1.0227827875005129, 
        1.0277876185564592
      ], 
      "2sigma": [
        1.0207070707043524, 
        1.0302520176838887
      ], 
      "q99%": 1.0311246053053782, 
      "sigma": 0.0025024155279731453
    }, 
    {
      "5sigma": [
        57.221243972759794, 
        99.99890372978989
      ], 
      "3sigma": [
        67.7397241909714, 
        99.99473315612384
      ], 
      "median": 95.26872032888107, 
      "q90%": 99.95827679500658, 
      "q10%": 86.67382937400873, 
      "q25%": 91.05583544616526, 
      "q01%": 77.38295075389158, 
      "q75%": 98.00368845481866, 
      "1sigma": [
        88.44165469123575, 
        98.88211539820779
      ], 
      "2sigma": [
        80.68180920029408, 
        99.8937819426064
      ], 
      "q99%": 99.95827679500658, 
      "sigma": 5.220230353486016
    }, 
    {
      "5sigma": [
        46723359.801483065, 
        5291753430.350121
      ], 
      "3sigma": [
        70108273.4546458, 
        1722164278.3604836
      ], 
      "median": 607529286.9203507, 
      "q90%": 1378030141.6191444, 
      "q10%": 229662913.71656796, 
      "q25%": 408106871.8116475, 
      "q01%": 97288203.59164123, 
      "q75%": 814680579.8369037, 
      "1sigma": [
        353863700.6284665, 
        889128542.6822226
      ], 
      "2sigma": [
        120285301.81022504, 
        1132798747.57512
      ], 
      "q99%": 1378030141.6191444, 
      "sigma": 267632421.02687806
    }, 
    {
      "5sigma": [
        288.1874919807598, 
        325.7263488087088
      ], 
      "3sigma": [
        288.1874919807598, 
        307.014715426933
      ], 
      "median": 291.9105980861735, 
      "q90%": 302.224513225871, 
      "q10%": 289.27571118303257, 
      "q25%": 290.1682645843642, 
      "q01%": 288.36336447219406, 
      "q75%": 294.25715044137826, 
      "1sigma": [
        289.6779700187037, 
        295.68574404013395
      ], 
      "2sigma": [
        288.6174966055781, 
        300.26964191135824
      ], 
      "q99%": 302.224513225871, 
      "sigma": 3.0038870107151183
    }
  ], 
  "global evidence error": 0.03476855167934405, 
  "nested sampling global log-evidence error": 0.30118574041457874
}