{
  "nested importance sampling global log-evidence": -278.88062955463005, 
  "global evidence": -278.88062955463005, 
  "modes": [
    {
      "index": 0, 
      "local log-evidence": -278.88062955463005, 
      "strictly local log-evidence": -278.88062955463005, 
      "local log-evidence error": 0.025947235159733444, 
      "maximum": [
        28.8312215489283, 
        1.0079417519606892, 
        59.99220329964348, 
        198155754.58108342, 
        541.0545083619394
      ], 
      "maximum a posterior": [
        50.589404749831175, 
        1.0139619116223177, 
        53.63754677325529, 
        784065136.1121162, 
        545.9890688846156
      ], 
      "sigma": [
        26.31683458858175, 
        0.009149121558481667, 
        14.109480672020977, 
        336935392.11208385, 
        2.9051448191694753
      ], 
      "strictly local log-evidence error": 0.025947235159733444, 
      "mean": [
        42.753806581103284, 
        1.0107191681168524, 
        61.901392157296456, 
        343113187.71310073, 
        545.4673393527004
      ]
    }
  ], 
  "nested importance sampling global log-evidence error": 0.025947235159733444, 
  "nested sampling global log-evidence": -278.0058927997352, 
  "marginals": [
    {
      "5sigma": [
        0.0267035279061707, 
        185.5638632587948
      ], 
      "3sigma": [
        0.0267035279061707, 
        140.9739683109528
      ], 
      "median": 39.61424178476612, 
      "q90%": 116.88543951379881, 
      "q10%": 11.094321775822767, 
      "q25%": 22.596952042550217, 
      "q01%": 0.9113856832014186, 
      "q75%": 58.461917793431844, 
      "1sigma": [
        16.57475090848683, 
        68.59346318823222
      ], 
      "2sigma": [
        2.8552609426524547, 
        101.8045311326362
      ], 
      "q99%": 116.88543951379881, 
      "sigma": 26.009356139872693
    }, 
    {
      "5sigma": [
        0.9681009485290598, 
        1.2343759264161718
      ], 
      "3sigma": [
        0.9920929316833063, 
        1.0588852889966074
      ], 
      "median": 1.0099890939956195, 
      "q90%": 1.0488057897372507, 
      "q10%": 1.002126291957833, 
      "q25%": 1.0049490557434573, 
      "q01%": 0.9959048286336609, 
      "q75%": 1.0147789681183856, 
      "1sigma": [
        1.0032852545457565, 
        1.016667879757011
      ], 
      "2sigma": [
        0.9980241563717731, 
        1.038468269072535
      ], 
      "q99%": 1.0488057897372507, 
      "sigma": 0.006691312605627275
    }, 
    {
      "5sigma": [
        1.2403728438790607, 
        99.9542388062123
      ], 
      "3sigma": [
        21.53053471166541, 
        99.22602956082649
      ], 
      "median": 60.711858424333066, 
      "q90%": 95.92241496933225, 
      "q10%": 43.722563885266815, 
      "q25%": 51.73317708402382, 
      "q01%": 33.7163466540621, 
      "q75%": 71.07331308719988, 
      "1sigma": [
        46.70262976830883, 
        76.2968770133177
      ], 
      "2sigma": [
        38.49244833572045, 
        92.21243396723642
      ], 
      "q99%": 95.92241496933225, 
      "sigma": 14.797123622504433
    }, 
    {
      "5sigma": [
        38409048.05668981, 
        5436807582.840322
      ], 
      "3sigma": [
        56352972.38328948, 
        4391342436.97782
      ], 
      "median": 209214851.98014864, 
      "q90%": 1072150688.8727236, 
      "q10%": 95671525.84904301, 
      "q25%": 128659815.20123152, 
      "q01%": 61795699.31865899, 
      "q75%": 447448028.5250441, 
      "1sigma": [
        109049633.29036465, 
        630850069.4168357
      ], 
      "2sigma": [
        68881377.72582282, 
        1034628481.7786283
      ], 
      "q99%": 1072150688.8727236, 
      "sigma": 260900218.06323552
    }, 
    {
      "5sigma": [
        541.0545083619394, 
        576.7530837614277
      ], 
      "3sigma": [
        541.0545083619394, 
        559.3840303670277
      ], 
      "median": 544.9484329743902, 
      "q90%": 555.4370921595066, 
      "q10%": 542.1406674556566, 
      "q25%": 543.4715682332188, 
      "q01%": 541.2289757387283, 
      "q75%": 546.8774814125796, 
      "1sigma": [
        542.7199675557886, 
        548.061175880381
      ], 
      "2sigma": [
        541.4551290136894, 
        552.843878737578
      ], 
      "q99%": 555.4370921595066, 
      "sigma": 2.670604162296229
    }
  ], 
  "global evidence error": 0.025947235159733444, 
  "nested sampling global log-evidence error": 0.22961322094716294
}