{
  "nested importance sampling global log-evidence": -78.10460966302422, 
  "global evidence": -78.10460966302422, 
  "modes": [
    {
      "index": 0, 
      "local log-evidence": -78.10460966302422, 
      "strictly local log-evidence": -78.10460966302422, 
      "local log-evidence error": 0.08754794592367926, 
      "maximum": [
        21.5412689882883, 
        1.0206774112816106, 
        99.50420959522039, 
        109674550.68118104, 
        130.95326869235618
      ], 
      "maximum a posterior": [
        11.751824916773181, 
        1.0229493464242347, 
        98.35517533577654, 
        169959985.68055525, 
        135.8239912721778
      ], 
      "sigma": [
        15.364105405824677, 
        0.002612429817142984, 
        2.760676860298643, 
        116675388.06815398, 
        3.0868763530993553
      ], 
      "strictly local log-evidence error": 0.08754794592367926, 
      "mean": [
        22.509743891538122, 
        1.020414791080222, 
        96.96304576026027, 
        112007166.50941476, 
        135.43689345431213
      ]
    }
  ], 
  "nested importance sampling global log-evidence error": 0.08754794592367926, 
  "nested sampling global log-evidence": -76.7137275882194, 
  "marginals": [
    {
      "5sigma": [
        0.02578128780139291, 
        106.08542844660526
      ], 
      "3sigma": [
        0.07223200218440105, 
        77.46083999595041
      ], 
      "median": 20.4721578551981, 
      "q90%": 64.5240072165588, 
      "q10%": 4.246797687220091, 
      "q25%": 10.214447371893097, 
      "q01%": 0.6996022518702083, 
      "q75%": 31.87808702624862, 
      "1sigma": [
        6.389383354190789, 
        38.0690881366823
      ], 
      "2sigma": [
        1.425089188367448, 
        59.118230513856695
      ], 
      "q99%": 64.5240072165588, 
      "sigma": 15.839852391245756
    }, 
    {
      "5sigma": [
        1.007654110891878, 
        1.0352703583080949
      ], 
      "3sigma": [
        1.0130658005074051, 
        1.0282336102158267
      ], 
      "median": 1.0202451473843406, 
      "q90%": 1.0266972318786247, 
      "q10%": 1.017262396529864, 
      "q25%": 1.0185571568055773, 
      "q01%": 1.0148972989528413, 
      "q75%": 1.0223299790404055, 
      "1sigma": [
        1.017788985311578, 
        1.0230489158728058
      ], 
      "2sigma": [
        1.0156958163553553, 
        1.0258286786855342
      ], 
      "q99%": 1.0266972318786247, 
      "sigma": 0.0026299652806138774
    }, 
    {
      "5sigma": [
        69.08391511715894, 
        99.99704530057372
      ], 
      "3sigma": [
        83.9632658728404, 
        99.99369311036666
      ], 
      "median": 97.71748078765621, 
      "q90%": 99.97831482296367, 
      "q10%": 93.40682945188479, 
      "q25%": 95.68047017159074, 
      "q01%": 87.03550688633166, 
      "q75%": 99.02035179480367, 
      "1sigma": [
        94.52247363158644, 
        99.34807065471115
      ], 
      "2sigma": [
        89.38933087563363, 
        99.88882658676108
      ], 
      "q99%": 99.97831482296367, 
      "sigma": 2.4127985115623574
    }, 
    {
      "5sigma": [
        35922266.699796446, 
        5400862521.14868
      ], 
      "3sigma": [
        48135377.198837, 
        1438070521.323567
      ], 
      "median": 98417016.12328707, 
      "q90%": 401073959.3985992, 
      "q10%": 68054599.92740457, 
      "q25%": 77776783.22960246, 
      "q01%": 54148674.88868829, 
      "q75%": 116485241.56839094, 
      "1sigma": [
        71444056.76718092, 
        136654869.89277223
      ], 
      "2sigma": [
        58517552.671465345, 
        206329167.5559601
      ], 
      "q99%": 401073959.3985992, 
      "sigma": 32605406.562795654
    }, 
    {
      "5sigma": [
        130.95326869235618, 
        167.63353094676742
      ], 
      "3sigma": [
        130.95326869235618, 
        150.110294784311
      ], 
      "median": 134.84236322654237, 
      "q90%": 145.40494988810735, 
      "q10%": 132.15671388622857, 
      "q25%": 133.12267285105966, 
      "q01%": 131.11264731080013, 
      "q75%": 137.0327400004566, 
      "1sigma": [
        132.58096353449227, 
        138.29565842769819
      ], 
      "2sigma": [
        131.57815557983105, 
        143.02056638213963
      ], 
      "q99%": 145.40494988810735, 
      "sigma": 2.857347446602958
    }
  ], 
  "global evidence error": 0.08754794592367926, 
  "nested sampling global log-evidence error": 0.2999213373714687
}