{
  "nested importance sampling global log-evidence": -134.60201544006645, 
  "global evidence": -134.60201544006645, 
  "modes": [
    {
      "index": 0, 
      "local log-evidence": -134.60201544006645, 
      "strictly local log-evidence": -134.60201544006645, 
      "local log-evidence error": 0.03045427588361262, 
      "maximum": [
        21.273594848698387, 
        1.0317779510762828, 
        93.29455985094421, 
        115543757.95352015, 
        250.71766476887979
      ], 
      "maximum a posterior": [
        11.916507335417117, 
        1.0329356359504207, 
        94.21434859401363, 
        266410841.59935054, 
        254.5294038349606
      ], 
      "sigma": [
        20.487220936746038, 
        0.0047320515533536035, 
        9.228020747260365, 
        1334876768.216117, 
        2.88154538812817
      ], 
      "strictly local log-evidence error": 0.03045427588361262, 
      "mean": [
        26.644557359126008, 
        1.0338011829937392, 
        87.7864290496178, 
        802833918.5085334, 
        254.87268245835392
      ]
    }
  ], 
  "nested importance sampling global log-evidence error": 0.03045427588361262, 
  "nested sampling global log-evidence": -133.75811209626187, 
  "marginals": [
    {
      "5sigma": [
        0.002169469126350226, 
        169.86985682883017
      ], 
      "3sigma": [
        0.002169469126350226, 
        113.31343376158608
      ], 
      "median": 22.142311875229506, 
      "q90%": 89.03401810450535, 
      "q10%": 4.2095556523410655, 
      "q25%": 10.556519013460324, 
      "q01%": 0.29833724267232165, 
      "q75%": 37.38605612347464, 
      "1sigma": [
        6.742745417732097, 
        48.130366576802665
      ], 
      "2sigma": [
        1.0959643002893458, 
        78.87615723666745
      ], 
      "q99%": 89.03401810450535, 
      "sigma": 20.693810579535285
    }, 
    {
      "5sigma": [
        0.9905299618988248, 
        1.0699163248163877
      ], 
      "3sigma": [
        1.0198827179882495, 
        1.0506987822084053
      ], 
      "median": 1.0331646741423157, 
      "q90%": 1.0472998069592359, 
      "q10%": 1.0285846940110135, 
      "q25%": 1.0306174317640981, 
      "q01%": 1.0235968275243155, 
      "q75%": 1.0367304991493331, 
      "1sigma": [
        1.0297777005484259, 
        1.0386698871768256
      ], 
      "2sigma": [
        1.0250075267357288, 
        1.043961489849445
      ], 
      "q99%": 1.0472998069592359, 
      "sigma": 0.004446093314199873
    }, 
    {
      "5sigma": [
        17.024313732483282, 
        99.94983008421056
      ], 
      "3sigma": [
        50.09400204368949, 
        99.94886615165424
      ], 
      "median": 89.63600505827308, 
      "q90%": 99.81658768665582, 
      "q10%": 74.09589437603817, 
      "q25%": 82.82055442759732, 
      "q01%": 59.191692916607835, 
      "q75%": 94.96592455873112, 
      "1sigma": [
        78.93438737689893, 
        96.57336804296106
      ], 
      "2sigma": [
        66.08303423811834, 
        99.55686180423439
      ], 
      "q99%": 99.81658768665582, 
      "sigma": 8.81949033303107
    }, 
    {
      "5sigma": [
        33532316.683969136, 
        5602092502.485344
      ], 
      "3sigma": [
        53324739.70981273, 
        5584987699.093728
      ], 
      "median": 175806528.2938095, 
      "q90%": 5419051329.003207, 
      "q10%": 97156762.78974946, 
      "q25%": 115580759.15885144, 
      "q01%": 68117758.0824056, 
      "q75%": 654033148.896892, 
      "1sigma": [
        107344619.1608021, 
        1573941987.2855363
      ], 
      "2sigma": [
        74909802.22964276, 
        4881578320.9718275
      ], 
      "q99%": 5419051329.003207, 
      "sigma": 733298684.0623671
    }, 
    {
      "5sigma": [
        250.71766476887979, 
        286.8896567984632
      ], 
      "3sigma": [
        250.71766476887979, 
        268.5035115708584
      ], 
      "median": 254.2157140131827, 
      "q90%": 264.0407166597658, 
      "q10%": 251.81285178750525, 
      "q25%": 252.70928067917944, 
      "q01%": 250.93470132700227, 
      "q75%": 256.3964862174886, 
      "1sigma": [
        252.20008584705457, 
        257.3827336697549
      ], 
      "2sigma": [
        251.2183844084784, 
        261.9497012931388
      ], 
      "q99%": 264.0407166597658, 
      "sigma": 2.591323911350159
    }
  ], 
  "global evidence error": 0.03045427588361262, 
  "nested sampling global log-evidence error": 0.2514313199879347
}