{
  "nested importance sampling global log-evidence": -77.60118888669619, 
  "global evidence": -77.60118888669619, 
  "modes": [
    {
      "index": 0, 
      "local log-evidence": -77.60118888669619, 
      "strictly local log-evidence": -77.60118888669619, 
      "local log-evidence error": 0.024727044233809586, 
      "maximum": [
        1.88512098544154, 
        1.0303558859392214, 
        96.86876837263921, 
        87153050.78257379, 
        138.84689487724702
      ], 
      "maximum a posterior": [
        1.88512098544154, 
        1.0303558859392214, 
        96.86876837263921, 
        87153050.78257379, 
        138.84689487724702
      ], 
      "sigma": [
        27.66911762503207, 
        0.008547249556042661, 
        11.446687391207785, 
        952874697.1029257, 
        3.3110381113608938
      ], 
      "strictly local log-evidence error": 0.024727044233809586, 
      "mean": [
        36.31858132394322, 
        1.0308943587103419, 
        86.75133513941299, 
        457820691.4627404, 
        143.83945727176737
      ]
    }
  ], 
  "nested importance sampling global log-evidence error": 0.024727044233809586, 
  "nested sampling global log-evidence": -76.94796495562746, 
  "marginals": [
    {
      "5sigma": [
        0.19067959978045948, 
        236.28042774138143
      ], 
      "3sigma": [
        0.19067959978045948, 
        160.53759623461852
      ], 
      "median": 30.935319761145657, 
      "q90%": 121.00839587518598, 
      "q10%": 6.738562681398354, 
      "q25%": 15.263895722545369, 
      "q01%": 0.7134191387603659, 
      "q75%": 50.197937771482884, 
      "1sigma": [
        10.171740846246582, 
        60.30414169684243
      ], 
      "2sigma": [
        1.8226339921787826, 
        107.1106618141051
      ], 
      "q99%": 121.00839587518598, 
      "sigma": 25.06620042529792
    }, 
    {
      "5sigma": [
        0.9044186288935017, 
        1.1117676308694147
      ], 
      "3sigma": [
        1.0078886396073767, 
        1.0647735182631712
      ], 
      "median": 1.02943231487011, 
      "q90%": 1.0574774640100628, 
      "q10%": 1.0218386358228928, 
      "q25%": 1.0255719598234774, 
      "q01%": 1.0143967465779427, 
      "q75%": 1.034749658498133, 
      "1sigma": [
        1.0236500087225164, 
        1.0385217957724422
      ], 
      "2sigma": [
        1.0173510932268575, 
        1.051606110441759
      ], 
      "q99%": 1.0574774640100628, 
      "sigma": 0.007435893524962878
    }, 
    {
      "5sigma": [
        1.0448780392805124, 
        99.92719070404279
      ], 
      "3sigma": [
        34.40614094878989, 
        99.90322069912456
      ], 
      "median": 89.8166474632446, 
      "q90%": 99.70630442102498, 
      "q10%": 70.83099247783983, 
      "q25%": 80.99405903130622, 
      "q01%": 51.7609440866033, 
      "q75%": 95.5339443479296, 
      "1sigma": [
        75.93871913406338, 
        96.98640668690156
      ], 
      "2sigma": [
        58.101389882484746, 
        99.3814703169419
      ], 
      "q99%": 99.70630442102498, 
      "sigma": 10.523843776419092
    }, 
    {
      "5sigma": [
        10015909.242007049, 
        5634853336.961881
      ], 
      "3sigma": [
        10693373.709509255, 
        5548336242.327894
      ], 
      "median": 107344719.64692892, 
      "q90%": 5048293388.936839, 
      "q10%": 34418746.70968866, 
      "q25%": 57450244.03642544, 
      "q01%": 13699545.450710397, 
      "q75%": 251494689.82910708, 
      "1sigma": [
        41824973.22326914, 
        513388642.45404273
      ], 
      "2sigma": [
        16594237.59472369, 
        3617526803.0990705
      ], 
      "q99%": 5048293388.936839, 
      "sigma": 235781834.61538678
    }, 
    {
      "5sigma": [
        138.84689487724702, 
        175.67354041708586
      ], 
      "3sigma": [
        138.84689487724702, 
        159.00341588201167
      ], 
      "median": 143.23224790943897, 
      "q90%": 154.2399236783677, 
      "q10%": 140.03995505701516, 
      "q25%": 141.26693164736545, 
      "q01%": 139.13077548603928, 
      "q75%": 145.638729018306, 
      "1sigma": [
        140.492555807123, 
        146.96824699854275
      ], 
      "2sigma": [
        139.28145139476553, 
        151.90219412911745
      ], 
      "q99%": 154.2399236783677, 
      "sigma": 3.237845595709871
    }
  ], 
  "global evidence error": 0.024727044233809586, 
  "nested sampling global log-evidence error": 0.2242372921647021
}