{
  "nested importance sampling global log-evidence": -66.32075071620842, 
  "global evidence": -66.32075071620842, 
  "modes": [
    {
      "index": 0, 
      "local log-evidence": -66.32075071620842, 
      "strictly local log-evidence": -66.32075071620842, 
      "local log-evidence error": 0.023325463914022647, 
      "maximum": [
        39.57062204819642, 
        1.0207160134255413, 
        99.83942321263955, 
        70439446.71241072, 
        109.78023730542057
      ], 
      "maximum a posterior": [
        23.960869854942626, 
        1.0173746422466292, 
        94.5710359055002, 
        54492597.03402409, 
        113.78478045890074
      ], 
      "sigma": [
        25.598146702527018, 
        0.00330827359047218, 
        3.498570147003052, 
        104683401.29095994, 
        3.1150140272429
      ], 
      "strictly local log-evidence error": 0.023325463914022647, 
      "mean": [
        42.20526854488998, 
        1.0197509373970879, 
        96.34831575580994, 
        90336456.81660114, 
        114.20692920641584
      ]
    }
  ], 
  "nested importance sampling global log-evidence error": 0.023325463914022647, 
  "nested sampling global log-evidence": -65.12641407185951, 
  "marginals": [
    {
      "5sigma": [
        0.5978444800475745, 
        197.726413668176
      ], 
      "3sigma": [
        0.6105955465506875, 
        137.14499556349455
      ], 
      "median": 38.95755251894732, 
      "q90%": 113.49966308241207, 
      "q10%": 10.785964406183036, 
      "q25%": 22.037110629384614, 
      "q01%": 1.1241385780650932, 
      "q75%": 57.86128939281195, 
      "1sigma": [
        15.443090243770856, 
        66.1147044059267
      ], 
      "2sigma": [
        3.737159849380557, 
        98.34771908116694
      ], 
      "q99%": 113.49966308241207, 
      "sigma": 25.335807081077924
    }, 
    {
      "5sigma": [
        1.0022258831047404, 
        1.0374121859393097
      ], 
      "3sigma": [
        1.0107309879892474, 
        1.0303704937987093
      ], 
      "median": 1.0197247835437597, 
      "q90%": 1.027835794003574, 
      "q10%": 1.0155993449334026, 
      "q25%": 1.0174240149936888, 
      "q01%": 1.0126572551218251, 
      "q75%": 1.0220081144518616, 
      "1sigma": [
        1.016303841311268, 
        1.0229946363769837
      ], 
      "2sigma": [
        1.013636817017047, 
        1.0268686078366878
      ], 
      "q99%": 1.027835794003574, 
      "sigma": 0.0033453975328578966
    }, 
    {
      "5sigma": [
        56.89955911089966, 
        99.99689797006032
      ], 
      "3sigma": [
        78.49367368689802, 
        99.98402663123052
      ], 
      "median": 97.4787727103433, 
      "q90%": 99.96455187667397, 
      "q10%": 91.55504125119172, 
      "q25%": 94.82710612892424, 
      "q01%": 84.40117004157081, 
      "q75%": 98.8896730425249, 
      "1sigma": [
        93.23593415493593, 
        99.37614327938738
      ], 
      "2sigma": [
        87.37857204654154, 
        99.90183924890852
      ], 
      "q99%": 99.96455187667397, 
      "sigma": 3.0701045622257226
    }, 
    {
      "5sigma": [
        10106864.615221592, 
        5598848963.775068
      ], 
      "3sigma": [
        30948541.025624577, 
        1436083271.6160882
      ], 
      "median": 77853269.91207926, 
      "q90%": 218611329.13774952, 
      "q10%": 54157496.38609519, 
      "q25%": 63989570.661660746, 
      "q01%": 33840853.33652415, 
      "q75%": 100074721.92335856, 
      "1sigma": [
        58108945.06783481, 
        111702132.93242869
      ], 
      "2sigma": [
        42549194.71749113, 
        172053379.50256813
      ], 
      "q99%": 218611329.13774952, 
      "sigma": 26796593.93229694
    }, 
    {
      "5sigma": [
        109.78023730542057, 
        148.02954373858503
      ], 
      "3sigma": [
        109.78023730542057, 
        130.33380458249292
      ], 
      "median": 113.50351691577926, 
      "q90%": 124.95243082032063, 
      "q10%": 111.01484929839938, 
      "q25%": 111.90789402423688, 
      "q01%": 110.1141384458792, 
      "q75%": 115.79432178320828, 
      "1sigma": [
        111.40572882463596, 
        116.85100146823551
      ], 
      "2sigma": [
        110.37849187609663, 
        122.01379112629185
      ], 
      "q99%": 124.95243082032063, 
      "sigma": 2.7226363217997758
    }
  ], 
  "global evidence error": 0.023325463914022647, 
  "nested sampling global log-evidence error": 0.2832481150625995
}