{
  "nested importance sampling global log-evidence": -1734.7454422136677, 
  "global evidence": -1734.7454422136677, 
  "modes": [
    {
      "index": 0, 
      "local log-evidence": -1734.7454422136677, 
      "strictly local log-evidence": -1734.7454422136677, 
      "local log-evidence error": 0.1392595039090391, 
      "maximum": [
        0.11234981656962996, 
        1.0873196179008593, 
        24.024121141396204, 
        603655656.2174714, 
        3444.54511114082
      ], 
      "maximum a posterior": [
        0.11234981656962996, 
        1.0873196179008593, 
        24.024121141396204, 
        603655656.2174714, 
        3444.54511114082
      ], 
      "sigma": [
        1.973462946356088, 
        0.003356825284115104, 
        4.498962101301662, 
        79682120.6186482, 
        3.0864008383639985
      ], 
      "strictly local log-evidence error": 0.1392595039090391, 
      "mean": [
        1.9900595120310998, 
        1.0861220431298426, 
        22.76063816367068, 
        599876970.7934575, 
        3449.1112490123205
      ]
    }
  ], 
  "nested importance sampling global log-evidence error": 0.1392595039090391, 
  "nested sampling global log-evidence": -1734.3904411861938, 
  "marginals": [
    {
      "5sigma": [
        0.0034401915005875684, 
        21.24944312990029
      ], 
      "3sigma": [
        0.004376550915450854, 
        11.139564965215106
      ], 
      "median": 1.248774365228256, 
      "q90%": 8.172135981744498, 
      "q10%": 0.20452437304152984, 
      "q25%": 0.5724896576770919, 
      "q01%": 0.018843201676991824, 
      "q75%": 2.7625258796109446, 
      "1sigma": [
        0.3235473446921642, 
        4.1662551612127094
      ], 
      "2sigma": [
        0.05665350218458974, 
        7.200769161087324
      ], 
      "q99%": 8.172135981744498, 
      "sigma": 1.9213539082602726
    }, 
    {
      "5sigma": [
        1.0704034474675435, 
        1.0978844106196841
      ], 
      "3sigma": [
        1.0743762054485992, 
        1.0947499220412542
      ], 
      "median": 1.0862198610238814, 
      "q90%": 1.09409801893217, 
      "q10%": 1.0820032557893762, 
      "q25%": 1.083902087243624, 
      "q01%": 1.0782877448217338, 
      "q75%": 1.0883557938516997, 
      "1sigma": [
        1.082786058588306, 
        1.089362932317412
      ], 
      "2sigma": [
        1.0796351433078044, 
        1.0925828682115761
      ], 
      "q99%": 1.09409801893217, 
      "sigma": 0.003288436864553046
    }, 
    {
      "5sigma": [
        2.4847601748864756, 
        41.20616545500242
      ], 
      "3sigma": [
        9.827483522063712, 
        35.80943709475313
      ], 
      "median": 22.625654469628614, 
      "q90%": 33.054676297048026, 
      "q10%": 17.262933301377018, 
      "q25%": 19.683251900456565, 
      "q01%": 11.939944044659628, 
      "q75%": 25.776563317650655, 
      "1sigma": [
        18.278185179015125, 
        26.95606476548425
      ], 
      "2sigma": [
        14.131412788911183, 
        32.112708800846484
      ], 
      "q99%": 33.054676297048026, 
      "sigma": 4.338939793234562
    }, 
    {
      "5sigma": [
        56566819.05774323, 
        899014892.7962216
      ], 
      "3sigma": [
        287798571.3629327, 
        807271500.19593
      ], 
      "median": 600209211.0551108, 
      "q90%": 761759330.9111608, 
      "q10%": 492885898.3963375, 
      "q25%": 556493656.3956143, 
      "q01%": 389173298.2784499, 
      "q75%": 651294075.8520684, 
      "1sigma": [
        525755215.94600433, 
        677217662.1181312
      ], 
      "2sigma": [
        432069388.88416904, 
        741548513.461741
      ], 
      "q99%": 761759330.9111608, 
      "sigma": 75731223.08606341
    }, 
    {
      "5sigma": [
        3444.54511114082, 
        3482.3933812148975
      ], 
      "3sigma": [
        3444.54511114082, 
        3463.7663860934317
      ], 
      "median": 3448.6322487785847, 
      "q90%": 3458.5791265253883, 
      "q10%": 3445.695602244716, 
      "q25%": 3446.5846251187854, 
      "q01%": 3444.8867344959913, 
      "q75%": 3450.9611213985972, 
      "1sigma": [
        3446.059366895901, 
        3452.154389295963
      ], 
      "2sigma": [
        3445.211630088847, 
        3456.245276290667
      ], 
      "q99%": 3458.5791265253883, 
      "sigma": 3.0475112000310673
    }
  ], 
  "global evidence error": 0.1392595039090391, 
  "nested sampling global log-evidence error": 0.31360511283436737
}