{
  "nested importance sampling global log-evidence": -144.69527725408665, 
  "global evidence": -144.69527725408665, 
  "modes": [
    {
      "index": 0, 
      "local log-evidence": -144.69527725408665, 
      "strictly local log-evidence": -144.69527725408665, 
      "local log-evidence error": 0.15987427885532587, 
      "maximum": [
        77.13999110768526, 
        1.682752126696125, 
        2.8029018884451427, 
        105688530.1113557, 
        271.83395884402006
      ], 
      "maximum a posterior": [
        77.13999110768526, 
        1.682752126696125, 
        2.8029018884451427, 
        105688530.1113557, 
        271.83395884402006
      ], 
      "sigma": [
        27.527383173246932, 
        0.007952875869375401, 
        17.210716205036864, 
        53388906.08368658, 
        3.2474173157923194
      ], 
      "strictly local log-evidence error": 0.15987427885532587, 
      "mean": [
        79.80007753639936, 
        1.6785398855341354, 
        17.427946037909436, 
        118241383.0785554, 
        276.5700853380172
      ]
    }
  ], 
  "nested importance sampling global log-evidence error": 0.15987427885532587, 
  "nested sampling global log-evidence": -144.13253214760422, 
  "marginals": [
    {
      "5sigma": [
        0.06163628977580524, 
        218.0343006650765
      ], 
      "3sigma": [
        3.8951914635993417, 
        157.73808935430742
      ], 
      "median": 81.38861608048741, 
      "q90%": 140.57132501464073, 
      "q10%": 44.0967663380537, 
      "q25%": 61.3421300105336, 
      "q01%": 15.193294299430459, 
      "q75%": 99.37713437271493, 
      "1sigma": [
        52.975572682860395, 
        106.80788627888666
      ], 
      "2sigma": [
        21.37882000115341, 
        131.0622423041067
      ], 
      "q99%": 140.57132501464073, 
      "sigma": 26.91615679801313
    }, 
    {
      "5sigma": [
        1.566101358397873, 
        1.7585788492161316
      ], 
      "3sigma": [
        1.6288323992842433, 
        1.6978455833346209
      ], 
      "median": 1.6792335435978922, 
      "q90%": 1.6944495591020323, 
      "q10%": 1.6690436829518065, 
      "q25%": 1.6743469467153216, 
      "q01%": 1.655928108466656, 
      "q75%": 1.6838424759803234, 
      "1sigma": [
        1.6717466444082918, 
        1.685763243491692
      ], 
      "2sigma": [
        1.6609273299833844, 
        1.6909742857020982
      ], 
      "q99%": 1.6944495591020323, 
      "sigma": 0.007008299541700125
    }, 
    {
      "5sigma": [
        0.046620099368188755, 
        99.6744107132831
      ], 
      "3sigma": [
        0.052111388731594904, 
        92.65774431278471
      ], 
      "median": 11.761411945008037, 
      "q90%": 78.09554764101165, 
      "q10%": 1.900660292525723, 
      "q25%": 5.579105514981039, 
      "q01%": 0.1425259527652615, 
      "q75%": 22.713942008025725, 
      "1sigma": [
        3.2230243835229277, 
        32.931377497968654
      ], 
      "2sigma": [
        0.43776152576284033, 
        67.88584252379161
      ], 
      "q99%": 78.09554764101165, 
      "sigma": 14.854176557222864
    }, 
    {
      "5sigma": [
        14778081.869319005, 
        1042333693.5190305
      ], 
      "3sigma": [
        43941265.91034926, 
        593997146.390335
      ], 
      "median": 105680687.6702404, 
      "q90%": 278354649.4526722, 
      "q10%": 67418895.43036781, 
      "q25%": 85668419.17024437, 
      "q01%": 53315114.413554266, 
      "q75%": 139052628.59135637, 
      "1sigma": [
        75238864.29390793, 
        159401336.28738907
      ], 
      "2sigma": [
        56501506.87785882, 
        227154778.53171796
      ], 
      "q99%": 278354649.4526722, 
      "sigma": 42081235.99674057
    }, 
    {
      "5sigma": [
        271.83395884402006, 
        307.9116072173231
      ], 
      "3sigma": [
        271.83395884402006, 
        290.47068468704884
      ], 
      "median": 275.9365498379757, 
      "q90%": 286.3731722486276, 
      "q10%": 272.9434928181877, 
      "q25%": 274.1726084648222, 
      "q01%": 271.8764109203549, 
      "q75%": 278.22643295263316, 
      "1sigma": [
        273.4519958797921, 
        279.6245110398534
      ], 
      "2sigma": [
        272.2585951978829, 
        284.38323153187514
      ], 
      "q99%": 286.3731722486276, 
      "sigma": 3.0862575800306615
    }
  ], 
  "global evidence error": 0.15987427885532587, 
  "nested sampling global log-evidence error": 0.24181582823696143
}