{
  "nested importance sampling global log-evidence": -123.65561406954221, 
  "global evidence": -123.65561406954221, 
  "modes": [
    {
      "index": 0, 
      "local log-evidence": -123.65561406954221, 
      "strictly local log-evidence": -123.65561406954221, 
      "local log-evidence error": 0.02216947213956146, 
      "maximum": [
        108.47114043291836, 
        1.6849052401918982, 
        1.645515971742369, 
        66650197.86714128, 
        229.09830879882955
      ], 
      "maximum a posterior": [
        54.82626532295382, 
        1.6823515559738114, 
        23.402705454242163, 
        73760864.43823083, 
        234.04381239124183
      ], 
      "sigma": [
        24.947224217178178, 
        0.0037843124377173565, 
        23.279487832728034, 
        25979170.774825867, 
        2.823872045366856
      ], 
      "strictly local log-evidence error": 0.02216947213956146, 
      "mean": [
        100.44289479793603, 
        1.6850883546543496, 
        29.563896075636734, 
        51793242.84208093, 
        233.10603642686903
      ]
    }
  ], 
  "nested importance sampling global log-evidence error": 0.02216947213956146, 
  "nested sampling global log-evidence": -122.50708429964624, 
  "marginals": [
    {
      "5sigma": [
        0.053320422496844294, 
        221.5672845076534
      ], 
      "3sigma": [
        24.969313530670334, 
        173.4182017320657
      ], 
      "median": 99.86273443691829, 
      "q90%": 155.73581814176228, 
      "q10%": 68.73154515764885, 
      "q25%": 82.63381246945102, 
      "q01%": 43.235931174599905, 
      "q75%": 118.61642764655336, 
      "1sigma": [
        74.94976555016382, 
        126.41645631429832
      ], 
      "2sigma": [
        51.935812657306286, 
        147.25019265157437
      ], 
      "q99%": 155.73581814176228, 
      "sigma": 25.73334538206725
    }, 
    {
      "5sigma": [
        1.590393621870798, 
        1.761889506587994
      ], 
      "3sigma": [
        1.6519357680017228, 
        1.6949832984056616
      ], 
      "median": 1.685204468582145, 
      "q90%": 1.6917940649629253, 
      "q10%": 1.6818238611688303, 
      "q25%": 1.6836149926557273, 
      "q01%": 1.6773220423893591, 
      "q75%": 1.6870058325388306, 
      "1sigma": [
        1.6826600683006172, 
        1.687883915994144
      ], 
      "2sigma": [
        1.6787449026478594, 
        1.690508626589328
      ], 
      "q99%": 1.6917940649629253, 
      "sigma": 0.002611923846763342
    }, 
    {
      "5sigma": [
        0.08305350014740313, 
        99.25580615933478
      ], 
      "3sigma": [
        0.13843189958986932, 
        98.72748420787433
      ], 
      "median": 23.794972147410117, 
      "q90%": 92.36285742481193, 
      "q10%": 4.073648080415953, 
      "q25%": 10.85302256991956, 
      "q01%": 0.42180601698950404, 
      "q75%": 42.94972817229895, 
      "1sigma": [
        6.240400834984004, 
        55.780287809062365
      ], 
      "2sigma": [
        1.3331047036049544, 
        82.61328275893672
      ], 
      "q99%": 92.36285742481193, 
      "sigma": 24.769943487039182
    }, 
    {
      "5sigma": [
        10492212.034315804, 
        795784840.1871471
      ], 
      "3sigma": [
        11345820.681326585, 
        183573193.89744025
      ], 
      "median": 51008578.660172656, 
      "q90%": 138149930.26010492, 
      "q10%": 18859348.128290165, 
      "q25%": 32921894.863272063, 
      "q01%": 12169865.042911397, 
      "q75%": 66219902.3472788, 
      "1sigma": [
        24137113.761684027, 
        74330988.05467387
      ], 
      "2sigma": [
        12383576.701512266, 
        103565900.01836732
      ], 
      "q99%": 138149930.26010492, 
      "sigma": 25096937.146494918
    }, 
    {
      "5sigma": [
        229.09830879882955, 
        264.4073911283843
      ], 
      "3sigma": [
        229.09830879882955, 
        247.400006470979
      ], 
      "median": 232.60280906948498, 
      "q90%": 242.44966649338951, 
      "q10%": 230.0614355770985, 
      "q25%": 231.1495847340121, 
      "q01%": 229.19247060429373, 
      "q75%": 234.46927354425918, 
      "1sigma": [
        230.48491125143906, 
        235.56362290471404
      ], 
      "2sigma": [
        229.40716312363784, 
        240.33006384844217
      ], 
      "q99%": 242.44966649338951, 
      "sigma": 2.5393558266374896
    }
  ], 
  "global evidence error": 0.02216947213956146, 
  "nested sampling global log-evidence error": 0.24400955076027356
}