{
  "nested importance sampling global log-evidence": -72.3864614439048, 
  "global evidence": -72.3864614439048, 
  "modes": [
    {
      "index": 0, 
      "local log-evidence": -72.3864614439048, 
      "strictly local log-evidence": -72.3864614439048, 
      "local log-evidence error": 0.036190451691863905, 
      "maximum": [
        8.756992752377721, 
        1.597355886106453, 
        63.89868952314639, 
        698040643.593369, 
        131.8920280261509
      ], 
      "maximum a posterior": [
        36.83279888464998, 
        1.613251957294605, 
        21.596567799446134, 
        59801006.804563574, 
        134.74198784213428
      ], 
      "sigma": [
        24.745026432346698, 
        0.036068152260085515, 
        27.182822812455626, 
        231174145.0091582, 
        2.265902430710489
      ], 
      "strictly local log-evidence error": 0.036190451691863905, 
      "mean": [
        30.649895107965705, 
        1.6329984310408263, 
        47.98151526486776, 
        239998416.17743412, 
        134.68737182473777
      ]
    }
  ], 
  "nested importance sampling global log-evidence error": 0.036190451691863905, 
  "nested sampling global log-evidence": -71.44000530863741, 
  "marginals": [
    {
      "5sigma": [
        0.030100035863133128, 
        188.82532820714746
      ], 
      "3sigma": [
        0.030100035863133128, 
        123.75052044138963
      ], 
      "median": 23.994324423950225, 
      "q90%": 108.45516355915484, 
      "q10%": 5.523398841592573, 
      "q25%": 11.86897261413372, 
      "q01%": 0.5102840052021793, 
      "q75%": 42.22676035458321, 
      "1sigma": [
        7.963783093506863, 
        52.01094398729991
      ], 
      "2sigma": [
        1.8597225528410264, 
        92.50518734741814
      ], 
      "q99%": 108.45516355915484, 
      "sigma": 22.023580446896524
    }, 
    {
      "5sigma": [
        1.5509578972830245, 
        1.7928021106911258
      ], 
      "3sigma": [
        1.5509578972830245, 
        1.7306580167295742
      ], 
      "median": 1.6272110077849011, 
      "q90%": 1.7096408331644855, 
      "q10%": 1.5901875586702507, 
      "q25%": 1.6080506069538958, 
      "q01%": 1.560315423297718, 
      "q75%": 1.6591205026720721, 
      "1sigma": [
        1.5990131635179605, 
        1.6798236585164956
      ], 
      "2sigma": [
        1.5676689098992147, 
        1.70215131524361
      ], 
      "q99%": 1.7096408331644855, 
      "sigma": 0.04040524749926755
    }, 
    {
      "5sigma": [
        0.49665236354011283, 
        99.52293942036663
      ], 
      "3sigma": [
        0.6425863268758196, 
        99.48358114641962
      ], 
      "median": 48.05832922171221, 
      "q90%": 97.98823089781632, 
      "q10%": 11.447631242663814, 
      "q25%": 23.592162621440295, 
      "q01%": 1.107347207442591, 
      "q75%": 69.82742782763056, 
      "1sigma": [
        16.147369391183855, 
        77.57703711156263
      ], 
      "2sigma": [
        2.396529450617483, 
        95.87172293403448
      ], 
      "q99%": 97.98823089781632, 
      "sigma": 30.714833860189387
    }, 
    {
      "5sigma": [
        10046051.141457269, 
        2397050440.6828356
      ], 
      "3sigma": [
        30881160.7034069, 
        1467567817.5398827
      ], 
      "median": 144487827.17325398, 
      "q90%": 990314121.3186842, 
      "q10%": 72624643.08731216, 
      "q25%": 95104517.26642466, 
      "q01%": 42359411.190003686, 
      "q75%": 273463401.9745275, 
      "1sigma": [
        79121940.5364026, 
        464929369.69437987
      ], 
      "2sigma": [
        53381296.54985228, 
        833657894.9727257
      ], 
      "q99%": 990314121.3186842, 
      "sigma": 192903714.57898864
    }, 
    {
      "5sigma": [
        131.8920280261509, 
        163.25789437107383
      ], 
      "3sigma": [
        131.8920280261509, 
        146.95550867729594
      ], 
      "median": 134.1750066039223, 
      "q90%": 142.31540671358414, 
      "q10%": 132.50081497385014, 
      "q25%": 133.0549466644608, 
      "q01%": 132.0421269891039, 
      "q75%": 135.5788169555447, 
      "1sigma": [
        132.7337027474989, 
        136.48205430017458
      ], 
      "2sigma": [
        132.1126232017508, 
        140.49937042888251
      ], 
      "q99%": 142.31540671358414, 
      "sigma": 1.874175776337836
    }
  ], 
  "global evidence error": 0.036190451691863905, 
  "nested sampling global log-evidence error": 0.2023936608758529
}