{
  "nested importance sampling global log-evidence": -53.86691092823708, 
  "global evidence": -53.86691092823708, 
  "modes": [
    {
      "index": 0, 
      "local log-evidence": -53.86691092823708, 
      "strictly local log-evidence": -53.86691092823708, 
      "local log-evidence error": 0.023614638281958356, 
      "maximum": [
        9.574595438235704, 
        1.5965029959152834, 
        21.400743599143887, 
        277011180.4370473, 
        90.65353200016054
      ], 
      "maximum a posterior": [
        9.574595438235704, 
        1.5965029959152834, 
        21.400743599143887, 
        277011180.4370473, 
        90.65353200016054
      ], 
      "sigma": [
        14.500300991765803, 
        0.029947946825358215, 
        27.091808131208563, 
        128150760.58614229, 
        3.0202176998516665
      ], 
      "strictly local log-evidence error": 0.023614638281958356, 
      "mean": [
        18.202233887232424, 
        1.6232344481964205, 
        44.9085046020868, 
        218142579.0019446, 
        95.60091319934635
      ]
    }
  ], 
  "nested importance sampling global log-evidence error": 0.023614638281958356, 
  "nested sampling global log-evidence": -52.802799822348426, 
  "marginals": [
    {
      "5sigma": [
        0.019717244602743482, 
        150.33304004798302
      ], 
      "3sigma": [
        0.019717244602743482, 
        67.05267050444722
      ], 
      "median": 14.27747047117299, 
      "q90%": 60.024932267226184, 
      "q10%": 2.6754544323854317, 
      "q25%": 7.104999034436531, 
      "q01%": 0.21867036134379508, 
      "q75%": 26.827110678726793, 
      "1sigma": [
        4.502365541002592, 
        32.77609726139695
      ], 
      "2sigma": [
        0.707446552560756, 
        52.66238187011878
      ], 
      "q99%": 60.024932267226184, 
      "sigma": 14.136865860197178
    }, 
    {
      "5sigma": [
        1.5377016525336018, 
        1.7918179474258873
      ], 
      "3sigma": [
        1.5377016525336018, 
        1.7082344954931081
      ], 
      "median": 1.6202964068144758, 
      "q90%": 1.6903285105776553, 
      "q10%": 1.5893380370611352, 
      "q25%": 1.599107395060911, 
      "q01%": 1.5638452252973278, 
      "q75%": 1.6425223410574705, 
      "1sigma": [
        1.594146498262184, 
        1.6571233194112631
      ], 
      "2sigma": [
        1.5765626488266682, 
        1.6844911512970349
      ], 
      "q99%": 1.6903285105776553, 
      "sigma": 0.03148841057453955
    }, 
    {
      "5sigma": [
        0.10619427192968703, 
        99.36184819101555
      ], 
      "3sigma": [
        0.36220924558621514, 
        99.29284649866565
      ], 
      "median": 41.69692929037918, 
      "q90%": 98.01001748576262, 
      "q10%": 9.21835203800894, 
      "q25%": 22.953504231397336, 
      "q01%": 1.1125889061159924, 
      "q75%": 66.90181030615979, 
      "1sigma": [
        14.247593946909364, 
        75.79629624701339
      ], 
      "2sigma": [
        2.6773022899072285, 
        96.3822368760297
      ], 
      "q99%": 98.01001748576262, 
      "sigma": 30.774351150052013
    }, 
    {
      "5sigma": [
        10569639.65294786, 
        1749751949.6949232
      ], 
      "3sigma": [
        19274745.929251038, 
        816503707.3915361
      ], 
      "median": 188159571.7892011, 
      "q90%": 578533271.019622, 
      "q10%": 75726626.43269525, 
      "q25%": 119039261.78937605, 
      "q01%": 40877542.03179202, 
      "q75%": 292159361.7173735, 
      "1sigma": [
        96006424.8761158, 
        348728096.4637784
      ], 
      "2sigma": [
        50037264.4511365, 
        506870120.75431406
      ], 
      "q99%": 578533271.019622, 
      "sigma": 126360835.79383129
    }, 
    {
      "5sigma": [
        90.65353200016054, 
        125.10978510710875
      ], 
      "3sigma": [
        90.65353200016054, 
        109.19808778263541
      ], 
      "median": 95.04203211350706, 
      "q90%": 104.46159233815165, 
      "q10%": 92.1476133183638, 
      "q25%": 93.43746990166014, 
      "q01%": 90.83950014568173, 
      "q75%": 97.42028664707095, 
      "1sigma": [
        92.70404452733337, 
        98.25061278807793
      ], 
      "2sigma": [
        91.22904776812759, 
        102.87670023835756
      ], 
      "q99%": 104.46159233815165, 
      "sigma": 2.773284130372282
    }
  ], 
  "global evidence error": 0.023614638281958356, 
  "nested sampling global log-evidence error": 0.2236591876645277
}