{
  "nested importance sampling global log-evidence": -30.686976441937194, 
  "global evidence": -30.686976441937194, 
  "modes": [
    {
      "index": 0, 
      "local log-evidence": -30.686976441937194, 
      "strictly local log-evidence": -30.686976441937194, 
      "local log-evidence error": 0.02730557406613539, 
      "maximum": [
        4.597019890095267, 
        1.641833994399968, 
        70.99711955751677, 
        19552073.930449527, 
        50.73587965897717
      ], 
      "maximum a posterior": [
        78.29475272427268, 
        1.6515508633431715, 
        56.532235453558556, 
        20244088.85877935, 
        52.90883742327984
      ], 
      "sigma": [
        35.75370012269456, 
        0.039710462709703, 
        28.254109482421185, 
        219013399.6735376, 
        2.11520882282077
      ], 
      "strictly local log-evidence error": 0.02730557406613539, 
      "mean": [
        45.118098263305384, 
        1.6488780674421335, 
        50.263140898448974, 
        96657158.52553841, 
        53.298982913733184
      ]
    }
  ], 
  "nested importance sampling global log-evidence error": 0.02730557406613539, 
  "nested sampling global log-evidence": -29.700331417931523, 
  "marginals": [
    {
      "5sigma": [
        0.10818906964429409, 
        339.78622616182116
      ], 
      "3sigma": [
        0.10818906964429409, 
        172.99491021965127
      ], 
      "median": 36.766774069059615, 
      "q90%": 150.87609913402903, 
      "q10%": 5.715363732920427, 
      "q25%": 16.30982761257483, 
      "q01%": 0.39685228272977396, 
      "q75%": 68.06028826981928, 
      "1sigma": [
        9.361723801248981, 
        82.20623683532143
      ], 
      "2sigma": [
        1.3202701240537484, 
        128.90971268634502
      ], 
      "q99%": 150.87609913402903, 
      "sigma": 36.422256517036224
    }, 
    {
      "5sigma": [
        1.542295414231268, 
        1.800135164995702
      ], 
      "3sigma": [
        1.5423825562102251, 
        1.7985102694350092
      ], 
      "median": 1.6490384424150917, 
      "q90%": 1.7453746206286709, 
      "q10%": 1.5979056357289645, 
      "q25%": 1.6223002939012314, 
      "q01%": 1.563789901595381, 
      "q75%": 1.676017398245053, 
      "1sigma": [
        1.6069059681052829, 
        1.6877047865702204
      ], 
      "2sigma": [
        1.5760109232617552, 
        1.7308935515522248
      ], 
      "q99%": 1.7453746206286709, 
      "sigma": 0.040399409232468764
    }, 
    {
      "5sigma": [
        0.03146529197692871, 
        99.92103666491516
      ], 
      "3sigma": [
        0.1637611780537758, 
        99.76149520156456
      ], 
      "median": 50.26569421325082, 
      "q90%": 98.88722238007745, 
      "q10%": 11.252417693442599, 
      "q25%": 24.476579239510546, 
      "q01%": 1.6533136026643995, 
      "q75%": 76.12360352642851, 
      "1sigma": [
        15.903789468743378, 
        82.14540549849384
      ], 
      "2sigma": [
        4.6831726666636495, 
        97.17328803435858
      ], 
      "q99%": 98.88722238007745, 
      "sigma": 33.12080801487523
    }, 
    {
      "5sigma": [
        10114277.110801194, 
        3685784066.4761114
      ], 
      "3sigma": [
        10114277.110801194, 
        1809438135.0548854
      ], 
      "median": 28464729.689034943, 
      "q90%": 1107709708.2757928, 
      "q10%": 12301274.887952618, 
      "q25%": 17144679.892320354, 
      "q01%": 10216840.297261016, 
      "q75%": 60825995.58988656, 
      "1sigma": [
        14232787.752166143, 
        116833084.28260191
      ], 
      "2sigma": [
        10739596.1209824, 
        871342771.6266682
      ], 
      "q99%": 1107709708.2757928, 
      "sigma": 51300148.265217885
    }, 
    {
      "5sigma": [
        50.73587965897717, 
        80.54886748573534
      ], 
      "3sigma": [
        50.73587965897717, 
        63.86308365963367
      ], 
      "median": 52.720326801795814, 
      "q90%": 60.76918928620489, 
      "q10%": 51.26281218690732, 
      "q25%": 51.74147016955205, 
      "q01%": 50.88766235510489, 
      "q75%": 54.55928449771041, 
      "1sigma": [
        51.44915499091023, 
        55.149213338911494
      ], 
      "2sigma": [
        50.9601584044742, 
        58.57673086399225
      ], 
      "q99%": 60.76918928620489, 
      "sigma": 1.8500291740006318
    }
  ], 
  "global evidence error": 0.02730557406613539, 
  "nested sampling global log-evidence error": 0.1746665383256094
}