{
  "nested importance sampling global log-evidence": -39.529412190306125, 
  "global evidence": -39.529412190306125, 
  "modes": [
    {
      "index": 0, 
      "local log-evidence": -39.529412190306125, 
      "strictly local log-evidence": -39.529412190306125, 
      "local log-evidence error": 0.028567954927735804, 
      "maximum": [
        19.291613507835464, 
        1.5788580825845935, 
        25.15665782508761, 
        447756258.4743331, 
        68.30836336914294
      ], 
      "maximum a posterior": [
        116.67910529095757, 
        1.6278861887025513, 
        73.8272875485522, 
        473452141.05415446, 
        70.40116151174485
      ], 
      "sigma": [
        51.1904578929543, 
        0.033407698535214934, 
        28.49936080575327, 
        217613658.53626612, 
        2.368926317387634
      ], 
      "strictly local log-evidence error": 0.028567954927735804, 
      "mean": [
        67.75488790530564, 
        1.637346054688704, 
        50.775467322256425, 
        285103231.58287233, 
        71.24347488082427
      ]
    }
  ], 
  "nested importance sampling global log-evidence error": 0.028567954927735804, 
  "nested sampling global log-evidence": -38.89376718497652, 
  "marginals": [
    {
      "5sigma": [
        0.11229841391554017, 
        471.17284122333933
      ], 
      "3sigma": [
        0.11229841391554017, 
        279.3805471290212
      ], 
      "median": 55.80373139492858, 
      "q90%": 227.60912622060178, 
      "q10%": 9.93230472568207, 
      "q25%": 27.01189849309156, 
      "q01%": 0.4063836709599349, 
      "q75%": 98.18207157797588, 
      "1sigma": [
        16.9785382866702, 
        124.16006240737401
      ], 
      "2sigma": [
        2.459202624693264, 
        185.04565480181634
      ], 
      "q99%": 227.60912622060178, 
      "sigma": 53.590762060351906
    }, 
    {
      "5sigma": [
        1.5463971146531081, 
        1.8159168502821608
      ], 
      "3sigma": [
        1.5463971146531081, 
        1.7326892668958371
      ], 
      "median": 1.6338779951873144, 
      "q90%": 1.720317748326439, 
      "q10%": 1.5971193197168518, 
      "q25%": 1.6158863146839333, 
      "q01%": 1.567327691690902, 
      "q75%": 1.655912115738779, 
      "1sigma": [
        1.6061586327421582, 
        1.6699650294907102
      ], 
      "2sigma": [
        1.575569069017222, 
        1.7115731544473225
      ], 
      "q99%": 1.720317748326439, 
      "sigma": 0.03190319837427602
    }, 
    {
      "5sigma": [
        0.2719194769782525, 
        99.9178542564088
      ], 
      "3sigma": [
        0.34228270209984857, 
        99.89281266723295
      ], 
      "median": 51.36417668268039, 
      "q90%": 99.35329879052529, 
      "q10%": 11.336572952368988, 
      "q25%": 25.77241181967634, 
      "q01%": 1.2704081742175313, 
      "q75%": 73.95621378193566, 
      "1sigma": [
        17.347640301456224, 
        83.37160683682539
      ], 
      "2sigma": [
        2.2267625652900795, 
        98.30446598976245
      ], 
      "q99%": 99.35329879052529, 
      "sigma": 33.011983267684585
    }, 
    {
      "5sigma": [
        10633842.529885424, 
        3292020388.2120085
      ], 
      "3sigma": [
        12705806.211080158, 
        1484629635.6953592
      ], 
      "median": 223623401.31414443, 
      "q90%": 971470316.8227562, 
      "q10%": 80031895.7602329, 
      "q25%": 124175195.40986302, 
      "q01%": 33875391.85887194, 
      "q75%": 416217578.48671836, 
      "1sigma": [
        99523379.45951967, 
        497264901.1424933
      ], 
      "2sigma": [
        46014702.17499472, 
        827874353.2965531
      ], 
      "q99%": 971470316.8227562, 
      "sigma": 198870760.8414868
    }, 
    {
      "5sigma": [
        68.30836336914294, 
        99.78507459461017
      ], 
      "3sigma": [
        68.30836336914294, 
        82.74754133615434
      ], 
      "median": 70.45158606085468, 
      "q90%": 79.46650867491881, 
      "q10%": 69.03683500941206, 
      "q25%": 69.59726699900946, 
      "q01%": 68.44478370817635, 
      "q75%": 72.20981198555421, 
      "1sigma": [
        69.29585057736138, 
        73.22105199216257
      ], 
      "2sigma": [
        68.64606537793908, 
        77.86932201920206
      ], 
      "q99%": 79.46650867491881, 
      "sigma": 1.9626007074005969
    }
  ], 
  "global evidence error": 0.028567954927735804, 
  "nested sampling global log-evidence error": 0.18088752705932754
}