{
  "nested importance sampling global log-evidence": -306.02622353717544, 
  "global evidence": -306.02622353717544, 
  "modes": [
    {
      "index": 0, 
      "local log-evidence": -306.02622353717544, 
      "strictly local log-evidence": -306.02622353717544, 
      "local log-evidence error": 0.031229365434811633, 
      "maximum": [
        60.590481753039896, 
        1.3444470135419657, 
        27.457002888341453, 
        594546117.9873403, 
        590.8181649869484
      ], 
      "maximum a posterior": [
        60.590481753039896, 
        1.3444470135419657, 
        27.457002888341453, 
        594546117.9873403, 
        590.8181649869484
      ], 
      "sigma": [
        15.754266338150387, 
        0.005067484084721686, 
        8.49395233767315, 
        237683185.57103267, 
        3.487895886696013
      ], 
      "strictly local log-evidence error": 0.031229365434811633, 
      "mean": [
        64.49669075592897, 
        1.3502732256992869, 
        25.858528543406955, 
        468241905.86181784, 
        596.0678254258748
      ]
    }
  ], 
  "nested importance sampling global log-evidence error": 0.031229365434811633, 
  "nested sampling global log-evidence": -305.68878636704585, 
  "marginals": [
    {
      "5sigma": [
        1.5627394393072769, 
        137.07568392637057
      ], 
      "3sigma": [
        21.46361646419035, 
        113.52796762065663
      ], 
      "median": 63.82540816977759, 
      "q90%": 101.75013192923316, 
      "q10%": 43.794526186498224, 
      "q25%": 53.462509011367835, 
      "q01%": 29.428725390592387, 
      "q75%": 74.73358943136097, 
      "1sigma": [
        47.993465638971514, 
        79.78307965289814
      ], 
      "2sigma": [
        35.27484363399505, 
        95.53785629678254
      ], 
      "q99%": 101.75013192923316, 
      "sigma": 15.894807006963312
    }, 
    {
      "5sigma": [
        1.3336372246083055, 
        1.3833578946236134
      ], 
      "3sigma": [
        1.3336372246083055, 
        1.3671111724869034
      ], 
      "median": 1.350108516349508, 
      "q90%": 1.3627630583545307, 
      "q10%": 1.344034930288076, 
      "q25%": 1.3469631685985166, 
      "q01%": 1.336630635925751, 
      "q75%": 1.3536244525948473, 
      "1sigma": [
        1.3454318614946026, 
        1.355416381586994
      ], 
      "2sigma": [
        1.3406805427767945, 
        1.3603113190893716
      ], 
      "q99%": 1.3627630583545307, 
      "sigma": 0.0049922600461956845
    }, 
    {
      "5sigma": [
        0.21260571239379977, 
        66.90099521528317
      ], 
      "3sigma": [
        4.330296101378489, 
        51.90945012148265
      ], 
      "median": 26.226597575748738, 
      "q90%": 44.123638540236854, 
      "q10%": 14.608634325889067, 
      "q25%": 19.561275661549104, 
      "q01%": 6.831272389686797, 
      "q75%": 31.73877731107811, 
      "1sigma": [
        16.889413999983518, 
        34.57568847423098
      ], 
      "2sigma": [
        8.884408978579563, 
        41.15623077884409
      ], 
      "q99%": 44.123638540236854, 
      "sigma": 8.843137237123731
    }, 
    {
      "5sigma": [
        47954662.785831094, 
        1391290886.8245182
      ], 
      "3sigma": [
        75466079.21466264, 
        1006927896.6760759
      ], 
      "median": 513748207.5952126, 
      "q90%": 903862018.3426212, 
      "q10%": 135660005.0352286, 
      "q25%": 202299037.88662568, 
      "q01%": 87208956.62709564, 
      "q75%": 657458309.066119, 
      "1sigma": [
        167055475.88490275, 
        708510299.6318504
      ], 
      "2sigma": [
        103533949.90117186, 
        869834754.9221433
      ], 
      "q99%": 903862018.3426212, 
      "sigma": 270727411.8734738
    }, 
    {
      "5sigma": [
        590.8181649869484, 
        626.8258168543531
      ], 
      "3sigma": [
        590.8181649869484, 
        611.2953083826441
      ], 
      "median": 595.6762328087374, 
      "q90%": 606.1122638654131, 
      "q10%": 591.9320218367483, 
      "q25%": 593.4045150702269, 
      "q01%": 590.9284811861219, 
      "q75%": 597.9899703149421, 
      "1sigma": [
        592.4986213623008, 
        599.3363707451194
      ], 
      "2sigma": [
        591.1014564680843, 
        604.6074967924436
      ], 
      "q99%": 606.1122638654131, 
      "sigma": 3.4188746914093144
    }
  ], 
  "global evidence error": 0.031229365434811633, 
  "nested sampling global log-evidence error": 0.2766744233579968
}