{
  "nested importance sampling global log-evidence": -470.26961769100024, 
  "global evidence": -470.26961769100024, 
  "modes": [
    {
      "index": 0, 
      "local log-evidence": -470.26961769100024, 
      "strictly local log-evidence": -470.26961769100024, 
      "local log-evidence error": 0.023801843555819432, 
      "maximum": [
        14.653286749517566, 
        1.3637319561119772, 
        17.955125288247586, 
        11975926.449865593, 
        922.7071240237055
      ], 
      "maximum a posterior": [
        18.854267963815957, 
        1.3669215200224318, 
        25.460293545651602, 
        14152691.997793132, 
        926.4465377605798
      ], 
      "sigma": [
        16.647080342998766, 
        0.007584245357983124, 
        4.678091862632922, 
        6674005.25226531, 
        2.1120836586063043
      ], 
      "strictly local log-evidence error": 0.023801843555819432, 
      "mean": [
        32.77858270418096, 
        1.3704615182578188, 
        17.53888715452387, 
        18171064.122792684, 
        926.1219394629793
      ]
    }
  ], 
  "nested importance sampling global log-evidence error": 0.023801843555819432, 
  "nested sampling global log-evidence": -469.09010975889396, 
  "marginals": [
    {
      "5sigma": [
        0.35823682416100605, 
        132.76570669648646
      ], 
      "3sigma": [
        0.4163146891969057, 
        83.41680751982328
      ], 
      "median": 31.710650836861724, 
      "q90%": 74.47574026964426, 
      "q10%": 11.462836646434342, 
      "q25%": 20.664146565632592, 
      "q01%": 1.724039292723079, 
      "q75%": 44.24697575787172, 
      "1sigma": [
        15.243964537915351, 
        50.0787120318738
      ], 
      "2sigma": [
        3.3295814043726644, 
        67.34065887958332
      ], 
      "q99%": 74.47574026964426, 
      "sigma": 17.417373746979223
    }, 
    {
      "5sigma": [
        1.3494618752944114, 
        1.401632646414343
      ], 
      "3sigma": [
        1.3497236960187018, 
        1.3997848824256873
      ], 
      "median": 1.3697736801335223, 
      "q90%": 1.3951165226577016, 
      "q10%": 1.3619692890879043, 
      "q25%": 1.3654674375694835, 
      "q01%": 1.3551280072753285, 
      "q75%": 1.3743054941661885, 
      "1sigma": [
        1.3634088465319858, 
        1.3770353267351583
      ], 
      "2sigma": [
        1.3582444308525325, 
        1.3889751642000363
      ], 
      "q99%": 1.3951165226577016, 
      "sigma": 0.006813240101586238
    }, 
    {
      "5sigma": [
        0.0869243531793214, 
        41.17670800391189
      ], 
      "3sigma": [
        3.6644834805278146, 
        30.550623858422174
      ], 
      "median": 17.448062743824174, 
      "q90%": 28.451860581890767, 
      "q10%": 11.781481545515716, 
      "q25%": 14.239268587807675, 
      "q01%": 6.630959987607921, 
      "q75%": 20.784564449524982, 
      "1sigma": [
        12.967582903624061, 
        22.309907830353993
      ], 
      "2sigma": [
        8.51294872216994, 
        26.776523541769926
      ], 
      "q99%": 28.451860581890767, 
      "sigma": 4.671162463364966
    }, 
    {
      "5sigma": [
        10120284.853229538, 
        50040552.410911
      ], 
      "3sigma": [
        10233715.37588744, 
        37964126.367236495
      ], 
      "median": 15679269.6756267, 
      "q90%": 32528688.810593933, 
      "q10%": 11378040.101499045, 
      "q25%": 12069076.059210634, 
      "q01%": 10389656.656364001, 
      "q75%": 24093105.994768355, 
      "1sigma": [
        11650842.387559753, 
        26150211.3730703
      ], 
      "2sigma": [
        10694414.482169572, 
        30903125.607777964
      ], 
      "q99%": 32528688.810593933, 
      "sigma": 7249684.492755273
    }, 
    {
      "5sigma": [
        922.7071240237055, 
        953.3302837076683
      ], 
      "3sigma": [
        922.7071240237055, 
        936.7196311033593
      ], 
      "median": 925.7729592261742, 
      "q90%": 933.1748266756679, 
      "q10%": 923.7894304120194, 
      "q25%": 924.7197393481995, 
      "q01%": 922.8329931098126, 
      "q75%": 926.9523421398189, 
      "1sigma": [
        924.2776261751537, 
        928.0472346836447
      ], 
      "2sigma": [
        923.1064924282254, 
        931.1610759678271
      ], 
      "q99%": 933.1748266756679, 
      "sigma": 1.8848042542454664
    }
  ], 
  "global evidence error": 0.023801843555819432, 
  "nested sampling global log-evidence error": 0.2455430721389625
}