{
  "nested importance sampling global log-evidence": -157.38653028099571, 
  "global evidence": -157.38653028099571, 
  "modes": [
    {
      "index": 0, 
      "local log-evidence": -157.38653028099571, 
      "strictly local log-evidence": -157.38653028099571, 
      "local log-evidence error": 0.0411781072585262, 
      "maximum": [
        33.56796621439568, 
        1.3391059387992401, 
        11.962996050680866, 
        102688640.32056612, 
        295.6503158355648
      ], 
      "maximum a posterior": [
        33.56796621439568, 
        1.3391059387992401, 
        11.962996050680866, 
        102688640.32056612, 
        295.6503158355648
      ], 
      "sigma": [
        19.91456819394731, 
        0.007982338430637542, 
        6.977842247189192, 
        91673501.40042916, 
        3.07660919683645
      ], 
      "strictly local log-evidence error": 0.0411781072585262, 
      "mean": [
        40.87685466748138, 
        1.3568025522080385, 
        11.403626938881278, 
        102911523.93444546, 
        300.86010831667954
      ]
    }
  ], 
  "nested importance sampling global log-evidence error": 0.0411781072585262, 
  "nested sampling global log-evidence": -156.3825596677619, 
  "marginals": [
    {
      "5sigma": [
        0.19046863938472697, 
        139.07221768459732
      ], 
      "3sigma": [
        0.19046863938472697, 
        107.62408525583945
      ], 
      "median": 40.01156598428919, 
      "q90%": 88.81380414163567, 
      "q10%": 14.799110258005234, 
      "q25%": 26.602864281425784, 
      "q01%": 2.3783953891961738, 
      "q75%": 53.951442794527296, 
      "1sigma": [
        20.123745093485816, 
        60.59941972847356
      ], 
      "2sigma": [
        5.477772145281947, 
        84.10542169381958
      ], 
      "q99%": 88.81380414163567, 
      "sigma": 20.237837317493874
    }, 
    {
      "5sigma": [
        1.331385387001253, 
        1.3908390650207318
      ], 
      "3sigma": [
        1.331385387001253, 
        1.388459376004018
      ], 
      "median": 1.3559336075595334, 
      "q90%": 1.3773011692971322, 
      "q10%": 1.347420347851869, 
      "q25%": 1.3513071713811622, 
      "q01%": 1.3391210277937589, 
      "q75%": 1.3612145409774947, 
      "1sigma": [
        1.3494754622143588, 
        1.3642749811365698
      ], 
      "2sigma": [
        1.3423340553618037, 
        1.3752487881989717
      ], 
      "q99%": 1.3773011692971322, 
      "sigma": 0.007399759461105493
    }, 
    {
      "5sigma": [
        0.02735568022595371, 
        63.234037942333515
      ], 
      "3sigma": [
        0.02735568022595371, 
        38.96709721526247
      ], 
      "median": 10.311674645177314, 
      "q90%": 30.361800344757118, 
      "q10%": 3.3145665534902022, 
      "q25%": 6.112475334516961, 
      "q01%": 0.5337875279142845, 
      "q75%": 15.840415509378825, 
      "1sigma": [
        4.620321621498481, 
        18.298968987067227
      ], 
      "2sigma": [
        0.9080788478085933, 
        27.784318817258114
      ], 
      "q99%": 30.361800344757118, 
      "sigma": 6.839323682784373
    }, 
    {
      "5sigma": [
        11955323.17529906, 
        1766449738.0604882
      ], 
      "3sigma": [
        31969527.121598482, 
        913271153.3313813
      ], 
      "median": 83507178.90268223, 
      "q90%": 701635666.3578153, 
      "q10%": 52132143.83125133, 
      "q25%": 62045049.43249311, 
      "q01%": 38026874.265923336, 
      "q75%": 111857230.63633405, 
      "1sigma": [
        54967818.331386834, 
        133079872.14710653
      ], 
      "2sigma": [
        42153093.02458906, 
        298237497.85102695
      ], 
      "q99%": 701635666.3578153, 
      "sigma": 39056026.90785985
    }, 
    {
      "5sigma": [
        295.6503158355648, 
        331.4012831710976
      ], 
      "3sigma": [
        295.6503158355648, 
        314.6029255231405
      ], 
      "median": 300.26500001925655, 
      "q90%": 310.38543276979095, 
      "q10%": 297.4436036625756, 
      "q25%": 298.48117865280835, 
      "q01%": 295.9701896139421, 
      "q75%": 302.5496813047585, 
      "1sigma": [
        297.8949464469048, 
        303.7928950740686
      ], 
      "2sigma": [
        296.66600341810937, 
        307.93495854202575
      ], 
      "q99%": 310.38543276979095, 
      "sigma": 2.948974313581914
    }
  ], 
  "global evidence error": 0.0411781072585262, 
  "nested sampling global log-evidence error": 0.24397757088353528
}