{
  "nested importance sampling global log-evidence": -173.8470141440227, 
  "global evidence": -173.8470141440227, 
  "modes": [
    {
      "index": 0, 
      "local log-evidence": -173.8470141440227, 
      "strictly local log-evidence": -173.8470141440227, 
      "local log-evidence error": 0.027548851822550215, 
      "maximum": [
        58.09160590291619, 
        1.3581520876019773, 
        15.035245445380452, 
        30234598.688538667, 
        333.1930370953239
      ], 
      "maximum a posterior": [
        104.45870037098786, 
        1.345225082036433, 
        2.9718119669243355, 
        19888572.304213095, 
        337.21329911025623
      ], 
      "sigma": [
        32.69353133227087, 
        0.007889647413445397, 
        8.367668596181009, 
        18728453.617980447, 
        2.254041242575358
      ], 
      "strictly local log-evidence error": 0.027548851822550215, 
      "mean": [
        53.74441242953882, 
        1.3645829695158134, 
        14.087504935370921, 
        29557178.930143263, 
        336.584087441241
      ]
    }
  ], 
  "nested importance sampling global log-evidence error": 0.027548851822550215, 
  "nested sampling global log-evidence": -172.9173845381407, 
  "marginals": [
    {
      "5sigma": [
        0.49406803948378947, 
        228.9616989718767
      ], 
      "3sigma": [
        0.49406803948378947, 
        160.38737484639793
      ], 
      "median": 51.50222246666213, 
      "q90%": 145.4087012530475, 
      "q10%": 12.983369171786617, 
      "q25%": 27.55851942354056, 
      "q01%": 1.739992760745497, 
      "q75%": 74.14111881977479, 
      "1sigma": [
        19.327559051923497, 
        87.57670624436075
      ], 
      "2sigma": [
        3.41639828763964, 
        128.66049682669438
      ], 
      "q99%": 145.4087012530475, 
      "sigma": 34.124573596218625
    }, 
    {
      "5sigma": [
        1.3436536568598134, 
        1.3956339068672887
      ], 
      "3sigma": [
        1.3438646159320038, 
        1.391560734159426
      ], 
      "median": 1.3649924156909194, 
      "q90%": 1.3852427621437031, 
      "q10%": 1.3544641890891698, 
      "q25%": 1.3593092681162235, 
      "q01%": 1.3451845007945689, 
      "q75%": 1.3696799384678862, 
      "1sigma": [
        1.3569589246507516, 
        1.3722541519607772
      ], 
      "2sigma": [
        1.3494402608356093, 
        1.3813802872001941
      ], 
      "q99%": 1.3852427621437031, 
      "sigma": 0.007647613655012764
    }, 
    {
      "5sigma": [
        0.01865981942497626, 
        84.14461244353957
      ], 
      "3sigma": [
        0.01865981942497626, 
        40.06726900540238
      ], 
      "median": 12.755862168520975, 
      "q90%": 35.5874189466942, 
      "q10%": 3.7345514258773034, 
      "q25%": 7.893892934869291, 
      "q01%": 0.307301209013623, 
      "q75%": 19.44252458715324, 
      "1sigma": [
        5.42171498081425, 
        22.43035495413145
      ], 
      "2sigma": [
        0.8996319168209548, 
        32.60284449939776
      ], 
      "q99%": 35.5874189466942, 
      "sigma": 8.504319986658599
    }, 
    {
      "5sigma": [
        10006714.519290121, 
        1346853416.8087475
      ], 
      "3sigma": [
        10015988.040796302, 
        149239647.36011273
      ], 
      "median": 28052674.197402798, 
      "q90%": 79680983.59914751, 
      "q10%": 12445073.68797185, 
      "q25%": 17319455.516656037, 
      "q01%": 10454259.539510105, 
      "q75%": 36829495.97108608, 
      "1sigma": [
        13429754.384573149, 
        41713525.52083173
      ], 
      "2sigma": [
        10807302.926888237, 
        66380948.55553749
      ], 
      "q99%": 79680983.59914751, 
      "sigma": 14141885.56812929
    }, 
    {
      "5sigma": [
        333.1930370953239, 
        365.725876785385
      ], 
      "3sigma": [
        333.1930370953239, 
        348.5853223986545
      ], 
      "median": 336.1446127262545, 
      "q90%": 343.9253660217904, 
      "q10%": 334.15139554562916, 
      "q25%": 334.96969276651413, 
      "q01%": 333.318076662011, 
      "q75%": 337.8942986871752, 
      "1sigma": [
        334.5278771989387, 
        338.6290918263713
      ], 
      "2sigma": [
        333.4784929280782, 
        342.0058168239993
      ], 
      "q99%": 343.9253660217904, 
      "sigma": 2.0506073137162844
    }
  ], 
  "global evidence error": 0.027548851822550215, 
  "nested sampling global log-evidence error": 0.21506605537711954
}