{
  "nested importance sampling global log-evidence": -127.7602664660871, 
  "global evidence": -127.7602664660871, 
  "modes": [
    {
      "index": 0, 
      "local log-evidence": -127.7602664660871, 
      "strictly local log-evidence": -127.7602664660871, 
      "local log-evidence error": 0.028265521035345006, 
      "maximum": [
        106.2511637562426, 
        1.3399421974939045, 
        4.488974355131023, 
        13159593.320485199, 
        239.7519507057483
      ], 
      "maximum a posterior": [
        122.51036806959884, 
        1.3715490665804366, 
        3.4037461689011583, 
        11116108.586238706, 
        245.08785647964922
      ], 
      "sigma": [
        45.81520179514606, 
        0.010054102329222152, 
        4.243313078143078, 
        141037559.829619, 
        2.9898240621637147
      ], 
      "strictly local log-evidence error": 0.028265521035345006, 
      "mean": [
        111.27332582695288, 
        1.364892973439987, 
        4.57041580940851, 
        72524652.46268345, 
        244.74418747453262
      ]
    }
  ], 
  "nested importance sampling global log-evidence error": 0.028265521035345006, 
  "nested sampling global log-evidence": -126.97039026399196, 
  "marginals": [
    {
      "5sigma": [
        0.640285094349297, 
        336.7841358319809
      ], 
      "3sigma": [
        8.29844565747147, 
        248.79738689998408
      ], 
      "median": 109.60614626665303, 
      "q90%": 222.9661930067526, 
      "q10%": 50.70241939802591, 
      "q25%": 79.55382953755526, 
      "q01%": 19.389649477031256, 
      "q75%": 143.61499348914316, 
      "1sigma": [
        59.30820384526193, 
        160.2436931393402
      ], 
      "2sigma": [
        30.153248520645448, 
        203.61629197719108
      ], 
      "q99%": 222.9661930067526, 
      "sigma": 50.46774464703913
    }, 
    {
      "5sigma": [
        1.3399421974939045, 
        1.3974573564274653
      ], 
      "3sigma": [
        1.3399421974939045, 
        1.396865650992059
      ], 
      "median": 1.3643628924600912, 
      "q90%": 1.391545789167141, 
      "q10%": 1.3520497507811913, 
      "q25%": 1.3576495350711415, 
      "q01%": 1.344010346712963, 
      "q75%": 1.3715348138469394, 
      "1sigma": [
        1.3543162850779042, 
        1.3745996951268118
      ], 
      "2sigma": [
        1.3461345042188795, 
        1.3850812235858885
      ], 
      "q99%": 1.391545789167141, 
      "sigma": 0.010141705024453773
    }, 
    {
      "5sigma": [
        0.0019130501223198378, 
        68.97206548647495
      ], 
      "3sigma": [
        0.0019130501223198378, 
        26.42582534619977
      ], 
      "median": 3.4774840599200676, 
      "q90%": 18.926977742929726, 
      "q10%": 0.6120792914879749, 
      "q25%": 1.4046064587706282, 
      "q01%": 0.029820773531751717, 
      "q75%": 6.327143006682832, 
      "1sigma": [
        0.8745837491532326, 
        8.151191679836995
      ], 
      "2sigma": [
        0.149625895475264, 
        15.415796032546329
      ], 
      "q99%": 18.926977742929726, 
      "sigma": 3.638303965341881
    }, 
    {
      "5sigma": [
        10020464.075575339, 
        4483654843.667904
      ], 
      "3sigma": [
        10389595.68035044, 
        1309962250.3175874
      ], 
      "median": 37487264.92004194, 
      "q90%": 759898066.3416985, 
      "q10%": 13777940.181812285, 
      "q25%": 21015460.794656496, 
      "q01%": 10928058.652754588, 
      "q75%": 61009061.12796914, 
      "1sigma": [
        16417312.500123935, 
        78854086.0013646
      ], 
      "2sigma": [
        11365080.527975012, 
        514088133.2487428
      ], 
      "q99%": 759898066.3416985, 
      "sigma": 31218386.750620335
    }, 
    {
      "5sigma": [
        239.7519507057483, 
        275.2064650476959
      ], 
      "3sigma": [
        239.7519507057483, 
        257.3021953415014
      ], 
      "median": 244.40422849219038, 
      "q90%": 253.00096827032885, 
      "q10%": 241.41204180945903, 
      "q25%": 242.4998151249427, 
      "q01%": 239.96887765148404, 
      "q75%": 246.2661396386613, 
      "1sigma": [
        241.8278504871533, 
        247.61906241264012
      ], 
      "2sigma": [
        240.29397439381972, 
        252.0666198592262
      ], 
      "q99%": 253.00096827032885, 
      "sigma": 2.895605962743403
    }
  ], 
  "global evidence error": 0.028265521035345006, 
  "nested sampling global log-evidence error": 0.21443638979249732
}