{
  "nested importance sampling global log-evidence": -123.63802678157681, 
  "global evidence": -123.63802678157681, 
  "modes": [
    {
      "index": 0, 
      "local log-evidence": -123.63802678157681, 
      "strictly local log-evidence": -123.63802678157681, 
      "local log-evidence error": 0.028985725785680625, 
      "maximum": [
        0.031449028920766044, 
        1.0097100617233747, 
        39.70201991769252, 
        5033279221.895724, 
        226.03099456549108
      ], 
      "maximum a posterior": [
        19.202989775878613, 
        1.012915050092887, 
        28.99974672084229, 
        5419539591.824233, 
        230.39150263167025
      ], 
      "sigma": [
        8.195091392491198, 
        0.005637426980275749, 
        10.263610117158985, 
        1451580671.984965, 
        3.132947931104653
      ], 
      "strictly local log-evidence error": 0.028985725785680625, 
      "mean": [
        10.071940153770802, 
        1.0093087951756132, 
        42.42964972235783, 
        3402169732.1940265, 
        230.63448177412775
      ]
    }
  ], 
  "nested importance sampling global log-evidence error": 0.028985725785680625, 
  "nested sampling global log-evidence": -123.12873142122187, 
  "marginals": [
    {
      "5sigma": [
        0.031449028920766044, 
        72.90328901612891
      ], 
      "3sigma": [
        0.031449028920766044, 
        43.59415315132462
      ], 
      "median": 7.927218362047959, 
      "q90%": 34.76410985612609, 
      "q10%": 1.4417082559330865, 
      "q25%": 3.599897858084022, 
      "q01%": 0.11711772421284221, 
      "q75%": 14.2655064925184, 
      "1sigma": [
        2.3392004936746793, 
        18.83269337136783
      ], 
      "2sigma": [
        0.2882595553111121, 
        30.97277522574824
      ], 
      "q99%": 34.76410985612609, 
      "sigma": 8.246746438846577
    }, 
    {
      "5sigma": [
        0.9457312185330669, 
        1.065400485178878
      ], 
      "3sigma": [
        0.9785230744257718, 
        1.033864937704323
      ], 
      "median": 1.0093824281317534, 
      "q90%": 1.0241596474758936, 
      "q10%": 1.0034151519813046, 
      "q25%": 1.0062016616903562, 
      "q01%": 0.9908991096312699, 
      "q75%": 1.0124977431603637, 
      "1sigma": [
        1.0049702815122732, 
        1.0139975756660655
      ], 
      "2sigma": [
        0.9986008228783699, 
        1.0198348185152628
      ], 
      "q99%": 1.0241596474758936, 
      "sigma": 0.004513647076896166
    }, 
    {
      "5sigma": [
        0.5995438047142065, 
        88.27938477268773
      ], 
      "3sigma": [
        13.934484672949006, 
        74.13517919758529
      ], 
      "median": 42.13601263052203, 
      "q90%": 65.75549235884333, 
      "q10%": 29.156839564733442, 
      "q25%": 35.57909736475455, 
      "q01%": 20.320928033481746, 
      "q75%": 49.13171026859882, 
      "1sigma": [
        32.00552947448013, 
        52.81054727657701
      ], 
      "2sigma": [
        22.01278951048818, 
        62.87276483127711
      ], 
      "q99%": 65.75549235884333, 
      "sigma": 10.402508901048442
    }, 
    {
      "5sigma": [
        95766564.57273984, 
        5686794723.210355
      ], 
      "3sigma": [
        618862249.9388198, 
        5679660425.8159685
      ], 
      "median": 3663882071.605785, 
      "q90%": 5652156917.969631, 
      "q10%": 1157466658.0892715, 
      "q25%": 1962518449.9261844, 
      "q01%": 860788157.0836633, 
      "q75%": 4604195834.092484, 
      "1sigma": [
        1535153280.1695764, 
        4927028938.963445
      ], 
      "2sigma": [
        990103327.4370124, 
        5599536741.658748
      ], 
      "q99%": 5652156917.969631, 
      "sigma": 1695937829.396934
    }, 
    {
      "5sigma": [
        226.03099456549108, 
        263.0318397345085
      ], 
      "3sigma": [
        226.03099456549108, 
        245.57069119456196
      ], 
      "median": 230.01869775598948, 
      "q90%": 240.71347465947463, 
      "q10%": 227.35667595228503, 
      "q25%": 228.32835263493465, 
      "q01%": 226.4481197423399, 
      "q75%": 232.25925213953028, 
      "1sigma": [
        227.73725874727887, 
        233.29404808603624
      ], 
      "2sigma": [
        226.60076279117885, 
        238.08844720287024
      ], 
      "q99%": 240.71347465947463, 
      "sigma": 2.7783946693786845
    }
  ], 
  "global evidence error": 0.028985725785680625, 
  "nested sampling global log-evidence error": 0.2794904387302718
}