{
  "nested importance sampling global log-evidence": -112.04170575051444, 
  "global evidence": -112.04170575051444, 
  "modes": [
    {
      "index": 0, 
      "local log-evidence": -112.04170575051444, 
      "strictly local log-evidence": -112.04170575051444, 
      "local log-evidence error": 0.071550120010538, 
      "maximum": [
        1.7724247484834121, 
        1.004989487717051, 
        42.595460338782175, 
        1464118185.0143824, 
        203.8662512812636
      ], 
      "maximum a posterior": [
        1.7724247484834121, 
        1.004989487717051, 
        42.595460338782175, 
        1464118185.0143824, 
        203.8662512812636
      ], 
      "sigma": [
        6.937591776404293, 
        0.01016801185495523, 
        11.805140414007708, 
        1175082976.6239202, 
        3.429615421902679
      ], 
      "strictly local log-evidence error": 0.071550120010538, 
      "mean": [
        7.551206583025129, 
        1.0006923864729713, 
        40.56475262500221, 
        1841759392.3335788, 
        209.00026117827633
      ]
    }
  ], 
  "nested importance sampling global log-evidence error": 0.071550120010538, 
  "nested sampling global log-evidence": -111.7533926075321, 
  "marginals": [
    {
      "5sigma": [
        0.01468961138161473, 
        69.0167105254796
      ], 
      "3sigma": [
        0.01468961138161473, 
        41.45625249753436
      ], 
      "median": 5.672132704684252, 
      "q90%": 29.2760341010605, 
      "q10%": 0.8766779474426221, 
      "q25%": 2.394504547365796, 
      "q01%": 0.10281242772314732, 
      "q75%": 10.06047651040281, 
      "1sigma": [
        1.4853812714635468, 
        13.594525936373127
      ], 
      "2sigma": [
        0.19235465280636627, 
        25.921167856867324
      ], 
      "q99%": 29.2760341010605, 
      "sigma": 6.05457233245479
    }, 
    {
      "5sigma": [
        0.8821608586846355, 
        1.0898784048169525
      ], 
      "3sigma": [
        0.925053185705394, 
        1.0305044823556975
      ], 
      "median": 1.0019163652221195, 
      "q90%": 1.0173861886573146, 
      "q10%": 0.9908804596358957, 
      "q25%": 0.9968948376252998, 
      "q01%": 0.9580343641350174, 
      "q75%": 1.0061874390691259, 
      "1sigma": [
        0.993799647975938, 
        1.0081983988958214
      ], 
      "2sigma": [
        0.9769768861608263, 
        1.0150470186001932
      ], 
      "q99%": 1.0173861886573146, 
      "sigma": 0.007199375459941704
    }, 
    {
      "5sigma": [
        0.24167364589111628, 
        92.66934011499642
      ], 
      "3sigma": [
        2.59951631758909, 
        77.09909123288222
      ], 
      "median": 40.41484931933439, 
      "q90%": 68.31601454601497, 
      "q10%": 26.09454337583401, 
      "q25%": 32.939100669949966, 
      "q01%": 10.795810610702496, 
      "q75%": 48.582405568846056, 
      "1sigma": [
        29.07065151021258, 
        52.33884424150467
      ], 
      "2sigma": [
        15.325087959604813, 
        64.4004671380848
      ], 
      "q99%": 68.31601454601497, 
      "sigma": 11.634096365646043
    }, 
    {
      "5sigma": [
        66595014.64676633, 
        5943938496.078209
      ], 
      "3sigma": [
        123348550.28447792, 
        5694803489.558873
      ], 
      "median": 1489780378.1096547, 
      "q90%": 5501952820.986951, 
      "q10%": 766854119.5371807, 
      "q25%": 1040585240.4954674, 
      "q01%": 257862825.76113933, 
      "q75%": 2223982625.383865, 
      "1sigma": [
        883804469.2923319, 
        2945192829.314829
      ], 
      "2sigma": [
        465483994.0622997, 
        5164233564.40255
      ], 
      "q99%": 5501952820.986951, 
      "sigma": 1030694180.0112485
    }, 
    {
      "5sigma": [
        203.8662512812636, 
        240.0844802200806
      ], 
      "3sigma": [
        203.8662512812636, 
        223.53575904954482
      ], 
      "median": 208.3157254219741, 
      "q90%": 219.1071810209512, 
      "q10%": 205.2214269633236, 
      "q25%": 206.41213528803897, 
      "q01%": 204.35803155252103, 
      "q75%": 210.94715021659397, 
      "1sigma": [
        205.6832341125606, 
        212.49269253747497
      ], 
      "2sigma": [
        204.5776094088504, 
        217.34577816449044
      ], 
      "q99%": 219.1071810209512, 
      "sigma": 3.404729212457184
    }
  ], 
  "global evidence error": 0.071550120010538, 
  "nested sampling global log-evidence error": 0.26931880770557154
}