{
  "nested importance sampling global log-evidence": -52.83777276881328, 
  "global evidence": -52.83777276881328, 
  "modes": [
    {
      "index": 0, 
      "local log-evidence": -52.83777276881328, 
      "strictly local log-evidence": -52.83777276881328, 
      "local log-evidence error": 0.022771429995688406, 
      "maximum": [
        1.1963621642927358, 
        1.0303544440337133, 
        33.64686295319046, 
        667925870.2312127, 
        89.274039203743
      ], 
      "maximum a posterior": [
        14.421204782521365, 
        0.998949588056465, 
        34.328406657439665, 
        1226616688.4142213, 
        95.00557502977499
      ], 
      "sigma": [
        10.894545371580346, 
        0.025499156034272715, 
        12.802697573764068, 
        516330702.07622653, 
        2.8505234826251575
      ], 
      "strictly local log-evidence error": 0.022771429995688406, 
      "mean": [
        11.809000172038196, 
        1.0179893988187227, 
        32.156376368009205, 
        547566858.2904636, 
        93.83347977285153
      ]
    }
  ], 
  "nested importance sampling global log-evidence error": 0.022771429995688406, 
  "nested sampling global log-evidence": -51.8159267878763, 
  "marginals": [
    {
      "5sigma": [
        0.028664077750881603, 
        119.97370482235398
      ], 
      "3sigma": [
        0.028664077750881603, 
        83.16034472941699
      ], 
      "median": 8.905797298334765, 
      "q90%": 46.41169580622827, 
      "q10%": 1.473695516548107, 
      "q25%": 3.4352358121745095, 
      "q01%": 0.11910385649746587, 
      "q75%": 17.20332383585329, 
      "1sigma": [
        2.2364169035483585, 
        21.44817327789406
      ], 
      "2sigma": [
        0.30506243819768836, 
        39.591221279437356
      ], 
      "q99%": 46.41169580622827, 
      "sigma": 9.60587818717285
    }, 
    {
      "5sigma": [
        0.8450318961155409, 
        1.0840511735326843
      ], 
      "3sigma": [
        0.8881210337272014, 
        1.0736894879500203
      ], 
      "median": 1.0217946643467997, 
      "q90%": 1.0679070710474583, 
      "q10%": 0.9846210347920059, 
      "q25%": 1.003882249339856, 
      "q01%": 0.9481313858447246, 
      "q75%": 1.0330736795708768, 
      "1sigma": [
        0.9929539672714423, 
        1.041683003259945
      ], 
      "2sigma": [
        0.9624036354031198, 
        1.0631606172349783
      ], 
      "q99%": 1.0679070710474583, 
      "sigma": 0.024364517994251322
    }, 
    {
      "5sigma": [
        0.07438526262674114, 
        95.36862970345413
      ], 
      "3sigma": [
        0.3565541023900594, 
        79.3739228325082
      ], 
      "median": 32.508602827807046, 
      "q90%": 63.56658756425548, 
      "q10%": 15.490305101766184, 
      "q25%": 23.84160454174378, 
      "q01%": 2.737081434360074, 
      "q75%": 39.952818464877986, 
      "1sigma": [
        19.36951147844392, 
        45.000776265718976
      ], 
      "2sigma": [
        5.4939029861464, 
        56.4967528968047
      ], 
      "q99%": 63.56658756425548, 
      "sigma": 12.815632393637529
    }, 
    {
      "5sigma": [
        11173064.673252212, 
        5483849528.119525
      ], 
      "3sigma": [
        42606202.65579888, 
        4652704125.546396
      ], 
      "median": 428351239.01869136, 
      "q90%": 2244954120.040414, 
      "q10%": 100179891.47940871, 
      "q25%": 189023378.4895081, 
      "q01%": 54591468.04039191, 
      "q75%": 714387610.3134333, 
      "1sigma": [
        138777452.02725008, 
        895423593.9774116
      ], 
      "2sigma": [
        61172769.06906583, 
        1911028153.5691853
      ], 
      "q99%": 2244954120.040414, 
      "sigma": 378323070.9750808
    }, 
    {
      "5sigma": [
        89.274039203743, 
        123.2867195950481
      ], 
      "3sigma": [
        89.274039203743, 
        106.86158588995896
      ], 
      "median": 93.49232485612812, 
      "q90%": 102.89956460092132, 
      "q10%": 90.51129716290215, 
      "q25%": 91.60859371757397, 
      "q01%": 89.36422852671114, 
      "q75%": 95.34104739103383, 
      "1sigma": [
        90.9932322420625, 
        96.52621104790462
      ], 
      "2sigma": [
        89.62080216200829, 
        100.7183490883223
      ], 
      "q99%": 102.89956460092132, 
      "sigma": 2.76648940292106
    }
  ], 
  "global evidence error": 0.022771429995688406, 
  "nested sampling global log-evidence error": 0.22134106942567713
}