{
  "nested importance sampling global log-evidence": -56.42478829102655, 
  "global evidence": -56.42478829102655, 
  "modes": [
    {
      "index": 0, 
      "local log-evidence": -56.42478829102655, 
      "strictly local log-evidence": -56.42478829102655, 
      "local log-evidence error": 0.025058815756218007, 
      "maximum": [
        0.4210529534114988, 
        1.0237818672174512, 
        28.84638626126087, 
        1449645195.8399272, 
        96.67023195963792
      ], 
      "maximum a posterior": [
        0.290439179898492, 
        1.0004707074403385, 
        11.648040857532196, 
        1084495263.584565, 
        100.75537604457756
      ], 
      "sigma": [
        12.283268993484906, 
        0.017230413279054294, 
        13.760166532411414, 
        1291152742.7646024, 
        2.860479053129072
      ], 
      "strictly local log-evidence error": 0.025058815756218007, 
      "mean": [
        15.172929989856057, 
        1.0235806672993193, 
        27.049539725421745, 
        1915016316.2046914, 
        100.7714318780952
      ]
    }
  ], 
  "nested importance sampling global log-evidence error": 0.025058815756218007, 
  "nested sampling global log-evidence": -55.87429624867531, 
  "marginals": [
    {
      "5sigma": [
        0.0596242963000566, 
        107.63839033636084
      ], 
      "3sigma": [
        0.0596242963000566, 
        66.28408517813102
      ], 
      "median": 12.70216716214287, 
      "q90%": 54.08387315204906, 
      "q10%": 2.4287064269515084, 
      "q25%": 5.315929493796295, 
      "q01%": 0.24652431467041427, 
      "q75%": 21.04373941082776, 
      "1sigma": [
        3.768561616451085, 
        26.576894640019745
      ], 
      "2sigma": [
        0.5685872805621122, 
        45.18186948560908
      ], 
      "q99%": 54.08387315204906, 
      "sigma": 11.40416651178433
    }, 
    {
      "5sigma": [
        0.8841532754526036, 
        1.1372900074204706
      ], 
      "3sigma": [
        0.9500913300336374, 
        1.0973060569066906
      ], 
      "median": 1.0234877085464062, 
      "q90%": 1.0784588605381071, 
      "q10%": 1.004786184100397, 
      "q25%": 1.0140782151747871, 
      "q01%": 0.977349851459941, 
      "q75%": 1.0315013863290472, 
      "1sigma": [
        1.0101218795983118, 
        1.0361463618100584
      ], 
      "2sigma": [
        0.9904592775930925, 
        1.0621379108106526
      ], 
      "q99%": 1.0784588605381071, 
      "sigma": 0.01301224110587329
    }, 
    {
      "5sigma": [
        0.05573066488708586, 
        97.6193084470886
      ], 
      "3sigma": [
        0.218076220427375, 
        69.98009845007088
      ], 
      "median": 26.291380065607516, 
      "q90%": 61.173367737249954, 
      "q10%": 10.020605014704321, 
      "q25%": 16.589114114556356, 
      "q01%": 1.7379736994073183, 
      "q75%": 35.18659082179308, 
      "1sigma": [
        12.836621263013587, 
        41.06188439225936
      ], 
      "2sigma": [
        3.4991172089163087, 
        56.523493855860046
      ], 
      "q99%": 61.173367737249954, 
      "sigma": 14.112631564622886
    }, 
    {
      "5sigma": [
        46901126.02582033, 
        5842488211.09471
      ], 
      "3sigma": [
        82798726.97247647, 
        5665938588.71392
      ], 
      "median": 1529064218.0886514, 
      "q90%": 5497538429.710282, 
      "q10%": 662486920.6280931, 
      "q25%": 1028002635.5857189, 
      "q01%": 187888000.40295056, 
      "q75%": 2453771962.0460825, 
      "1sigma": [
        807142248.2160542, 
        3160977215.8957872
      ], 
      "2sigma": [
        307829090.9735369, 
        5295532875.425921
      ], 
      "q99%": 5497538429.710282, 
      "sigma": 1176917483.8398666
    }, 
    {
      "5sigma": [
        96.67023195963792, 
        129.48864055486402
      ], 
      "3sigma": [
        96.67023195963792, 
        113.90795069854889
      ], 
      "median": 100.14472135556743, 
      "q90%": 109.969964393421, 
      "q10%": 97.76916997118451, 
      "q25%": 98.648754991553, 
      "q01%": 96.8376559739449, 
      "q75%": 102.31830053568544, 
      "1sigma": [
        98.20806516246972, 
        103.48024234262438
      ], 
      "2sigma": [
        97.01580451032768, 
        107.77713026069978
      ], 
      "q99%": 109.969964393421, 
      "sigma": 2.6360885900773283
    }
  ], 
  "global evidence error": 0.025058815756218007, 
  "nested sampling global log-evidence error": 0.2342771928640613
}