{
  "nested importance sampling global log-evidence": -44.41771938426954, 
  "global evidence": -44.41771938426954, 
  "modes": [
    {
      "index": 0, 
      "local log-evidence": -44.41771938426954, 
      "strictly local log-evidence": -44.41771938426954, 
      "local log-evidence error": 0.0229871944869787, 
      "maximum": [
        8.282440840060056, 
        1.0150249982965145, 
        59.37098489512588, 
        1040736697.4339402, 
        76.37114771034382
      ], 
      "maximum a posterior": [
        13.621859092476537, 
        1.0284466181130392, 
        29.286529625774993, 
        222147350.70967695, 
        80.58091887710249
      ], 
      "sigma": [
        25.944713483990483, 
        0.022096357502128842, 
        22.275392848249787, 
        1655421530.6662686, 
        2.37921125065982
      ], 
      "strictly local log-evidence error": 0.0229871944869787, 
      "mean": [
        35.6839985934735, 
        1.0223971737212971, 
        43.745761371060134, 
        1972887404.6851466, 
        80.07681040354397
      ]
    }
  ], 
  "nested importance sampling global log-evidence error": 0.0229871944869787, 
  "nested sampling global log-evidence": -43.623291460370574, 
  "marginals": [
    {
      "5sigma": [
        0.09266223673195302, 
        226.20487933611827
      ], 
      "3sigma": [
        0.09266223673195302, 
        137.0074400552521
      ], 
      "median": 31.575719178138108, 
      "q90%": 109.46888446531482, 
      "q10%": 6.5687524860060424, 
      "q25%": 14.832629403358755, 
      "q01%": 0.515945711676326, 
      "q75%": 50.85996338012697, 
      "1sigma": [
        9.345103603262048, 
        62.697843911896115
      ], 
      "2sigma": [
        1.3045296453451765, 
        98.60241859581808
      ], 
      "q99%": 109.46888446531482, 
      "sigma": 26.676370154317034
    }, 
    {
      "5sigma": [
        0.8713748434729581, 
        1.1295122364846415
      ], 
      "3sigma": [
        0.9477628498463108, 
        1.1091028157874638
      ], 
      "median": 1.0195983057349984, 
      "q90%": 1.0947414493644705, 
      "q10%": 0.9995097914134868, 
      "q25%": 1.010446876228134, 
      "q01%": 0.9775571306393355, 
      "q75%": 1.0307063379306347, 
      "1sigma": [
        1.005332426149623, 
        1.0395301809463138
      ], 
      "2sigma": [
        0.983974499643403, 
        1.0817910965760706
      ], 
      "q99%": 1.0947414493644705, 
      "sigma": 0.01709887739834537
    }, 
    {
      "5sigma": [
        0.2550672631130206, 
        99.84094197884235
      ], 
      "3sigma": [
        0.44775982154204574, 
        96.7998446477496
      ], 
      "median": 43.27654918409552, 
      "q90%": 93.36679184560661, 
      "q10%": 12.099677739381868, 
      "q25%": 26.71184895381755, 
      "q01%": 2.1917788237746194, 
      "q75%": 59.0367016513269, 
      "1sigma": [
        18.062470775125544, 
        68.03627733808368
      ], 
      "2sigma": [
        5.652654253427289, 
        86.82120267779808
      ], 
      "q99%": 93.36679184560661, 
      "sigma": 24.986903281479066
    }, 
    {
      "5sigma": [
        10342797.83105886, 
        5668193918.559307
      ], 
      "3sigma": [
        54874752.241428636, 
        5664298756.156213
      ], 
      "median": 1360206528.2630553, 
      "q90%": 5573396451.841385, 
      "q10%": 232965408.00584817, 
      "q25%": 587482034.7043204, 
      "q01%": 67309467.62740603, 
      "q75%": 3380602234.265879, 
      "1sigma": [
        336155410.29281545, 
        4036535441.6072526
      ], 
      "2sigma": [
        88417677.57448162, 
        5374141485.338013
      ], 
      "q99%": 5573396451.841385, 
      "sigma": 1850190015.6572185
    }, 
    {
      "5sigma": [
        76.37114771034382, 
        107.74927190244343
      ], 
      "3sigma": [
        76.37114771034382, 
        91.20468181331117
      ], 
      "median": 79.53943368994395, 
      "q90%": 87.79115039077021, 
      "q10%": 77.62267727103198, 
      "q25%": 78.34536598106081, 
      "q01%": 76.44770333337783, 
      "q75%": 81.12501350394533, 
      "1sigma": [
        77.91385596846327, 
        82.48273220579368
      ], 
      "2sigma": [
        76.94438188357292, 
        85.9296575088886
      ], 
      "q99%": 87.79115039077021, 
      "sigma": 2.284438118665207
    }
  ], 
  "global evidence error": 0.0229871944869787, 
  "nested sampling global log-evidence error": 0.18933795865058095
}