{
  "nested importance sampling global log-evidence": -32.61198241287273, 
  "global evidence": -32.61198241287273, 
  "modes": [
    {
      "index": 0, 
      "local log-evidence": -32.61198241287273, 
      "strictly local log-evidence": -32.61198241287273, 
      "local log-evidence error": 0.025407700241806226, 
      "maximum": [
        4.348454790465048, 
        0.9915000743974888, 
        44.629878859717145, 
        1007668619.329449, 
        53.832045005242065
      ], 
      "maximum a posterior": [
        14.60086781383046, 
        0.9422059757447954, 
        13.983147732186424, 
        4867257839.249593, 
        57.17419280474611
      ], 
      "sigma": [
        24.10919120416456, 
        0.028727023305671427, 
        23.036644674732003, 
        1389109607.4136257, 
        2.1882690326853127
      ], 
      "strictly local log-evidence error": 0.025407700241806226, 
      "mean": [
        30.64225627810126, 
        1.0016494846404569, 
        41.55876306482246, 
        1542526206.4554, 
        56.96596948878921
      ]
    }
  ], 
  "nested importance sampling global log-evidence error": 0.025407700241806226, 
  "nested sampling global log-evidence": -31.90932517068426, 
  "marginals": [
    {
      "5sigma": [
        0.02983327039827812, 
        226.47454078147948
      ], 
      "3sigma": [
        0.02983327039827812, 
        138.0926983058794
      ], 
      "median": 24.471490471059266, 
      "q90%": 109.64603001525094, 
      "q10%": 4.83741936627548, 
      "q25%": 12.052017860354386, 
      "q01%": 0.3144089020020982, 
      "q75%": 44.55246216924294, 
      "1sigma": [
        7.425270194597598, 
        56.66346810181256
      ], 
      "2sigma": [
        1.003536308235586, 
        87.16927070960767
      ], 
      "q99%": 109.64603001525094, 
      "sigma": 24.619098953607484
    }, 
    {
      "5sigma": [
        0.8578036394958164, 
        1.1194246424923193
      ], 
      "3sigma": [
        0.8578036394958164, 
        1.1082577003968406
      ], 
      "median": 1.0008979539955294, 
      "q90%": 1.0747382888862353, 
      "q10%": 0.9707640009496507, 
      "q25%": 0.9844049390356882, 
      "q01%": 0.9263689952766818, 
      "q75%": 1.02060003506996, 
      "1sigma": [
        0.975589282085351, 
        1.0289667691891182
      ], 
      "2sigma": [
        0.940879126090881, 
        1.05551047579214
      ], 
      "q99%": 1.0747382888862353, 
      "sigma": 0.02668874355188361
    }, 
    {
      "5sigma": [
        0.5490261598359994, 
        99.41460418498284
      ], 
      "3sigma": [
        0.5490261598359994, 
        99.27032007184695
      ], 
      "median": 40.20839813691782, 
      "q90%": 95.84943198064167, 
      "q10%": 11.653277797118418, 
      "q25%": 24.004969592365207, 
      "q01%": 1.6786058364241827, 
      "q75%": 59.625707284753375, 
      "1sigma": [
        15.492054616161015, 
        67.39229186094347
      ], 
      "2sigma": [
        3.438725290218354, 
        87.87613485546329
      ], 
      "q99%": 95.84943198064167, 
      "sigma": 25.95011862239123
    }, 
    {
      "5sigma": [
        10061455.737207748, 
        5997648178.688387
      ], 
      "3sigma": [
        29094994.35646198, 
        5748637572.875791
      ], 
      "median": 1092536468.3451228, 
      "q90%": 5390779213.252541, 
      "q10%": 211502734.03386292, 
      "q25%": 468710300.03756434, 
      "q01%": 49847427.44391702, 
      "q75%": 2241025954.837494, 
      "1sigma": [
        302246040.19328624, 
        3062735400.689631
      ], 
      "2sigma": [
        72897298.75157554, 
        4892861579.244366
      ], 
      "q99%": 5390779213.252541, 
      "sigma": 1380244680.2481723
    }, 
    {
      "5sigma": [
        53.832045005242065, 
        83.40462628458349
      ], 
      "3sigma": [
        53.832045005242065, 
        68.19576831089186
      ], 
      "median": 56.44258160528378, 
      "q90%": 64.81952132439126, 
      "q10%": 54.77419655964175, 
      "q25%": 55.40546946158224, 
      "q01%": 54.04313333895014, 
      "q75%": 58.13631230119366, 
      "1sigma": [
        55.030053980784004, 
        58.97914730799823
      ], 
      "2sigma": [
        54.376735382348556, 
        62.283997311925766
      ], 
      "q99%": 64.81952132439126, 
      "sigma": 1.9745466636071143
    }
  ], 
  "global evidence error": 0.025407700241806226, 
  "nested sampling global log-evidence error": 0.1851037662039637
}