{
  "nested importance sampling global log-evidence": -145.3057769224618, 
  "global evidence": -145.3057769224618, 
  "modes": [
    {
      "index": 0, 
      "local log-evidence": -145.3057769224618, 
      "strictly local log-evidence": -145.3057769224618, 
      "local log-evidence error": 0.03472775537722633, 
      "maximum": [
        4.069673062505444, 
        1.0844919146349223, 
        39.315188456273596, 
        463891116.5566292, 
        271.9698021069505
      ], 
      "maximum a posterior": [
        20.251782262225127, 
        1.080453545825517, 
        30.195667698628103, 
        597158331.3209143, 
        277.0460007373418
      ], 
      "sigma": [
        9.042335141225385, 
        0.01716084862147913, 
        11.102715018759362, 
        237368295.97158667, 
        3.1181052257039616
      ], 
      "strictly local log-evidence error": 0.03472775537722633, 
      "mean": [
        10.85436823778711, 
        1.0819373740792408, 
        35.38504127939058, 
        352402094.1062731, 
        276.31108453295656
      ]
    }
  ], 
  "nested importance sampling global log-evidence error": 0.03472775537722633, 
  "nested sampling global log-evidence": -144.7542023636124, 
  "marginals": [
    {
      "5sigma": [
        0.03380954039680379, 
        78.85829855606619
      ], 
      "3sigma": [
        0.03587389029799897, 
        55.37470655017118
      ], 
      "median": 8.494616084988039, 
      "q90%": 40.31825537877218, 
      "q10%": 1.692115652382091, 
      "q25%": 3.686047576786104, 
      "q01%": 0.12441133140345935, 
      "q75%": 15.924628212192852, 
      "1sigma": [
        2.46251738113848, 
        19.33551311195047
      ], 
      "2sigma": [
        0.4173168421360319, 
        32.262226042209356
      ], 
      "q99%": 40.31825537877218, 
      "sigma": 8.436497865405995
    }, 
    {
      "5sigma": [
        0.9464242611312316, 
        1.1561524565830452
      ], 
      "3sigma": [
        0.9653470626799895, 
        1.1193498671703652
      ], 
      "median": 1.0844730820385675, 
      "q90%": 1.1059116157982953, 
      "q10%": 1.0719527070752035, 
      "q25%": 1.0790159367469183, 
      "q01%": 0.9942978437259843, 
      "q75%": 1.0895292488115103, 
      "1sigma": [
        1.0762208198630454, 
        1.092552384981654
      ], 
      "2sigma": [
        1.0155479419633786, 
        1.0991755925309863
      ], 
      "q99%": 1.1059116157982953, 
      "sigma": 0.008165782559304335
    }, 
    {
      "5sigma": [
        0.10430561014702112, 
        90.52526115369204
      ], 
      "3sigma": [
        4.812931639185767, 
        64.91036727505936
      ], 
      "median": 35.46979389095778, 
      "q90%": 59.5848379036285, 
      "q10%": 21.154481973548965, 
      "q25%": 27.718709117252217, 
      "q01%": 8.700849182741683, 
      "q75%": 43.00465168868588, 
      "1sigma": [
        25.008529660638914, 
        46.96804531643636
      ], 
      "2sigma": [
        13.088210340969852, 
        58.015990345389575
      ], 
      "q99%": 59.5848379036285, 
      "sigma": 10.979757827898723
    }, 
    {
      "5sigma": [
        13516482.776968582, 
        4301384069.676109
      ], 
      "3sigma": [
        46138476.073642544, 
        1640285202.3599248
      ], 
      "median": 312927300.8271077, 
      "q90%": 1218030434.989833, 
      "q10%": 102317278.3277837, 
      "q25%": 169689938.090377, 
      "q01%": 60845772.40366695, 
      "q75%": 482992622.2211104, 
      "1sigma": [
        126786956.33754681, 
        559399815.6739248
      ], 
      "2sigma": [
        69109587.19611402, 
        890945236.2922595
      ], 
      "q99%": 1218030434.989833, 
      "sigma": 216306429.668189
    }, 
    {
      "5sigma": [
        271.9698021069505, 
        306.3426163378066
      ], 
      "3sigma": [
        271.9698021069505, 
        290.30960905397126
      ], 
      "median": 275.75222819769175, 
      "q90%": 286.4222048656487, 
      "q10%": 273.02919332501466, 
      "q25%": 273.9888235276992, 
      "q01%": 272.1327572550347, 
      "q75%": 277.895845238209, 
      "1sigma": [
        273.3889423762335, 
        279.2818900229434
      ], 
      "2sigma": [
        272.31396747980966, 
        283.91728233595364
      ], 
      "q99%": 286.4222048656487, 
      "sigma": 2.9464738233549497
    }
  ], 
  "global evidence error": 0.03472775537722633, 
  "nested sampling global log-evidence error": 0.2568785724254683
}