{
  "nested importance sampling global log-evidence": -108.50218911822046, 
  "global evidence": -108.50218911822046, 
  "modes": [
    {
      "index": 0, 
      "local log-evidence": -108.50218911822046, 
      "strictly local log-evidence": -108.50218911822046, 
      "local log-evidence error": 0.08728087963205002, 
      "maximum": [
        1.725593046930336, 
        1.080861081004658, 
        68.58125940693074, 
        10065636.78820587, 
        195.6413052633996
      ], 
      "maximum a posterior": [
        1.725593046930336, 
        1.080861081004658, 
        68.58125940693074, 
        10065636.78820587, 
        195.6413052633996
      ], 
      "sigma": [
        6.527017483889879, 
        0.011110229684087088, 
        11.867032852859415, 
        16507108.60598942, 
        3.4806867768038345
      ], 
      "strictly local log-evidence error": 0.08728087963205002, 
      "mean": [
        6.774016831002991, 
        1.07690942431231, 
        57.36514524344602, 
        23869597.421747662, 
        201.26716724491513
      ]
    }
  ], 
  "nested importance sampling global log-evidence error": 0.08728087963205002, 
  "nested sampling global log-evidence": -107.99377106457725, 
  "marginals": [
    {
      "5sigma": [
        0.008345799354863079, 
        80.15402421135397
      ], 
      "3sigma": [
        0.011637313219694018, 
        39.433881928358936
      ], 
      "median": 4.560473728276076, 
      "q90%": 28.79906185539794, 
      "q10%": 0.7428362469806569, 
      "q25%": 1.9690924764780275, 
      "q01%": 0.09558385090161892, 
      "q75%": 9.449695320725109, 
      "1sigma": [
        1.2423858606813398, 
        12.529999288880676
      ], 
      "2sigma": [
        0.19706299847813077, 
        24.24568833921508
      ], 
      "q99%": 28.79906185539794, 
      "sigma": 5.643806714099668
    }, 
    {
      "5sigma": [
        0.9570568710301903, 
        1.1241506369301453
      ], 
      "3sigma": [
        1.004132671440947, 
        1.1023198205257578
      ], 
      "median": 1.0785339908298395, 
      "q90%": 1.095276304067867, 
      "q10%": 1.06570250392411, 
      "q25%": 1.0726745038191694, 
      "q01%": 1.0276618011624323, 
      "q75%": 1.083417922329923, 
      "1sigma": [
        1.0684426518603145, 
        1.0856139689214475
      ], 
      "2sigma": [
        1.0529545265651898, 
        1.0926850266509716
      ], 
      "q99%": 1.095276304067867, 
      "sigma": 0.008585658530566476
    }, 
    {
      "5sigma": [
        4.597377805940895, 
        97.35098146115352
      ], 
      "3sigma": [
        22.02945391812547, 
        92.15162165372597
      ], 
      "median": 57.25321419951838, 
      "q90%": 84.0084207770786, 
      "q10%": 42.221910203733756, 
      "q25%": 49.3859285015323, 
      "q01%": 28.089954199830746, 
      "q75%": 65.77335221563642, 
      "1sigma": [
        45.80784748812502, 
        69.42485888627708
      ], 
      "2sigma": [
        34.157229625101955, 
        80.22095320419602
      ], 
      "q99%": 84.0084207770786, 
      "sigma": 11.80850569907603
    }, 
    {
      "5sigma": [
        10009333.753292618, 
        502177591.33028275
      ], 
      "3sigma": [
        10015902.479933076, 
        158567053.82088083
      ], 
      "median": 19877905.958536103, 
      "q90%": 87929088.39487693, 
      "q10%": 10965078.976389451, 
      "q25%": 14364504.353458518, 
      "q01%": 10096172.228047606, 
      "q75%": 27913241.570997752, 
      "1sigma": [
        12272866.586232409, 
        32416330.640105776
      ], 
      "2sigma": [
        10290102.031499278, 
        66406101.88852831
      ], 
      "q99%": 87929088.39487693, 
      "sigma": 10071732.026936684
    }, 
    {
      "5sigma": [
        195.6413052633996, 
        233.59925034628057
      ], 
      "3sigma": [
        195.6413052633996, 
        216.09677290220787
      ], 
      "median": 200.39597072731982, 
      "q90%": 212.03166209929637, 
      "q10%": 197.62190634660584, 
      "q25%": 198.63487447860132, 
      "q01%": 196.07745962660337, 
      "q75%": 203.08472738320904, 
      "1sigma": [
        198.09276401740664, 
        204.7657671447164
      ], 
      "2sigma": [
        196.73199785023576, 
        209.85788077333177
      ], 
      "q99%": 212.03166209929637, 
      "sigma": 3.3365015636548776
    }
  ], 
  "global evidence error": 0.08728087963205002, 
  "nested sampling global log-evidence error": 0.2712966539071405
}