{
  "nested importance sampling global log-evidence": -58.55899515874317, 
  "global evidence": -58.55899515874317, 
  "modes": [
    {
      "index": 0, 
      "local log-evidence": -58.55899515874317, 
      "strictly local log-evidence": -58.55899515874317, 
      "local log-evidence error": 0.02392484709628385, 
      "maximum": [
        6.811238163776722, 
        1.1019733274498675, 
        69.7018904734463, 
        671746880.8712301, 
        99.34796295711004
      ], 
      "maximum a posterior": [
        1.5360540657938806, 
        1.1033550972940156, 
        36.808102861779524, 
        786432524.350799, 
        103.83606308260005
      ], 
      "sigma": [
        11.590519352522229, 
        0.008533766980346837, 
        13.526155550341986, 
        349527005.45783633, 
        2.758613645510665
      ], 
      "strictly local log-evidence error": 0.02392484709628385, 
      "mean": [
        15.614189706589254, 
        1.103079358023806, 
        62.61069117158256, 
        529204613.1536428, 
        103.46790489383197
      ]
    }
  ], 
  "nested importance sampling global log-evidence error": 0.02392484709628385, 
  "nested sampling global log-evidence": -57.55215161407968, 
  "marginals": [
    {
      "5sigma": [
        0.054758704063744015, 
        98.72446324619528
      ], 
      "3sigma": [
        0.0555436769611056, 
        63.471035358950665
      ], 
      "median": 13.154865079576046, 
      "q90%": 51.4646159570184, 
      "q10%": 2.344613763470366, 
      "q25%": 6.0793613183818, 
      "q01%": 0.3140073466569944, 
      "q75%": 22.420548549802447, 
      "1sigma": [
        4.158823459440987, 
        28.17854475043241
      ], 
      "2sigma": [
        0.8379597946084596, 
        42.059296762981305
      ], 
      "q99%": 51.4646159570184, 
      "sigma": 12.00986064549571
    }, 
    {
      "5sigma": [
        0.9798243554658801, 
        1.163478914591421
      ], 
      "3sigma": [
        1.0753027240344353, 
        1.1267174438586873
      ], 
      "median": 1.1030535454043018, 
      "q90%": 1.1223556503417123, 
      "q10%": 1.0927810358019687, 
      "q25%": 1.0968665942472546, 
      "q01%": 1.0828916532147213, 
      "q75%": 1.10867563272864, 
      "1sigma": [
        1.0947727309897715, 
        1.1117916125725755
      ], 
      "2sigma": [
        1.0867386991398746, 
        1.1197403785365865
      ], 
      "q99%": 1.1223556503417123, 
      "sigma": 0.008509440791402034
    }, 
    {
      "5sigma": [
        1.634855123726189, 
        99.91890260889777
      ], 
      "3sigma": [
        20.98356363269228, 
        95.64950629498735
      ], 
      "median": 62.759032478768006, 
      "q90%": 93.01410086818879, 
      "q10%": 44.96808546488471, 
      "q25%": 53.5793223190508, 
      "q01%": 32.944110223778864, 
      "q75%": 71.57446653593142, 
      "1sigma": [
        49.21408421289929, 
        76.53305067966893
      ], 
      "2sigma": [
        36.77858593779498, 
        90.00243826090657
      ], 
      "q99%": 93.01410086818879, 
      "sigma": 13.659483233384822
    }, 
    {
      "5sigma": [
        29564350.695147317, 
        4664589883.383708
      ], 
      "3sigma": [
        50914745.49953823, 
        2597847981.100373
      ], 
      "median": 474365003.0058986, 
      "q90%": 1574496184.3766284, 
      "q10%": 128453578.64005221, 
      "q25%": 252085110.20404422, 
      "q01%": 65374315.49099046, 
      "q75%": 741588671.2148136, 
      "1sigma": [
        171542924.11065665, 
        866980723.8629267
      ], 
      "2sigma": [
        84138799.20640017, 
        1277990859.6105406
      ], 
      "q99%": 1574496184.3766284, 
      "sigma": 347718899.87613505
    }, 
    {
      "5sigma": [
        99.34796295711004, 
        134.32918853059886
      ], 
      "3sigma": [
        99.34796295711004, 
        116.41916451321303
      ], 
      "median": 103.03794679263707, 
      "q90%": 112.23693632642761, 
      "q10%": 100.46146952934272, 
      "q25%": 101.37207508805702, 
      "q01%": 99.44675196451469, 
      "q75%": 104.87353894685947, 
      "1sigma": [
        100.83092742353136, 
        105.9830076724403
      ], 
      "2sigma": [
        99.80798862876158, 
        110.47095713832404
      ], 
      "q99%": 112.23693632642761, 
      "sigma": 2.5760401244544653
    }
  ], 
  "global evidence error": 0.02392484709628385, 
  "nested sampling global log-evidence error": 0.24120943528737554
}