{
  "nested importance sampling global log-evidence": -57.917733146695966, 
  "global evidence": -57.917733146695966, 
  "modes": [
    {
      "index": 0, 
      "local log-evidence": -57.917733146695966, 
      "strictly local log-evidence": -57.917733146695966, 
      "local log-evidence error": 0.0435266225021325, 
      "maximum": [
        0.20765966072429273, 
        1.0812768190577984, 
        65.18161268674922, 
        10139039.151865847, 
        94.33627620850203
      ], 
      "maximum a posterior": [
        0.20765966072429273, 
        1.0812768190577984, 
        65.18161268674922, 
        10139039.151865847, 
        94.33627620850203
      ], 
      "sigma": [
        7.705869813803545, 
        0.008616673549702249, 
        14.456571499845351, 
        19720539.92380718, 
        3.3184460430635685
      ], 
      "strictly local log-evidence error": 0.0435266225021325, 
      "mean": [
        8.029697996228442, 
        1.0798574819026376, 
        63.65150938705467, 
        23718060.291247874, 
        100.33167841918109
      ]
    }
  ], 
  "nested importance sampling global log-evidence error": 0.0435266225021325, 
  "nested sampling global log-evidence": -57.15616837365818, 
  "marginals": [
    {
      "5sigma": [
        0.005377937518018348, 
        83.33544949376885
      ], 
      "3sigma": [
        0.006376785473740572, 
        45.48383575931372
      ], 
      "median": 5.633335617441411, 
      "q90%": 32.20883133490225, 
      "q10%": 0.8524371630695112, 
      "q25%": 2.2595993236486542, 
      "q01%": 0.12233170041870904, 
      "q75%": 11.18746970416335, 
      "1sigma": [
        1.2746112876716043, 
        14.711176945261332
      ], 
      "2sigma": [
        0.23353563793076618, 
        27.225115378469752
      ], 
      "q99%": 32.20883133490225, 
      "sigma": 6.718282828794864
    }, 
    {
      "5sigma": [
        0.9202653413865027, 
        1.139189277902797
      ], 
      "3sigma": [
        1.0150074997473002, 
        1.0987273824359318
      ], 
      "median": 1.0806340115984068, 
      "q90%": 1.0954257861444407, 
      "q10%": 1.0723134062325463, 
      "q25%": 1.0767150035570907, 
      "q01%": 1.0459516037729666, 
      "q75%": 1.0842632821900142, 
      "1sigma": [
        1.0743968154313386, 
        1.0863642988244926
      ], 
      "2sigma": [
        1.0605098639945334, 
        1.093001374702997
      ], 
      "q99%": 1.0954257861444407, 
      "sigma": 0.005983741696577005
    }, 
    {
      "5sigma": [
        1.1687055389380503, 
        99.37575540482572
      ], 
      "3sigma": [
        18.893741455169966, 
        99.33583181835071
      ], 
      "median": 64.14115812814288, 
      "q90%": 96.16193615635348, 
      "q10%": 45.06795796405133, 
      "q25%": 53.445994492945744, 
      "q01%": 27.562779495146735, 
      "q75%": 73.99226565267648, 
      "1sigma": [
        49.02178368281916, 
        77.809305680075
      ], 
      "2sigma": [
        34.00545511848848, 
        90.27759096172763
      ], 
      "q99%": 96.16193615635348, 
      "sigma": 14.393760998627918
    }, 
    {
      "5sigma": [
        10000053.830806943, 
        494596191.5969267
      ], 
      "3sigma": [
        10000053.830806943, 
        204820287.4781605
      ], 
      "median": 18893796.436677877, 
      "q90%": 119622012.18594332, 
      "q10%": 10627571.012968333, 
      "q25%": 13980785.181389403, 
      "q01%": 10015068.594794821, 
      "q75%": 25829992.742582303, 
      "1sigma": [
        11397791.916576322, 
        30970692.091831505
      ], 
      "2sigma": [
        10097003.355538039, 
        73473714.45493573
      ], 
      "q99%": 119622012.18594332, 
      "sigma": 9786450.087627592
    }, 
    {
      "5sigma": [
        94.33627620850203, 
        132.6013277141252
      ], 
      "3sigma": [
        94.33627620850203, 
        115.70542683606354
      ], 
      "median": 99.65474047758806, 
      "q90%": 110.65863019806193, 
      "q10%": 96.85145605559643, 
      "q25%": 97.93618418369171, 
      "q01%": 95.05480167067655, 
      "q75%": 102.28551643768789, 
      "1sigma": [
        97.27076327300966, 
        103.56450065968134
      ], 
      "2sigma": [
        95.55267327315968, 
        108.231174959231
      ], 
      "q99%": 110.65863019806193, 
      "sigma": 3.14686869333584
    }
  ], 
  "global evidence error": 0.0435266225021325, 
  "nested sampling global log-evidence error": 0.264392306319
}