{
  "nested importance sampling global log-evidence": -37.72860555047961, 
  "global evidence": -37.72860555047961, 
  "modes": [
    {
      "index": 0, 
      "local log-evidence": -37.72860555047961, 
      "strictly local log-evidence": -37.72860555047961, 
      "local log-evidence error": 0.02805297823137914, 
      "maximum": [
        0.7266575114528468, 
        1.0912320151761252, 
        84.92737071244387, 
        19113428.082814112, 
        58.051926816805576
      ], 
      "maximum a posterior": [
        0.7266575114528468, 
        1.0912320151761252, 
        84.92737071244387, 
        19113428.082814112, 
        58.051926816805576
      ], 
      "sigma": [
        16.130504207498387, 
        0.02530125104660823, 
        18.75071128911253, 
        21449671.540290106, 
        3.171139100469883
      ], 
      "strictly local log-evidence error": 0.02805297823137914, 
      "mean": [
        17.803917675970148, 
        1.0717482931032651, 
        68.90492408616468, 
        23569938.41283621, 
        63.29428412709875
      ]
    }
  ], 
  "nested importance sampling global log-evidence error": 0.02805297823137914, 
  "nested sampling global log-evidence": -36.706931757206846, 
  "marginals": [
    {
      "5sigma": [
        0.027889879425878547, 
        176.93476151404911
      ], 
      "3sigma": [
        0.027889879425878547, 
        91.61442430190229
      ], 
      "median": 12.964143858582707, 
      "q90%": 69.59890174967434, 
      "q10%": 1.9148954719221043, 
      "q25%": 5.380629778609855, 
      "q01%": 0.2084570362743751, 
      "q75%": 25.96835131493389, 
      "1sigma": [
        3.287856460879928, 
        33.6800060613414
      ], 
      "2sigma": [
        0.4966245643395599, 
        56.66034823481783
      ], 
      "q99%": 69.59890174967434, 
      "sigma": 15.196074800230736
    }, 
    {
      "5sigma": [
        0.9252459513392939, 
        1.2413560796559253
      ], 
      "3sigma": [
        0.9970222992308512, 
        1.1409029906080148
      ], 
      "median": 1.0781064306919623, 
      "q90%": 1.1158309812893603, 
      "q10%": 1.0295554054627112, 
      "q25%": 1.0578267816064015, 
      "q01%": 1.0130840435757533, 
      "q75%": 1.0896040960446436, 
      "1sigma": [
        1.0384725478960521, 
        1.0936860757443971
      ], 
      "2sigma": [
        1.0168215351354717, 
        1.1065571291502618
      ], 
      "q99%": 1.1158309812893603, 
      "sigma": 0.027606763924172495
    }, 
    {
      "5sigma": [
        0.5586564540863037, 
        99.81904110066846
      ], 
      "3sigma": [
        7.452854026017728, 
        99.78177269082839
      ], 
      "median": 71.15582090157699, 
      "q90%": 98.52145796347544, 
      "q10%": 43.90322824299315, 
      "q25%": 56.46807670883654, 
      "q01%": 20.06638431256731, 
      "q75%": 83.86635454270602, 
      "1sigma": [
        50.42139753242959, 
        89.32734497608783
      ], 
      "2sigma": [
        28.46636462956426, 
        96.90129989451691
      ], 
      "q99%": 98.52145796347544, 
      "sigma": 19.45297372182912
    }, 
    {
      "5sigma": [
        10006603.153849194, 
        789254037.5681005
      ], 
      "3sigma": [
        10006603.153849194, 
        250395545.39189163
      ], 
      "median": 18665979.161943268, 
      "q90%": 124734897.87859564, 
      "q10%": 11111357.205258388, 
      "q25%": 14073666.761512917, 
      "q01%": 10061567.127723604, 
      "q75%": 24885474.238649398, 
      "1sigma": [
        12450877.688709123, 
        29398734.27170744
      ], 
      "2sigma": [
        10247321.985718925, 
        78463047.7589845
      ], 
      "q99%": 124734897.87859564, 
      "sigma": 8473928.29149916
    }, 
    {
      "5sigma": [
        58.051926816805576, 
        92.85835838199071
      ], 
      "3sigma": [
        58.051926816805576, 
        77.43500074299827
      ], 
      "median": 62.8340179809027, 
      "q90%": 72.76817488564959, 
      "q10%": 59.67950358721017, 
      "q25%": 60.72177343534122, 
      "q01%": 58.36011819939727, 
      "q75%": 65.13678110331924, 
      "1sigma": [
        60.12466986253526, 
        66.4366197355033
      ], 
      "2sigma": [
        58.89716360855765, 
        70.57675674497509
      ], 
      "q99%": 72.76817488564959, 
      "sigma": 3.1559749364840215
    }
  ], 
  "global evidence error": 0.02805297823137914, 
  "nested sampling global log-evidence error": 0.22493976290680204
}