{
  "nested importance sampling global log-evidence": -41.44617066119729, 
  "global evidence": -41.44617066119729, 
  "modes": [
    {
      "index": 0, 
      "local log-evidence": -41.44617066119729, 
      "strictly local log-evidence": -41.44617066119729, 
      "local log-evidence error": 0.02716081982970877, 
      "maximum": [
        0.32501005882388273, 
        1.1114835102772471, 
        32.76939350504445, 
        63957030.83669606, 
        68.12123809848411
      ], 
      "maximum a posterior": [
        23.012288573542243, 
        1.145805072899908, 
        42.233725339953786, 
        61031419.438045956, 
        73.05815966291058
      ], 
      "sigma": [
        15.726955622587882, 
        0.03100656069051432, 
        18.402852378281796, 
        135909580.07782662, 
        2.7120869892481294
      ], 
      "strictly local log-evidence error": 0.02716081982970877, 
      "mean": [
        19.049947462724756, 
        1.0949882300414087, 
        34.382405037906494, 
        130253371.95895885, 
        72.77757906770293
      ]
    }
  ], 
  "nested importance sampling global log-evidence error": 0.02716081982970877, 
  "nested sampling global log-evidence": -40.906990173491195, 
  "marginals": [
    {
      "5sigma": [
        0.012291405352689215, 
        154.56997309003836
      ], 
      "3sigma": [
        0.012291405352689215, 
        86.8136602292459
      ], 
      "median": 15.120865512124535, 
      "q90%": 67.28679553494824, 
      "q10%": 2.5706818775519715, 
      "q25%": 6.776865931954491, 
      "q01%": 0.1753004137928044, 
      "q75%": 27.617049222612806, 
      "1sigma": [
        3.993335025141867, 
        35.74883715296667
      ], 
      "2sigma": [
        0.39954805837105906, 
        55.87785149024554
      ], 
      "q99%": 67.28679553494824, 
      "sigma": 15.877751063912402
    }, 
    {
      "5sigma": [
        0.9274048627843091, 
        1.2033249302681626
      ], 
      "3sigma": [
        0.9708482925180586, 
        1.1545954418627473
      ], 
      "median": 1.0990405090526814, 
      "q90%": 1.147253625737427, 
      "q10%": 1.0569702439015345, 
      "q25%": 1.0787085020635392, 
      "q01%": 1.0003974909444466, 
      "q75%": 1.1158786663216802, 
      "1sigma": [
        1.0682939468340735, 
        1.1246075289380992
      ], 
      "2sigma": [
        1.0171358220987958, 
        1.1439096762402814
      ], 
      "q99%": 1.147253625737427, 
      "sigma": 0.028156791052012853
    }, 
    {
      "5sigma": [
        0.0885217879005262, 
        99.67201719821757
      ], 
      "3sigma": [
        0.0885217879005262, 
        92.65145713860281
      ], 
      "median": 34.13303235535237, 
      "q90%": 80.81632156641811, 
      "q10%": 9.041647825318586, 
      "q25%": 20.809184675542244, 
      "q01%": 0.4736622620509754, 
      "q75%": 47.14539109179097, 
      "1sigma": [
        14.11683515953265, 
        53.37775660712321
      ], 
      "2sigma": [
        3.4735179412651047, 
        69.72558798758432
      ], 
      "q99%": 80.81632156641811, 
      "sigma": 19.63046072379528
    }, 
    {
      "5sigma": [
        10032067.213867832, 
        4654532639.014706
      ], 
      "3sigma": [
        10032067.213867832, 
        859650193.4476262
      ], 
      "median": 85866624.40373595, 
      "q90%": 720398139.9550886, 
      "q10%": 27581396.762613233, 
      "q25%": 48324807.04170456, 
      "q01%": 10767200.402152564, 
      "q75%": 161282862.1742841, 
      "1sigma": [
        35845865.797407456, 
        222708875.73870766
      ], 
      "2sigma": [
        11901101.439193102, 
        551353266.1390911
      ], 
      "q99%": 720398139.9550886, 
      "sigma": 93431504.9706501
    }, 
    {
      "5sigma": [
        68.12123809848411, 
        102.60287198915077
      ], 
      "3sigma": [
        68.12123809848411, 
        85.09834569084664
      ], 
      "median": 72.3095493050563, 
      "q90%": 81.23599420257234, 
      "q10%": 69.64842635858578, 
      "q25%": 70.95020414749263, 
      "q01%": 68.56860826141508, 
      "q75%": 74.1792492923857, 
      "1sigma": [
        70.07106407014523, 
        75.57456366635532
      ], 
      "2sigma": [
        68.86693459538999, 
        79.13116091248486
      ], 
      "q99%": 81.23599420257234, 
      "sigma": 2.7517497981050454
    }
  ], 
  "global evidence error": 0.02716081982970877, 
  "nested sampling global log-evidence error": 0.21256059464637447
}