{
  "nested importance sampling global log-evidence": -625.8330057081421, 
  "global evidence": -625.8330057081421, 
  "modes": [
    {
      "index": 0, 
      "local log-evidence": -625.8330057081421, 
      "strictly local log-evidence": -625.8330057081421, 
      "local log-evidence error": 0.02602637630922506, 
      "maximum": [
        46.80567016958231, 
        1.3786617241907047, 
        0.18532395433921472, 
        719192160.19461, 
        1224.1435422851232
      ], 
      "maximum a posterior": [
        36.7932173693559, 
        1.3782548417011269, 
        0.9555532696195487, 
        714522606.5470642, 
        1227.9188224862355
      ], 
      "sigma": [
        10.073351229291974, 
        0.002374655218743911, 
        1.0091545690871864, 
        56445442.338065736, 
        3.1928032562894546
      ], 
      "strictly local log-evidence error": 0.02602637630922506, 
      "mean": [
        53.02927494878789, 
        1.378096716049599, 
        1.0863944523473454, 
        686125323.9129444, 
        1228.552906374088
      ]
    }
  ], 
  "nested importance sampling global log-evidence error": 0.02602637630922506, 
  "nested sampling global log-evidence": -625.1697472730322, 
  "marginals": [
    {
      "5sigma": [
        1.7107549273200386, 
        104.07185213167764
      ], 
      "3sigma": [
        23.581106931089888, 
        83.4941789575195
      ], 
      "median": 53.52902917517369, 
      "q90%": 76.54240029917143, 
      "q10%": 39.62794805403315, 
      "q25%": 45.936976353888994, 
      "q01%": 31.038782207065918, 
      "q75%": 60.07360449844968, 
      "1sigma": [
        42.6272317193834, 
        62.83720293403946
      ], 
      "2sigma": [
        33.53666853344292, 
        72.51371373110776
      ], 
      "q99%": 76.54240029917143, 
      "sigma": 10.104985607328029
    }, 
    {
      "5sigma": [
        1.367045991097869, 
        1.3947151256632266
      ], 
      "3sigma": [
        1.3703375653537275, 
        1.3858742242434443
      ], 
      "median": 1.3781561458138276, 
      "q90%": 1.3838716293865518, 
      "q10%": 1.3750183976139068, 
      "q25%": 1.376473438064655, 
      "q01%": 1.3724985558509144, 
      "q75%": 1.379774533099527, 
      "1sigma": [
        1.3756900905535248, 
        1.380357952731903
      ], 
      "2sigma": [
        1.3734392375353346, 
        1.382844348840214
      ], 
      "q99%": 1.3838716293865518, 
      "sigma": 0.002333931089189112
    }, 
    {
      "5sigma": [
        9.503551838108663e-05, 
        13.159445475518748
      ], 
      "3sigma": [
        9.503551838108663e-05, 
        6.3492049576986105
      ], 
      "median": 0.7940098143401888, 
      "q90%": 4.684858680511781, 
      "q10%": 0.13637074560355858, 
      "q25%": 0.31756746993987045, 
      "q01%": 0.01060295601904014, 
      "q75%": 1.5864206868193267, 
      "1sigma": [
        0.1987629756187297, 
        2.048016902569648
      ], 
      "2sigma": [
        0.04996859017419339, 
        3.7112996250566765
      ], 
      "q99%": 4.684858680511781, 
      "sigma": 0.9246269634754591
    }, 
    {
      "5sigma": [
        389925639.3988236, 
        916134618.4622489
      ], 
      "3sigma": [
        507470811.7213328, 
        852681028.6454667
      ], 
      "median": 685834013.1958349, 
      "q90%": 816684275.072849, 
      "q10%": 615174182.6342512, 
      "q25%": 649778566.2444229, 
      "q01%": 554744117.182346, 
      "q75%": 723311348.6787682, 
      "1sigma": [
        631952411.9948823, 
        740759950.9959635
      ], 
      "2sigma": [
        561248082.157007, 
        795667183.4832013
      ], 
      "q99%": 816684275.072849, 
      "sigma": 54403769.500540555
    }, 
    {
      "5sigma": [
        1224.1435422851232, 
        1261.9347488017706
      ], 
      "3sigma": [
        1224.1435422851232, 
        1243.547103618005
      ], 
      "median": 1227.8227988754827, 
      "q90%": 1238.3662435669232, 
      "q10%": 1225.2539916687272, 
      "q25%": 1226.173586183806, 
      "q01%": 1224.2967459451943, 
      "q75%": 1230.1061951362265, 
      "1sigma": [
        1225.5945716233032, 
        1231.5563763575474
      ], 
      "2sigma": [
        1224.5697271547695, 
        1236.1620881693905
      ], 
      "q99%": 1238.3662435669232, 
      "sigma": 2.9809023671220984
    }
  ], 
  "global evidence error": 0.02602637630922506, 
  "nested sampling global log-evidence error": 0.3300499066299744
}