{
  "nested importance sampling global log-evidence": -210.459081818589, 
  "global evidence": -210.459081818589, 
  "modes": [
    {
      "index": 0, 
      "local log-evidence": -210.459081818589, 
      "strictly local log-evidence": -210.459081818589, 
      "local log-evidence error": 0.03954935878411742, 
      "maximum": [
        9.392600187534626, 
        1.0911219629878728, 
        0.13751828627952967, 
        1508573287.5173302, 
        370.23187563995884
      ], 
      "maximum a posterior": [
        9.392600187534626, 
        1.0911219629878728, 
        0.13751828627952967, 
        1508573287.5173302, 
        370.23187563995884
      ], 
      "sigma": [
        5.025626871689688, 
        0.0052617713786172835, 
        2.21518471314073, 
        253700966.2415338, 
        3.6842242150427396
      ], 
      "strictly local log-evidence error": 0.03954935878411742, 
      "mean": [
        11.310614014868904, 
        1.0949274949022167, 
        2.556002167735119, 
        1535068351.7678046, 
        375.43057878072227
      ]
    }
  ], 
  "nested importance sampling global log-evidence error": 0.03954935878411742, 
  "nested sampling global log-evidence": -210.67073746585228, 
  "marginals": [
    {
      "5sigma": [
        0.008556968321662455, 
        29.40285054397138
      ], 
      "3sigma": [
        0.09795457514472913, 
        24.72124184063484
      ], 
      "median": 11.360100367416434, 
      "q90%": 23.06920804048258, 
      "q10%": 4.407763826480658, 
      "q25%": 7.7141509130827535, 
      "q01%": 0.9945112299977886, 
      "q75%": 14.764704670348733, 
      "1sigma": [
        5.839871301591662, 
        16.53635976646265
      ], 
      "2sigma": [
        1.7798593450500813, 
        21.102281191056296
      ], 
      "q99%": 23.06920804048258, 
      "sigma": 5.348244232435493
    }, 
    {
      "5sigma": [
        1.0735497811925272, 
        1.1820066886358152
      ], 
      "3sigma": [
        1.0831477550422515, 
        1.1134033113739188
      ], 
      "median": 1.0931373303545882, 
      "q90%": 1.1089171357706595, 
      "q10%": 1.0900430571483053, 
      "q25%": 1.0914191367291795, 
      "q01%": 1.0873565343357867, 
      "q75%": 1.097248520455727, 
      "1sigma": [
        1.0906608793426324, 
        1.1010525098817063
      ], 
      "2sigma": [
        1.088400381268644, 
        1.1070733309346958
      ], 
      "q99%": 1.1089171357706595, 
      "sigma": 0.005195815269536941
    }, 
    {
      "5sigma": [
        0.0013348587775817405, 
        22.415852771929455
      ], 
      "3sigma": [
        0.0018065020674839951, 
        12.003247206306629
      ], 
      "median": 1.9119554214399186, 
      "q90%": 9.859825697909237, 
      "q10%": 0.33754519809961603, 
      "q25%": 0.8759402709088491, 
      "q01%": 0.02682830996813648, 
      "q75%": 3.703984004473755, 
      "1sigma": [
        0.5300076857379794, 
        4.5822719561844245
      ], 
      "2sigma": [
        0.09088779883492408, 
        8.175343884179957
      ], 
      "q99%": 9.859825697909237, 
      "sigma": 2.0261321352232224
    }, 
    {
      "5sigma": [
        793507060.0896039, 
        2613866092.3447785
      ], 
      "3sigma": [
        954503513.6440227, 
        2329340778.4883714
      ], 
      "median": 1530043190.2615278, 
      "q90%": 2112498515.013835, 
      "q10%": 1177336682.0508032, 
      "q25%": 1367328571.8012593, 
      "q01%": 1025112219.709359, 
      "q75%": 1710743543.8689783, 
      "1sigma": [
        1234521942.220836, 
        1789797158.2743816
      ], 
      "2sigma": [
        1067103599.440208, 
        2037541037.6542163
      ], 
      "q99%": 2112498515.013835, 
      "sigma": 277637608.02677286
    }, 
    {
      "5sigma": [
        370.23187563995884, 
        421.5447972271666
      ], 
      "3sigma": [
        370.23187563995884, 
        391.05244406109426
      ], 
      "median": 374.6085206581257, 
      "q90%": 386.80166483665107, 
      "q10%": 371.3501459036082, 
      "q25%": 372.53611786289315, 
      "q01%": 370.36258204757127, 
      "q75%": 377.66328939021656, 
      "1sigma": [
        371.81170778173833, 
        379.0630234284724
      ], 
      "2sigma": [
        370.6588765760305, 
        383.92555775021856
      ], 
      "q99%": 386.80166483665107, 
      "sigma": 3.625657823367021
    }
  ], 
  "global evidence error": 0.03954935878411742, 
  "nested sampling global log-evidence error": 0.47911844125947967
}