{
  "nested importance sampling global log-evidence": -720.1200835429416, 
  "global evidence": -720.1200835429416, 
  "modes": [
    {
      "index": 0, 
      "local log-evidence": -720.1200835429416, 
      "strictly local log-evidence": -720.1200835429416, 
      "local log-evidence error": 0.03668671694464866, 
      "maximum": [
        42.563416435637144, 
        1.3677970114212818, 
        0.19704005831488589, 
        757155664.0558246, 
        1415.9857703099835
      ], 
      "maximum a posterior": [
        29.754864303338515, 
        1.3701795425708185, 
        3.977905430511471, 
        791355613.8846469, 
        1420.5762191791355
      ], 
      "sigma": [
        11.751102644230443, 
        0.0025487012691078094, 
        2.3444281486735803, 
        63255499.314251184, 
        3.0977197810599613
      ], 
      "strictly local log-evidence error": 0.03668671694464866, 
      "mean": [
        44.322293552519305, 
        1.367267003343224, 
        2.792176295825907, 
        739227182.0212599, 
        1420.467118225739
      ]
    }
  ], 
  "nested importance sampling global log-evidence error": 0.03668671694464866, 
  "nested sampling global log-evidence": -720.0663977252643, 
  "marginals": [
    {
      "5sigma": [
        0.6942848050684879, 
        92.3655708602752
      ], 
      "3sigma": [
        9.937790625794184, 
        78.20240300847507
      ], 
      "median": 44.22084647723281, 
      "q90%": 72.30184350348414, 
      "q10%": 29.069169449671005, 
      "q25%": 35.66429118220889, 
      "q01%": 18.746091564970463, 
      "q75%": 51.76251983047208, 
      "1sigma": [
        32.599791480254886, 
        56.020455062675765
      ], 
      "2sigma": [
        23.429242342264047, 
        68.55727705723153
      ], 
      "q99%": 72.30184350348414, 
      "sigma": 11.71033179121044
    }, 
    {
      "5sigma": [
        1.3556419773719348, 
        1.3819671649595724
      ], 
      "3sigma": [
        1.3601534982325605, 
        1.3757895589613927
      ], 
      "median": 1.3671905109911817, 
      "q90%": 1.3734002064934703, 
      "q10%": 1.3640709263826434, 
      "q25%": 1.365522077013347, 
      "q01%": 1.361602335662998, 
      "q75%": 1.3689553763404265, 
      "1sigma": [
        1.364777415617553, 
        1.3699442223665654
      ], 
      "2sigma": [
        1.362491505442699, 
        1.3725814010776158
      ], 
      "q99%": 1.3734002064934703, 
      "sigma": 0.0025834033745062435
    }, 
    {
      "5sigma": [
        0.0003780627798164902, 
        20.319083373848404
      ], 
      "3sigma": [
        0.0003780627798164902, 
        13.620218133237485
      ], 
      "median": 2.210327672664183, 
      "q90%": 10.164146897108767, 
      "q10%": 0.4118770044110814, 
      "q25%": 1.0351608857113184, 
      "q01%": 0.041891908540152574, 
      "q75%": 3.9773124734832823, 
      "1sigma": [
        0.6492838104606721, 
        5.129375669494383
      ], 
      "2sigma": [
        0.13258145768497978, 
        8.571394959465495
      ], 
      "q99%": 10.164146897108767, 
      "sigma": 2.2400459295168553
    }, 
    {
      "5sigma": [
        398828584.8210914, 
        1004347354.9749656
      ], 
      "3sigma": [
        542080778.9072261, 
        929343415.5193505
      ], 
      "median": 742098569.3375676, 
      "q90%": 867043872.7732182, 
      "q10%": 660409647.39821, 
      "q25%": 698449206.2622285, 
      "q01%": 577611099.3363738, 
      "q75%": 783134863.0341519, 
      "1sigma": [
        680968433.3960544, 
        801916748.1257955
      ], 
      "2sigma": [
        601317412.5786968, 
        853137803.3089966
      ], 
      "q99%": 867043872.7732182, 
      "sigma": 60474157.36487055
    }, 
    {
      "5sigma": [
        1415.9857703099835, 
        1452.7662192555895
      ], 
      "3sigma": [
        1415.9857703099835, 
        1434.314820677964
      ], 
      "median": 1419.836112532994, 
      "q90%": 1430.1775640769188, 
      "q10%": 1417.1969832542193, 
      "q25%": 1418.1582006665521, 
      "q01%": 1416.131360594888, 
      "q75%": 1422.0517313341577, 
      "1sigma": [
        1417.5457583256307, 
        1423.4185505928176
      ], 
      "2sigma": [
        1416.4724534052104, 
        1428.326590683663
      ], 
      "q99%": 1430.1775640769188, 
      "sigma": 2.936396133593462
    }
  ], 
  "global evidence error": 0.03668671694464866, 
  "nested sampling global log-evidence error": 0.3135735737097943
}