{
  "nested importance sampling global log-evidence": -1455.3060105319892, 
  "global evidence": -1455.3060105319892, 
  "modes": [
    {
      "index": 0, 
      "local log-evidence": -1455.3060105319892, 
      "strictly local log-evidence": -1455.3060105319892, 
      "local log-evidence error": 0.023565503583989164, 
      "maximum": [
        0.07558042277624387, 
        1.3666970618749232, 
        71.1472829485502, 
        642612909.7354791, 
        2882.9996049048214
      ], 
      "maximum a posterior": [
        0.07558042277624387, 
        1.3666970618749232, 
        71.1472829485502, 
        642612909.7354791, 
        2882.9996049048214
      ], 
      "sigma": [
        1.4578473010775792, 
        0.002053231995392214, 
        6.435904976136369, 
        76918303.42628875, 
        3.34665333055971
      ], 
      "strictly local log-evidence error": 0.023565503583989164, 
      "mean": [
        1.4741378470051119, 
        1.3669467246537825, 
        72.5155815121814, 
        662203780.6309179, 
        2887.8546963769722
      ]
    }
  ], 
  "nested importance sampling global log-evidence error": 0.023565503583989164, 
  "nested sampling global log-evidence": -1454.5076433625024, 
  "marginals": [
    {
      "5sigma": [
        0.0005896424287796722, 
        18.89281131409482
      ], 
      "3sigma": [
        0.0008334965562373239, 
        8.595230459272079
      ], 
      "median": 1.0137885973757874, 
      "q90%": 6.294454802178111, 
      "q10%": 0.16677468571737014, 
      "q25%": 0.4155185362126619, 
      "q01%": 0.012627207510040412, 
      "q75%": 2.0829181747049224, 
      "1sigma": [
        0.25505578111541954, 
        2.8305251699870784
      ], 
      "2sigma": [
        0.03855634450981126, 
        5.409038113393611
      ], 
      "q99%": 6.294454802178111, 
      "sigma": 1.2877346944358294
    }, 
    {
      "5sigma": [
        1.3587369157668083, 
        1.3790649227366625
      ], 
      "3sigma": [
        1.361264708338579, 
        1.3739268368163582
      ], 
      "median": 1.3669138837069288, 
      "q90%": 1.3718966028902577, 
      "q10%": 1.3643667020461347, 
      "q25%": 1.3656161981183688, 
      "q01%": 1.3619812217246048, 
      "q75%": 1.368284813304844, 
      "1sigma": [
        1.3649374355498767, 
        1.3690160639041937
      ], 
      "2sigma": [
        1.3627799113245398, 
        1.3709448866024008
      ], 
      "q99%": 1.3718966028902577, 
      "sigma": 0.0020393141771585244
    }, 
    {
      "5sigma": [
        40.024970199196616, 
        98.77571155198693
      ], 
      "3sigma": [
        52.497898250448664, 
        89.45091286079028
      ], 
      "median": 72.70392154482663, 
      "q90%": 86.86240078129596, 
      "q10%": 63.80578944293391, 
      "q25%": 67.85943599112943, 
      "q01%": 57.24332991106966, 
      "q75%": 76.85496978204664, 
      "1sigma": [
        65.64516668509074, 
        78.66877697626212
      ], 
      "2sigma": [
        60.83788465029616, 
        85.35262396037425
      ], 
      "q99%": 86.86240078129596, 
      "sigma": 6.51180514558569
    }, 
    {
      "5sigma": [
        201119129.94684193, 
        975864963.9122112
      ], 
      "3sigma": [
        334568298.08625126, 
        894071577.7878536
      ], 
      "median": 662643606.6910138, 
      "q90%": 835519016.3839983, 
      "q10%": 570043844.9097016, 
      "q25%": 615425100.1368991, 
      "q01%": 444056176.35453176, 
      "q75%": 712283380.5954392, 
      "1sigma": [
        586039245.560416, 
        733465176.8743641
      ], 
      "2sigma": [
        506629760.82073736, 
        811482028.5920343
      ], 
      "q99%": 835519016.3839983, 
      "sigma": 73712965.65697408
    }, 
    {
      "5sigma": [
        2882.9996049048214, 
        2922.2160609023967
      ], 
      "3sigma": [
        2882.9996049048214, 
        2903.0440325327245
      ], 
      "median": 2887.0960418446516, 
      "q90%": 2898.713646530605, 
      "q10%": 2884.2568718362854, 
      "q25%": 2885.325358391118, 
      "q01%": 2883.2317051898817, 
      "q75%": 2889.5604061378654, 
      "1sigma": [
        2884.725731326913, 
        2890.9275570584914
      ], 
      "2sigma": [
        2883.4770315912365, 
        2895.9536082973846
      ], 
      "q99%": 2898.713646530605, 
      "sigma": 3.100912865789269
    }
  ], 
  "global evidence error": 0.023565503583989164, 
  "nested sampling global log-evidence error": 0.3252736566659367
}