{
  "nested importance sampling global log-evidence": -138.19979043680604, 
  "global evidence": -138.19979043680604, 
  "modes": [
    {
      "index": 0, 
      "local log-evidence": -138.19979043680604, 
      "strictly local log-evidence": -138.19979043680604, 
      "local log-evidence error": 0.03688839700238246, 
      "maximum": [
        0.039499313521944315, 
        1.0918983652936354, 
        3.721378676455373, 
        886853549.0967574, 
        227.51685803488522
      ], 
      "maximum a posterior": [
        0.039499313521944315, 
        1.0918983652936354, 
        3.721378676455373, 
        886853549.0967574, 
        227.51685803488522
      ], 
      "sigma": [
        3.8784544662785505, 
        0.01658257346118352, 
        6.10525307282666, 
        235462376.6295414, 
        6.2234671151500365
      ], 
      "strictly local log-evidence error": 0.03688839700238246, 
      "mean": [
        4.148138226410002, 
        1.102332345532381, 
        9.375404555356935, 
        790124167.1178138, 
        234.85051214814953
      ]
    }
  ], 
  "nested importance sampling global log-evidence error": 0.03688839700238246, 
  "nested sampling global log-evidence": -137.05493879862223, 
  "marginals": [
    {
      "5sigma": [
        0.0023089429101375535, 
        38.58389368552401
      ], 
      "3sigma": [
        0.013922042053168335, 
        23.903454248405648
      ], 
      "median": 2.949505781062932, 
      "q90%": 17.1696384591474, 
      "q10%": 0.5484596886176817, 
      "q25%": 1.2599372672937919, 
      "q01%": 0.04674263731502187, 
      "q75%": 6.001596230433927, 
      "1sigma": [
        0.7636403205187581, 
        7.577740063859206
      ], 
      "2sigma": [
        0.15055420087874213, 
        14.616191865561172
      ], 
      "q99%": 17.1696384591474, 
      "sigma": 3.407049871670224
    }, 
    {
      "5sigma": [
        1.0795897014090805, 
        1.2250075281386599
      ], 
      "3sigma": [
        1.0795897014090805, 
        1.157315701726372
      ], 
      "median": 1.0969907092393563, 
      "q90%": 1.1536234074368927, 
      "q10%": 1.0894153438556462, 
      "q25%": 1.0925857434226545, 
      "q01%": 1.0839507554315309, 
      "q75%": 1.1047758768977434, 
      "1sigma": [
        1.0907024055062884, 
        1.1091390920711282
      ], 
      "2sigma": [
        1.0860716563158412, 
        1.1507677883261853
      ], 
      "q99%": 1.1536234074368927, 
      "sigma": 0.009218343282419883
    }, 
    {
      "5sigma": [
        0.045595857598472, 
        39.70789006571378
      ], 
      "3sigma": [
        0.06521279014678197, 
        30.983957833157113
      ], 
      "median": 8.413910574598615, 
      "q90%": 26.815860028137294, 
      "q10%": 1.9579202956506672, 
      "q25%": 4.589221293952583, 
      "q01%": 0.3266997303808712, 
      "q75%": 13.35179127199327, 
      "1sigma": [
        3.1274112831662566, 
        15.462597680461684
      ], 
      "2sigma": [
        0.559966357075615, 
        23.418378614488162
      ], 
      "q99%": 26.815860028137294, 
      "sigma": 6.1675931986477135
    }, 
    {
      "5sigma": [
        100107779.08842278, 
        2089403364.6306324
      ], 
      "3sigma": [
        111647295.94986656, 
        1688119526.3177466
      ], 
      "median": 806996222.1106145, 
      "q90%": 1409345499.2384663, 
      "q10%": 502192260.72736275, 
      "q25%": 698832890.1687201, 
      "q01%": 156227666.1789684, 
      "q75%": 916840314.9239956, 
      "1sigma": [
        594885219.9589484, 
        974495519.0325221
      ], 
      "2sigma": [
        196418332.52874458, 
        1300634882.9860535
      ], 
      "q99%": 1409345499.2384663, 
      "sigma": 189805149.53678685
    }, 
    {
      "5sigma": [
        227.51685803488522, 
        282.0791818565709
      ], 
      "3sigma": [
        227.51685803488522, 
        257.63808295430977
      ], 
      "median": 232.85125527347375, 
      "q90%": 252.91536412054768, 
      "q10%": 229.22875177184312, 
      "q25%": 230.65971671431666, 
      "q01%": 228.01283848746203, 
      "q75%": 236.51847367163003, 
      "1sigma": [
        229.7715735684796, 
        239.57712164157448
      ], 
      "2sigma": [
        228.2262469845231, 
        250.85006755561668
      ], 
      "q99%": 252.91536412054768, 
      "sigma": 4.9027740365474415
    }
  ], 
  "global evidence error": 0.03688839700238246, 
  "nested sampling global log-evidence error": 0.44305397780103983
}