{
  "nested importance sampling global log-evidence": -173.40345841010452, 
  "global evidence": -173.40345841010452, 
  "modes": [
    {
      "index": 0, 
      "local log-evidence": -173.40345841010452, 
      "strictly local log-evidence": -173.40345841010452, 
      "local log-evidence error": 0.17498111092657628, 
      "maximum": [
        55.10844615667809, 
        1.3557538979681718, 
        9.728758040067637, 
        1378885353.1167488, 
        325.25910350247335
      ], 
      "maximum a posterior": [
        43.10831896492995, 
        1.360115672917614, 
        11.603682771886174, 
        1374852155.1562495, 
        328.26954332335913
      ], 
      "sigma": [
        11.797657631651179, 
        0.002499472606950224, 
        4.435801050266776, 
        184211009.17146423, 
        2.7727418101559227
      ], 
      "strictly local log-evidence error": 0.17498111092657628, 
      "mean": [
        52.28360098218504, 
        1.357051310045703, 
        11.954628881826034, 
        1449991853.857282, 
        328.94477335034816
      ]
    }
  ], 
  "nested importance sampling global log-evidence error": 0.17498111092657628, 
  "nested sampling global log-evidence": -173.56097440163535, 
  "marginals": [
    {
      "5sigma": [
        0.7685031935835321, 
        111.2320006356247
      ], 
      "3sigma": [
        19.403603608431343, 
        87.04232336881853
      ], 
      "median": 51.64930954731086, 
      "q90%": 79.51292292827809, 
      "q10%": 37.46132656036693, 
      "q25%": 43.99057334577879, 
      "q01%": 27.159720097226344, 
      "q75%": 60.14944350630087, 
      "1sigma": [
        40.45295687206297, 
        64.67683771866484
      ], 
      "2sigma": [
        30.589283436697393, 
        74.83091579109886
      ], 
      "q99%": 79.51292292827809, 
      "sigma": 12.111940423300936
    }, 
    {
      "5sigma": [
        1.3455902414923724, 
        1.3793949095428613
      ], 
      "3sigma": [
        1.3493994039056931, 
        1.365009449821952
      ], 
      "median": 1.3571850104532959, 
      "q90%": 1.3628465872055968, 
      "q10%": 1.3537287497295805, 
      "q25%": 1.3553822580238943, 
      "q01%": 1.350968406159102, 
      "q75%": 1.3586544986330673, 
      "1sigma": [
        1.3545940789376896, 
        1.3593899950623825
      ], 
      "2sigma": [
        1.352144407738989, 
        1.3618942261185067
      ], 
      "q99%": 1.3628465872055968, 
      "sigma": 0.002397958062346439
    }, 
    {
      "5sigma": [
        0.19124527497773272, 
        34.35138172452752
      ], 
      "3sigma": [
        0.28318932000121044, 
        25.954953338536896
      ], 
      "median": 11.752927572203376, 
      "q90%": 22.507984828008148, 
      "q10%": 6.360602175271424, 
      "q25%": 8.946554285457799, 
      "q01%": 1.8270433906344383, 
      "q75%": 14.765683659372511, 
      "1sigma": [
        7.4116767099970975, 
        16.351851940628077
      ], 
      "2sigma": [
        3.2845461786322443, 
        20.894673539051084
      ], 
      "q99%": 22.507984828008148, 
      "sigma": 4.47008761531549
    }, 
    {
      "5sigma": [
        712789502.7615362, 
        2740126159.665662
      ], 
      "3sigma": [
        1000425920.7438672, 
        2136744408.9984136
      ], 
      "median": 1444123555.332126, 
      "q90%": 1899464533.7751453, 
      "q10%": 1231070525.448949, 
      "q25%": 1319895117.958794, 
      "q01%": 1045572102.5048046, 
      "q75%": 1571837267.5346456, 
      "1sigma": [
        1271447722.0695214, 
        1638437173.185647
      ], 
      "2sigma": [
        1094262709.031573, 
        1812045620.8449023
      ], 
      "q99%": 1899464533.7751453, 
      "sigma": 183494725.5580628
    }, 
    {
      "5sigma": [
        325.25910350247335, 
        361.5554932733379
      ], 
      "3sigma": [
        325.25910350247335, 
        342.5330180559781
      ], 
      "median": 328.1948657647336, 
      "q90%": 338.20090876962547, 
      "q10%": 326.0985072207642, 
      "q25%": 326.8698278899833, 
      "q01%": 325.38085087221793, 
      "q75%": 330.3501491193465, 
      "1sigma": [
        326.48820876052815, 
        331.3156625109128
      ], 
      "2sigma": [
        325.4818157995704, 
        335.9243246755715
      ], 
      "q99%": 338.20090876962547, 
      "sigma": 2.41372687519231
    }
  ], 
  "global evidence error": 0.17498111092657628, 
  "nested sampling global log-evidence error": 0.30147284664524626
}