{
  "nested importance sampling global log-evidence": -475.6202416843655, 
  "global evidence": -475.6202416843655, 
  "modes": [
    {
      "index": 0, 
      "local log-evidence": -475.6202416843655, 
      "strictly local log-evidence": -475.6202416843655, 
      "local log-evidence error": 0.27665595055075015, 
      "maximum": [
        54.68288996178045, 
        1.356797221599282, 
        9.360045432917904, 
        1278026228.3130891, 
        930.583159391676
      ], 
      "maximum a posterior": [
        53.43192641696874, 
        1.3590068000203481, 
        4.313504361846728, 
        1281070400.1551585, 
        934.0134875974692
      ], 
      "sigma": [
        8.177104209963208, 
        0.001570348395187513, 
        3.928623583638995, 
        59895806.07103319, 
        2.8738752853343605
      ], 
      "strictly local log-evidence error": 0.27665595055075015, 
      "mean": [
        54.55350347220358, 
        1.3567818596746455, 
        8.781342490554696, 
        1341833772.12824, 
        934.5561775725307
      ]
    }
  ], 
  "nested importance sampling global log-evidence error": 0.27665595055075015, 
  "nested sampling global log-evidence": -475.87381620694214, 
  "marginals": [
    {
      "5sigma": [
        15.202239162224757, 
        94.01615719504409
      ], 
      "3sigma": [
        29.326154758846638, 
        78.35745344811963
      ], 
      "median": 54.78285001284769, 
      "q90%": 71.40449869391288, 
      "q10%": 44.52762502810695, 
      "q25%": 48.842204399236856, 
      "q01%": 33.51641961933682, 
      "q75%": 59.83346354611887, 
      "1sigma": [
        46.47325808999063, 
        63.32367929236004
      ], 
      "2sigma": [
        36.72907990967358, 
        69.45851873559397
      ], 
      "q99%": 71.40449869391288, 
      "sigma": 8.425210601184705
    }, 
    {
      "5sigma": [
        1.3483455145990353, 
        1.3661896754942786
      ], 
      "3sigma": [
        1.3519996971731016, 
        1.3614617692670932
      ], 
      "median": 1.356769965479465, 
      "q90%": 1.3605800065523588, 
      "q10%": 1.3547612206418236, 
      "q25%": 1.3557796329249083, 
      "q01%": 1.3529290895155641, 
      "q75%": 1.3578091836163921, 
      "1sigma": [
        1.3552357295722333, 
        1.358304597620902
      ], 
      "2sigma": [
        1.353365871151007, 
        1.359819336691643
      ], 
      "q99%": 1.3605800065523588, 
      "sigma": 0.0015344340243343968
    }, 
    {
      "5sigma": [
        0.021617170845363583, 
        29.45527751988013
      ], 
      "3sigma": [
        0.026541132825589214, 
        19.293297838095132
      ], 
      "median": 8.793440868912237, 
      "q90%": 17.559134769914227, 
      "q10%": 3.8838267899691967, 
      "q25%": 5.911379254105374, 
      "q01%": 0.5764026035791422, 
      "q75%": 11.132599863579264, 
      "1sigma": [
        4.637136922334243, 
        12.930836710753864
      ], 
      "2sigma": [
        1.5666404175161548, 
        16.73905975408776
      ], 
      "q99%": 17.559134769914227, 
      "sigma": 4.146849894209811
    }, 
    {
      "5sigma": [
        918628511.9172312, 
        1700657384.2125926
      ], 
      "3sigma": [
        1216279334.677066, 
        1575747796.7169642
      ], 
      "median": 1328544407.312673, 
      "q90%": 1501364015.4347675, 
      "q10%": 1278134212.3586311, 
      "q25%": 1295097036.5040774, 
      "q01%": 1249854806.9110448, 
      "q75%": 1378921526.9959087, 
      "1sigma": [
        1284584084.356507, 
        1402337752.5163765
      ], 
      "2sigma": [
        1258699448.2539465, 
        1476177326.4082115
      ], 
      "q99%": 1501364015.4347675, 
      "sigma": 58876834.079934716
    }, 
    {
      "5sigma": [
        930.583159391676, 
        965.9365248893132
      ], 
      "3sigma": [
        930.583159391676, 
        948.969674329018
      ], 
      "median": 933.8057990917212, 
      "q90%": 943.5377089053069, 
      "q10%": 931.5615871443755, 
      "q25%": 932.4346815299242, 
      "q01%": 930.834739605778, 
      "q75%": 936.1242934885025, 
      "1sigma": [
        931.9146543106975, 
        937.3390818416573
      ], 
      "2sigma": [
        931.005815656592, 
        941.4411374031188
      ], 
      "q99%": 943.5377089053069, 
      "sigma": 2.7122137654798735
    }
  ], 
  "global evidence error": 0.27665595055075015, 
  "nested sampling global log-evidence error": 0.2931847100531555
}