{
  "nested importance sampling global log-evidence": -92.08820262577237, 
  "global evidence": -92.08820262577237, 
  "modes": [
    {
      "index": 0, 
      "local log-evidence": -92.08820262577237, 
      "strictly local log-evidence": -92.08820262577237, 
      "local log-evidence error": 0.02535923994529714, 
      "maximum": [
        10.333241538587831, 
        1.35806938261939, 
        23.948009819410398, 
        960432675.3572936, 
        162.75036513926426
      ], 
      "maximum a posterior": [
        10.333241538587831, 
        1.35806938261939, 
        23.948009819410398, 
        960432675.3572936, 
        162.75036513926426
      ], 
      "sigma": [
        10.9990121669429, 
        0.0034920679141322514, 
        7.048776238728022, 
        275228103.7636589, 
        3.5753279985561397
      ], 
      "strictly local log-evidence error": 0.02535923994529714, 
      "mean": [
        15.085623703482076, 
        1.3589425321676702, 
        23.455823193558924, 
        971406107.1219357, 
        167.38188904348078
      ]
    }
  ], 
  "nested importance sampling global log-evidence error": 0.02535923994529714, 
  "nested sampling global log-evidence": -91.53890621890697, 
  "marginals": [
    {
      "5sigma": [
        0.0002319698789412161, 
        89.2197635356053
      ], 
      "3sigma": [
        0.0002319698789412161, 
        59.96787868066818
      ], 
      "median": 13.142254369257923, 
      "q90%": 47.21099302500225, 
      "q10%": 2.5483423151164337, 
      "q25%": 6.608798543184822, 
      "q01%": 0.2743001120416109, 
      "q75%": 21.13938411724915, 
      "1sigma": [
        3.6585980181229134, 
        27.445467681194337
      ], 
      "2sigma": [
        0.7512311286683002, 
        40.79209858338028
      ], 
      "q99%": 47.21099302500225, 
      "sigma": 11.893434831535712
    }, 
    {
      "5sigma": [
        1.340883994207119, 
        1.382641980331386
      ], 
      "3sigma": [
        1.340883994207119, 
        1.3713475173391863
      ], 
      "median": 1.3587092053113186, 
      "q90%": 1.3679369972010087, 
      "q10%": 1.3548189378095397, 
      "q25%": 1.3567236740950794, 
      "q01%": 1.3514971003851666, 
      "q75%": 1.361026631495927, 
      "1sigma": [
        1.3556375824221032, 
        1.3624533922985058
      ], 
      "2sigma": [
        1.3528668553453316, 
        1.3664612059535506
      ], 
      "q99%": 1.3679369972010087, 
      "sigma": 0.0034079049382013116
    }, 
    {
      "5sigma": [
        0.08762047279756313, 
        48.240888772285324
      ], 
      "3sigma": [
        2.3840636899247487, 
        44.007091803671734
      ], 
      "median": 23.1857752956614, 
      "q90%": 39.69060248301538, 
      "q10%": 14.06010487411941, 
      "q25%": 19.193809952082045, 
      "q01%": 6.011075821876304, 
      "q75%": 27.968801156471944, 
      "1sigma": [
        16.406754217002227, 
        30.28087816501199
      ], 
      "2sigma": [
        9.841054062017022, 
        37.93161212455463
      ], 
      "q99%": 39.69060248301538, 
      "sigma": 6.937061974004882
    }, 
    {
      "5sigma": [
        13394757.07254829, 
        2252927757.5375047
      ], 
      "3sigma": [
        45195430.28424916, 
        1710932890.303562
      ], 
      "median": 963003096.3085967, 
      "q90%": 1560399245.9140675, 
      "q10%": 751956442.3750752, 
      "q25%": 870506339.876914, 
      "q01%": 59571899.44370166, 
      "q75%": 1050523209.9259837, 
      "1sigma": [
        814680655.1412085, 
        1270191506.1845682
      ], 
      "2sigma": [
        82124335.54538175, 
        1489563432.9957078
      ], 
      "q99%": 1560399245.9140675, 
      "sigma": 227755425.52167982
    }, 
    {
      "5sigma": [
        162.75036513926426, 
        200.984047654872
      ], 
      "3sigma": [
        162.75036513926426, 
        183.030859491258
      ], 
      "median": 166.48400652716293, 
      "q90%": 178.10187177638483, 
      "q10%": 163.61918911290323, 
      "q25%": 164.55853518498537, 
      "q01%": 162.84703421143894, 
      "q75%": 169.2501285787025, 
      "1sigma": [
        163.9610021786542, 
        170.7262238905562
      ], 
      "2sigma": [
        163.006223672161, 
        176.18943591897656
      ], 
      "q99%": 178.10187177638483, 
      "sigma": 3.3826108559510004
    }
  ], 
  "global evidence error": 0.02535923994529714, 
  "nested sampling global log-evidence error": 0.2801421370869602
}