{
  "nested importance sampling global log-evidence": -270.5468474970613, 
  "global evidence": -270.5468474970613, 
  "modes": [
    {
      "index": 0, 
      "local log-evidence": -270.5468474970613, 
      "strictly local log-evidence": -270.5468474970613, 
      "local log-evidence error": 0.02326425551676608, 
      "maximum": [
        28.493671410487654, 
        1.3558228019528478, 
        12.389250813880112, 
        100078704.19825222, 
        519.9358611860215
      ], 
      "maximum a posterior": [
        17.97800442129607, 
        1.3559889502108855, 
        14.863310414311224, 
        103848754.46660896, 
        523.9146211193492
      ], 
      "sigma": [
        11.121505662602747, 
        0.0018796805363008652, 
        4.269001002586999, 
        59783683.22072348, 
        3.179763945845639
      ], 
      "strictly local log-evidence error": 0.02326425551676608, 
      "mean": [
        24.4709858497619, 
        1.355677529465894, 
        13.036914625662552, 
        104761042.23521627, 
        524.4001917041893
      ]
    }
  ], 
  "nested importance sampling global log-evidence error": 0.02326425551676608, 
  "nested sampling global log-evidence": -269.58445032204946, 
  "marginals": [
    {
      "5sigma": [
        0.10496098753789715, 
        71.1085909591576
      ], 
      "3sigma": [
        1.1812813143822938, 
        58.369448183810434
      ], 
      "median": 24.539922384263118, 
      "q90%": 50.14019484292908, 
      "q10%": 9.055397160716783, 
      "q25%": 16.627164912004993, 
      "q01%": 2.5272763665975084, 
      "q75%": 32.16386899287068, 
      "1sigma": [
        11.886585933700767, 
        35.538776515418874
      ], 
      "2sigma": [
        3.707757708026925, 
        46.28618762912285
      ], 
      "q99%": 50.14019484292908, 
      "sigma": 11.826095290859055
    }, 
    {
      "5sigma": [
        1.346127624303953, 
        1.3670683690970837
      ], 
      "3sigma": [
        1.3482467312229334, 
        1.3619153331831202
      ], 
      "median": 1.3557627186898162, 
      "q90%": 1.360376254415889, 
      "q10%": 1.3532922715221183, 
      "q25%": 1.3545016336439033, 
      "q01%": 1.3510178534040922, 
      "q75%": 1.3568188635749698, 
      "1sigma": [
        1.3538475759568502, 
        1.3574176671840377
      ], 
      "2sigma": [
        1.3522182719032685, 
        1.35966612571496
      ], 
      "q99%": 1.360376254415889, 
      "sigma": 0.0017850456135937165
    }, 
    {
      "5sigma": [
        0.5912371039573086, 
        43.48136789832781
      ], 
      "3sigma": [
        2.155031194140758, 
        26.67047581342905
      ], 
      "median": 12.923375938921254, 
      "q90%": 23.28223621075558, 
      "q10%": 7.622309072771037, 
      "q25%": 10.160517596049228, 
      "q01%": 4.200713811510613, 
      "q75%": 15.862348493948367, 
      "1sigma": [
        8.509156678812637, 
        17.298145931007745
      ], 
      "2sigma": [
        4.991537854789107, 
        22.317976057353327
      ], 
      "q99%": 23.28223621075558, 
      "sigma": 4.394494626097554
    }, 
    {
      "5sigma": [
        100004511.3257885, 
        1571981673.1275928
      ], 
      "3sigma": [
        100004511.3257885, 
        1322450174.5257218
      ], 
      "median": 101141229.16762035, 
      "q90%": 110076408.23308696, 
      "q10%": 100174194.5476908, 
      "q25%": 100454326.50205451, 
      "q01%": 100009736.18942122, 
      "q75%": 102645968.29160391, 
      "1sigma": [
        100290938.55269691, 
        103504716.72913498
      ], 
      "2sigma": [
        100021656.64640523, 
        107620015.56156106
      ], 
      "q99%": 110076408.23308696, 
      "sigma": 1606889.0882190317
    }, 
    {
      "5sigma": [
        519.9358611860215, 
        558.7009408220696
      ], 
      "3sigma": [
        519.9358611860215, 
        540.7719531130832
      ], 
      "median": 523.6347649885236, 
      "q90%": 534.6179478474041, 
      "q10%": 521.1146803877248, 
      "q25%": 522.0459877030014, 
      "q01%": 520.2172084146524, 
      "q75%": 525.8938419816318, 
      "1sigma": [
        521.4386321693429, 
        527.2921748200446
      ], 
      "2sigma": [
        520.4591536915758, 
        532.1600929711052
      ], 
      "q99%": 534.6179478474041, 
      "sigma": 2.926771325350842
    }
  ], 
  "global evidence error": 0.02326425551676608, 
  "nested sampling global log-evidence error": 0.27174168745363486
}