{
  "nested importance sampling global log-evidence": -176.60981703240464, 
  "global evidence": -176.60981703240464, 
  "modes": [
    {
      "index": 0, 
      "local log-evidence": -176.60981703240464, 
      "strictly local log-evidence": -176.60981703240464, 
      "local log-evidence error": 0.2645129387650165, 
      "maximum": [
        78.14520305963684, 
        1.3454492608184117, 
        0.20984866600681332, 
        100092784.9091241, 
        333.60664990623695
      ], 
      "maximum a posterior": [
        78.14520305963684, 
        1.3454492608184117, 
        0.20984866600681332, 
        100092784.9091241, 
        333.60664990623695
      ], 
      "sigma": [
        16.698741134985024, 
        0.004173158244074932, 
        4.672823116194568, 
        41612181.81575208, 
        3.3040221181731644
      ], 
      "strictly local log-evidence error": 0.2645129387650165, 
      "mean": [
        70.95678814302974, 
        1.3516232880563337, 
        5.846850296993019, 
        103946774.30254085, 
        339.0355402408745
      ]
    }
  ], 
  "nested importance sampling global log-evidence error": 0.2645129387650165, 
  "nested sampling global log-evidence": -176.16136126791736, 
  "marginals": [
    {
      "5sigma": [
        2.2057448719258304, 
        99.91174973823527
      ], 
      "3sigma": [
        16.99154567545672, 
        99.90381348252826
      ], 
      "median": 72.09783031763409, 
      "q90%": 98.46467471644543, 
      "q10%": 48.11075906625324, 
      "q25%": 60.459734426163266, 
      "q01%": 27.300850918135197, 
      "q75%": 83.77557973660116, 
      "1sigma": [
        54.037465523215474, 
        88.40183336106617
      ], 
      "2sigma": [
        35.02037551621019, 
        97.3806468633527
      ], 
      "q99%": 98.46467471644543, 
      "sigma": 17.182183918925347
    }, 
    {
      "5sigma": [
        1.3363484390150904, 
        1.3671255264907913
      ], 
      "3sigma": [
        1.3375265699460164, 
        1.361553853537924
      ], 
      "median": 1.3517626862356746, 
      "q90%": 1.3603699128993925, 
      "q10%": 1.3458860382486546, 
      "q25%": 1.3490487168033773, 
      "q01%": 1.3406365363614317, 
      "q75%": 1.3546896188910724, 
      "1sigma": [
        1.34741343587742, 
        1.3558229837261138
      ], 
      "2sigma": [
        1.3433455260466458, 
        1.3594218015596677
      ], 
      "q99%": 1.3603699128993925, 
      "sigma": 0.004204773924346927
    }, 
    {
      "5sigma": [
        0.009202480134592014, 
        47.48525607603398
      ], 
      "3sigma": [
        0.03247789391445823, 
        27.223309979118035
      ], 
      "median": 4.740035564761561, 
      "q90%": 20.4556672559287, 
      "q10%": 0.8702617157630979, 
      "q25%": 2.0991045449586663, 
      "q01%": 0.1180875527088969, 
      "q75%": 8.402978734899888, 
      "1sigma": [
        1.3252151614575065, 
        10.19678963857032
      ], 
      "2sigma": [
        0.2599353144500904, 
        16.333024842131785
      ], 
      "q99%": 20.4556672559287, 
      "sigma": 4.435787238556406
    }, 
    {
      "5sigma": [
        100007680.10126835, 
        1798131017.5784118
      ], 
      "3sigma": [
        100007824.32024726, 
        134120388.89374954
      ], 
      "median": 101672883.79491055, 
      "q90%": 114290303.51692656, 
      "q10%": 100272707.80192958, 
      "q25%": 100695776.03283156, 
      "q01%": 100036247.51337303, 
      "q75%": 103342473.37166932, 
      "1sigma": [
        100411541.06102236, 
        104733340.95489964
      ], 
      "2sigma": [
        100059649.85127552, 
        110311041.94321282
      ], 
      "q99%": 114290303.51692656, 
      "sigma": 2160899.9469386414
    }, 
    {
      "5sigma": [
        333.60664990623695, 
        373.89618122433507
      ], 
      "3sigma": [
        333.60664990623695, 
        355.9065940835952
      ], 
      "median": 338.14511348955244, 
      "q90%": 349.5859274618467, 
      "q10%": 335.71293849288367, 
      "q25%": 336.61918725657097, 
      "q01%": 333.89546613021884, 
      "q75%": 340.8973921976094, 
      "1sigma": [
        336.1841725289489, 
        342.1126259199861
      ], 
      "2sigma": [
        334.54695009675396, 
        347.01363479425106
      ], 
      "q99%": 349.5859274618467, 
      "sigma": 2.9642266955185903
    }
  ], 
  "global evidence error": 0.2645129387650165, 
  "nested sampling global log-evidence error": 0.25775164689036134
}