{
  "nested importance sampling global log-evidence": -57.9750085532669, 
  "global evidence": -57.9750085532669, 
  "modes": [
    {
      "index": 0, 
      "local log-evidence": -57.9750085532669, 
      "strictly local log-evidence": -57.9750085532669, 
      "local log-evidence error": 0.02652815447705347, 
      "maximum": [
        84.84793276241683, 
        1.3674913731976746, 
        3.7655833593801704, 
        37551751.64652878, 
        100.89865497889446
      ], 
      "maximum a posterior": [
        28.767548535443233, 
        1.3597537686343593, 
        2.825746799670474, 
        1624817563.971561, 
        105.20887745292976
      ], 
      "sigma": [
        30.19666230093352, 
        0.006783424719747206, 
        8.151546830678111, 
        608218651.9287621, 
        2.5768811346212384
      ], 
      "strictly local log-evidence error": 0.02652815447705347, 
      "mean": [
        71.9994254163971, 
        1.3668497197543241, 
        10.081603276018546, 
        546226023.7375405, 
        104.84088538484153
      ]
    }
  ], 
  "nested importance sampling global log-evidence error": 0.02652815447705347, 
  "nested sampling global log-evidence": -57.18467007889633, 
  "marginals": [
    {
      "5sigma": [
        0.007271766662597656, 
        212.44686988513092
      ], 
      "3sigma": [
        1.6415968429982906, 
        151.1267232450196
      ], 
      "median": 70.74211756331569, 
      "q90%": 141.5200785397279, 
      "q10%": 31.571464792193545, 
      "q25%": 50.47523553259671, 
      "q01%": 6.449824465532591, 
      "q75%": 92.93846648538863, 
      "1sigma": [
        40.451229289221146, 
        103.58312826145615
      ], 
      "2sigma": [
        12.724638254920746, 
        132.70876537443655
      ], 
      "q99%": 141.5200785397279, 
      "sigma": 31.565949486117503
    }, 
    {
      "5sigma": [
        1.341174866194248, 
        1.394175563001751
      ], 
      "3sigma": [
        1.3426451264443493, 
        1.390526665529184
      ], 
      "median": 1.3667339022637595, 
      "q90%": 1.3839486199816355, 
      "q10%": 1.3585702731860945, 
      "q25%": 1.3626480362665705, 
      "q01%": 1.3510736449678609, 
      "q75%": 1.3706484429810217, 
      "1sigma": [
        1.3607738299583605, 
        1.373005233366425
      ], 
      "2sigma": [
        1.3531556453338418, 
        1.3820268495381094
      ], 
      "q99%": 1.3839486199816355, 
      "sigma": 0.006115701704032306
    }, 
    {
      "5sigma": [
        0.03891955762390458, 
        59.59226965653837
      ], 
      "3sigma": [
        0.03891955762390458, 
        41.161036460573676
      ], 
      "median": 7.843194032764199, 
      "q90%": 34.859009561578766, 
      "q10%": 1.575893762990265, 
      "q25%": 3.762377638763975, 
      "q01%": 0.13144154269401265, 
      "q75%": 14.116512044298256, 
      "1sigma": [
        2.553343046180953, 
        18.135931498829265
      ], 
      "2sigma": [
        0.315112313249048, 
        28.65935449970029
      ], 
      "q99%": 34.859009561578766, 
      "sigma": 7.7912942263241565
    }, 
    {
      "5sigma": [
        10317228.74923116, 
        3186886465.9001737
      ], 
      "3sigma": [
        11704075.333027422, 
        2138821283.8753448
      ], 
      "median": 73068240.12274426, 
      "q90%": 1861649374.7420297, 
      "q10%": 34385455.18150495, 
      "q25%": 42535732.93747519, 
      "q01%": 14969628.704187753, 
      "q75%": 1089638313.8283699, 
      "1sigma": [
        38002437.7697348, 
        1320535250.4845443
      ], 
      "2sigma": [
        30582456.3662514, 
        1677212954.8997552
      ], 
      "q99%": 1861649374.7420297, 
      "sigma": 641266406.3574047
    }, 
    {
      "5sigma": [
        100.89865497889446, 
        133.00751094902526
      ], 
      "3sigma": [
        100.89865497889446, 
        115.9692137005031
      ], 
      "median": 104.34192758104803, 
      "q90%": 112.97003332154995, 
      "q10%": 102.11547993759727, 
      "q25%": 102.98584992517375, 
      "q01%": 101.00468754407417, 
      "q75%": 106.07046071856851, 
      "1sigma": [
        102.48447166524025, 
        107.26871163262167
      ], 
      "2sigma": [
        101.37076326272015, 
        111.4654050740818
      ], 
      "q99%": 112.97003332154995, 
      "sigma": 2.392119983690712
    }
  ], 
  "global evidence error": 0.02652815447705347, 
  "nested sampling global log-evidence error": 0.21827110176282227
}