{
  "nested importance sampling global log-evidence": -353.79793955856877, 
  "global evidence": -353.79793955856877, 
  "modes": [
    {
      "index": 0, 
      "local log-evidence": -353.79793955856877, 
      "strictly local log-evidence": -353.79793955856877, 
      "local log-evidence error": 0.025784108476812232, 
      "maximum": [
        51.30109495934332, 
        1.8501671705477623, 
        19.527391412634394, 
        18063997.82744133, 
        685.3257578626485
      ], 
      "maximum a posterior": [
        51.882902306773666, 
        1.8284718063034224, 
        12.380244372395603, 
        18447824.33697386, 
        689.4973019104765
      ], 
      "sigma": [
        11.452347388439323, 
        0.010958472352737196, 
        15.286519349940658, 
        3186536.9050262463, 
        2.653631303216118
      ], 
      "strictly local log-evidence error": 0.025784108476812232, 
      "mean": [
        50.03458246422016, 
        1.8442143155379571, 
        20.121315800872345, 
        16362535.1027082, 
        689.3891025691007
      ]
    }
  ], 
  "nested importance sampling global log-evidence error": 0.025784108476812232, 
  "nested sampling global log-evidence": -352.40924721477387, 
  "marginals": [
    {
      "5sigma": [
        0.23140723127841856, 
        100.02321671238585
      ], 
      "3sigma": [
        2.473010051703002, 
        84.80649624499446
      ], 
      "median": 49.81612478500795, 
      "q90%": 75.9893157509789, 
      "q10%": 36.62048824994619, 
      "q25%": 42.28476808042429, 
      "q01%": 16.696077995032248, 
      "q75%": 57.99263486670324, 
      "1sigma": [
        39.609010409775, 
        61.18913198162417
      ], 
      "2sigma": [
        29.890951661860502, 
        71.84755016554891
      ], 
      "q99%": 75.9893157509789, 
      "sigma": 10.790060785924585
    }, 
    {
      "5sigma": [
        1.7931485256743953, 
        1.9499295111907673
      ], 
      "3sigma": [
        1.808380241131795, 
        1.9096470101480456
      ], 
      "median": 1.8458129195335338, 
      "q90%": 1.870029292993292, 
      "q10%": 1.829812466731895, 
      "q25%": 1.837937696915552, 
      "q01%": 1.815180862718979, 
      "q75%": 1.8504893683687278, 
      "1sigma": [
        1.833221561325786, 
        1.8523656966529933
      ], 
      "2sigma": [
        1.8232732897912116, 
        1.858224764942103
      ], 
      "q99%": 1.870029292993292, 
      "sigma": 0.009572067663603634
    }, 
    {
      "5sigma": [
        0.0012119236325896403, 
        99.09206885970572
      ], 
      "3sigma": [
        0.0012119236325896403, 
        80.91617963222778
      ], 
      "median": 16.711264192179033, 
      "q90%": 62.1358195142709, 
      "q10%": 3.0441346836514143, 
      "q25%": 8.407502738882828, 
      "q01%": 0.058236868452376925, 
      "q75%": 29.961198083063675, 
      "1sigma": [
        4.89190525310185, 
        36.93340397775572
      ], 
      "2sigma": [
        0.3893618148810519, 
        55.67682059114955
      ], 
      "q99%": 62.1358195142709, 
      "sigma": 16.02074936232693
    }, 
    {
      "5sigma": [
        10007921.140394762, 
        29564825.04499902
      ], 
      "3sigma": [
        10029324.609148316, 
        24842369.378921174
      ], 
      "median": 17153159.14758166, 
      "q90%": 23085708.77501048, 
      "q10%": 10414419.983059362, 
      "q25%": 15798991.83550482, 
      "q01%": 10035384.371647742, 
      "q75%": 18172920.768584464, 
      "1sigma": [
        10897857.903428467, 
        18693272.68507611
      ], 
      "2sigma": [
        10091443.11734265, 
        22036900.70692678
      ], 
      "q99%": 23085708.77501048, 
      "sigma": 3897707.3908238215
    }, 
    {
      "5sigma": [
        685.3257578626485, 
        719.5135613180274
      ], 
      "3sigma": [
        685.3257578626485, 
        702.4461877336403
      ], 
      "median": 688.7876979348799, 
      "q90%": 698.2104372860806, 
      "q10%": 686.6713520292884, 
      "q25%": 687.5283231682413, 
      "q01%": 685.7461436533912, 
      "q75%": 690.5276879675572, 
      "1sigma": [
        687.0675003656929, 
        691.6910599895031
      ], 
      "2sigma": [
        685.9754600791639, 
        696.3409146042505
      ], 
      "q99%": 698.2104372860806, 
      "sigma": 2.311779811905069
    }
  ], 
  "global evidence error": 0.025784108476812232, 
  "nested sampling global log-evidence error": 0.27775341456191543
}