{
  "nested importance sampling global log-evidence": -232.75452393073402, 
  "global evidence": -232.75452393073402, 
  "modes": [
    {
      "index": 0, 
      "local log-evidence": -232.75452393073402, 
      "strictly local log-evidence": -232.75452393073402, 
      "local log-evidence error": 0.03104058698177477, 
      "maximum": [
        19.273156383433783, 
        1.88931061318782, 
        68.91692372445732, 
        18073320.68564442, 
        440.1839391127008
      ], 
      "maximum a posterior": [
        19.273156383433783, 
        1.88931061318782, 
        68.91692372445732, 
        18073320.68564442, 
        440.1839391127008
      ], 
      "sigma": [
        16.449543313612853, 
        0.039270355383366755, 
        30.70131108235891, 
        1515043.78144641, 
        3.865895386519794
      ], 
      "strictly local log-evidence error": 0.03104058698177477, 
      "mean": [
        29.99766045716091, 
        1.849412664262764, 
        39.25300433694743, 
        17811653.01960293, 
        446.90619684907904
      ]
    }
  ], 
  "nested importance sampling global log-evidence error": 0.03104058698177477, 
  "nested sampling global log-evidence": -233.12692433452577, 
  "marginals": [
    {
      "5sigma": [
        0.0732346218785025, 
        83.29463333678936
      ], 
      "3sigma": [
        0.0883128877914236, 
        73.23684202253382
      ], 
      "median": 26.85307982819379, 
      "q90%": 63.41885840082033, 
      "q10%": 9.702659011047674, 
      "q25%": 16.188774336410717, 
      "q01%": 1.834399498729095, 
      "q75%": 44.28238189956865, 
      "1sigma": [
        12.342749495446455, 
        49.05524953272567
      ], 
      "2sigma": [
        4.43384549622834, 
        60.35043108110887
      ], 
      "q99%": 63.41885840082033, 
      "sigma": 18.356250018639606
    }, 
    {
      "5sigma": [
        1.7796544958900111, 
        1.9225380316260972
      ], 
      "3sigma": [
        1.7879520231057144, 
        1.9051439741018323
      ], 
      "median": 1.8729841395772222, 
      "q90%": 1.8985755262601862, 
      "q10%": 1.8035090572386556, 
      "q25%": 1.8084939433947542, 
      "q01%": 1.7901507454659864, 
      "q75%": 1.8871975304342312, 
      "1sigma": [
        1.806327125857173, 
        1.8893672138425681
      ], 
      "2sigma": [
        1.7955981641005556, 
        1.8959907959021667
      ], 
      "q99%": 1.8985755262601862, 
      "sigma": 0.0415200439926976
    }, 
    {
      "5sigma": [
        0.11935067242012168, 
        97.81424573508434
      ], 
      "3sigma": [
        0.1499713430370467, 
        95.2518143999032
      ], 
      "median": 44.9202723964434, 
      "q90%": 93.28874156080472, 
      "q10%": 2.764991876286873, 
      "q25%": 7.817689907383698, 
      "q01%": 0.39364058500286536, 
      "q75%": 67.6136480943715, 
      "1sigma": [
        4.448074551382505, 
        74.06421558220065
      ], 
      "2sigma": [
        0.7139116688930068, 
        89.74716817797825
      ], 
      "q99%": 93.28874156080472, 
      "sigma": 34.80807051540907
    }, 
    {
      "5sigma": [
        10001017.94701673, 
        27691578.186701372
      ], 
      "3sigma": [
        10709270.89645436, 
        23923359.313385673
      ], 
      "median": 17949631.346653856, 
      "q90%": 21987560.313863155, 
      "q10%": 15901718.97560378, 
      "q25%": 16928241.740030132, 
      "q01%": 14224762.135176785, 
      "q75%": 18653797.62136584, 
      "1sigma": [
        16350389.806599941, 
        19011512.57668367
      ], 
      "2sigma": [
        14951034.659259701, 
        21107581.166936047
      ], 
      "q99%": 21987560.313863155, 
      "sigma": 1330561.3850418646
    }, 
    {
      "5sigma": [
        440.1839391127008, 
        479.60772011918687
      ], 
      "3sigma": [
        440.1839391127008, 
        462.9820773491295
      ], 
      "median": 446.5102501976977, 
      "q90%": 457.9676483399652, 
      "q10%": 442.15052584528746, 
      "q25%": 444.06058342942254, 
      "q01%": 440.60539129435676, 
      "q75%": 449.1673868160257, 
      "1sigma": [
        443.0360410625383, 
        450.69592620432576
      ], 
      "2sigma": [
        441.09369609346476, 
        455.82140925909613
      ], 
      "q99%": 457.9676483399652, 
      "sigma": 3.829942570893735
    }
  ], 
  "global evidence error": 0.03104058698177477, 
  "nested sampling global log-evidence error": 0.31102774651088144
}