{
  "nested importance sampling global log-evidence": -237.75869401412018, 
  "global evidence": -237.75869401412018, 
  "modes": [
    {
      "index": 0, 
      "local log-evidence": -237.75869401412018, 
      "strictly local log-evidence": -237.75869401412018, 
      "local log-evidence error": 0.025770277238273586, 
      "maximum": [
        43.296769181369484, 
        1.809461125618961, 
        1.5907718628453644, 
        17459055.83761155, 
        451.8431922546732
      ], 
      "maximum a posterior": [
        43.296769181369484, 
        1.809461125618961, 
        1.5907718628453644, 
        17459055.83761155, 
        451.8431922546732
      ], 
      "sigma": [
        13.972018994948556, 
        0.024885542377907403, 
        18.151432370773545, 
        2696185.1833211146, 
        3.1843256557735886
      ], 
      "strictly local log-evidence error": 0.025770277238273586, 
      "mean": [
        36.57554336107762, 
        1.819555120108595, 
        18.24366810402837, 
        16434116.731234979, 
        456.67261002891047
      ]
    }
  ], 
  "nested importance sampling global log-evidence error": 0.025770277238273586, 
  "nested sampling global log-evidence": -236.57768342476388, 
  "marginals": [
    {
      "5sigma": [
        0.015378737274325385, 
        89.82452897766669
      ], 
      "3sigma": [
        0.015378737274325385, 
        71.90226159812666
      ], 
      "median": 37.98917802930118, 
      "q90%": 65.63227128234537, 
      "q10%": 16.733632917839998, 
      "q25%": 28.40508388686505, 
      "q01%": 2.0265841215200426, 
      "q75%": 45.364142016640805, 
      "1sigma": [
        22.986562254342175, 
        49.66678385370506
      ], 
      "2sigma": [
        4.583845609270535, 
        63.273656988082905
      ], 
      "q99%": 65.63227128234537, 
      "sigma": 13.340110799681444
    }, 
    {
      "5sigma": [
        1.7748281907178374, 
        1.9026407511554617
      ], 
      "3sigma": [
        1.7944790445224192, 
        1.9025220952869966
      ], 
      "median": 1.8109106835158413, 
      "q90%": 1.8952106465868777, 
      "q10%": 1.8040514109801071, 
      "q25%": 1.8076404319937238, 
      "q01%": 1.7973662336421212, 
      "q75%": 1.815880747731049, 
      "1sigma": [
        1.8056921423559138, 
        1.821090078201108
      ], 
      "2sigma": [
        1.8005154575364068, 
        1.8910286041999365
      ], 
      "q99%": 1.8952106465868777, 
      "sigma": 0.007698967922597055
    }, 
    {
      "5sigma": [
        0.08581308574284809, 
        97.18784500998076
      ], 
      "3sigma": [
        0.09115523739328435, 
        91.81806167861596
      ], 
      "median": 12.81757911011376, 
      "q90%": 83.04919784003224, 
      "q10%": 2.314306231141405, 
      "q25%": 5.380454283526008, 
      "q01%": 0.3059576139867849, 
      "q75%": 23.42856242672215, 
      "1sigma": [
        3.5292126354799147, 
        31.83323224432625
      ], 
      "2sigma": [
        0.5662691996318038, 
        71.28004452614324
      ], 
      "q99%": 83.04919784003224, 
      "sigma": 14.152009804423168
    }, 
    {
      "5sigma": [
        10007697.15717034, 
        27382994.32433199
      ], 
      "3sigma": [
        10007697.15717034, 
        22171967.8325868
      ], 
      "median": 17314660.752927475, 
      "q90%": 19859965.21354755, 
      "q10%": 10324105.42371689, 
      "q25%": 16483160.843027834, 
      "q01%": 10029945.171882356, 
      "q75%": 17914948.709471732, 
      "1sigma": [
        15627809.723666463, 
        18188605.217502877
      ], 
      "2sigma": [
        10052214.979999326, 
        19245315.075739127
      ], 
      "q99%": 19859965.21354755, 
      "sigma": 1280397.746918207
    }, 
    {
      "5sigma": [
        451.8431922546732, 
        487.8807751076202
      ], 
      "3sigma": [
        451.8431922546732, 
        470.860161056506
      ], 
      "median": 455.98416929180274, 
      "q90%": 465.9718819166949, 
      "q10%": 453.19946944278945, 
      "q25%": 454.3576071841638, 
      "q01%": 452.07742987234894, 
      "q75%": 458.28469984164934, 
      "1sigma": [
        453.68432549560305, 
        459.50668691669046
      ], 
      "2sigma": [
        452.34302112977775, 
        464.7760729903281
      ], 
      "q99%": 465.9718819166949, 
      "sigma": 2.9111807105437038
    }
  ], 
  "global evidence error": 0.025770277238273586, 
  "nested sampling global log-evidence error": 0.2870780104828813
}