{
  "nested importance sampling global log-evidence": -135.2538826077815, 
  "global evidence": -135.2538826077815, 
  "modes": [
    {
      "index": 0, 
      "local log-evidence": -135.2538826077815, 
      "strictly local log-evidence": -135.2538826077815, 
      "local log-evidence error": 0.20255430185844964, 
      "maximum": [
        20.192412237821674, 
        1.6694062756013217, 
        31.62679285708202, 
        10048317.004265703, 
        242.45053430110386
      ], 
      "maximum a posterior": [
        20.192412237821674, 
        1.6694062756013217, 
        31.62679285708202, 
        10048317.004265703, 
        242.45053430110386
      ], 
      "sigma": [
        8.991622044795479, 
        0.037129831678609386, 
        17.888272373267444, 
        3605425.0597067, 
        4.376117753727618
      ], 
      "strictly local log-evidence error": 0.20255430185844964, 
      "mean": [
        13.72038183022844, 
        1.6804092588795976, 
        30.57713021948158, 
        13031635.284713302, 
        248.08494487606788
      ]
    }
  ], 
  "nested importance sampling global log-evidence error": 0.20255430185844964, 
  "nested sampling global log-evidence": -134.62738850504033, 
  "marginals": [
    {
      "5sigma": [
        0.025597193678512476, 
        61.79751898708041
      ], 
      "3sigma": [
        0.12552318400457516, 
        40.29129718670713
      ], 
      "median": 12.701292379577254, 
      "q90%": 36.558948820567636, 
      "q10%": 2.889901756984036, 
      "q25%": 5.884944176567717, 
      "q01%": 0.41001884470324523, 
      "q75%": 19.651812147334198, 
      "1sigma": [
        4.114602559949572, 
        23.059068256775095
      ], 
      "2sigma": [
        0.8121063973382482, 
        33.01207686466715
      ], 
      "q99%": 36.558948820567636, 
      "sigma": 9.472232848412762
    }, 
    {
      "5sigma": [
        1.5506021734052005, 
        1.926030342137464
      ], 
      "3sigma": [
        1.5563632862683094, 
        1.8632560175699746
      ], 
      "median": 1.6694781646841135, 
      "q90%": 1.8046464454579139, 
      "q10%": 1.6499406438745097, 
      "q25%": 1.6614566637025645, 
      "q01%": 1.6350009696038026, 
      "q75%": 1.6790220509975213, 
      "1sigma": [
        1.655468870046949, 
        1.7167195460889737
      ], 
      "2sigma": [
        1.6410624731973682, 
        1.7815633616607396
      ], 
      "q99%": 1.8046464454579139, 
      "sigma": 0.030625338021012305
    }, 
    {
      "5sigma": [
        0.03157471636419811, 
        94.24298163309278
      ], 
      "3sigma": [
        0.060885371126737975, 
        82.51808165628178
      ], 
      "median": 28.974296301592677, 
      "q90%": 76.04248044762474, 
      "q10%": 7.5863267209889536, 
      "q25%": 16.594756018292458, 
      "q01%": 1.2033367531795136, 
      "q75%": 42.212908601004294, 
      "1sigma": [
        11.122829665851567, 
        48.36375397068352
      ], 
      "2sigma": [
        2.068892745479794, 
        70.03653353822081
      ], 
      "q99%": 76.04248044762474, 
      "sigma": 18.620462152415975
    }, 
    {
      "5sigma": [
        10000130.00083722, 
        28590825.586831756
      ], 
      "3sigma": [
        10000130.00083722, 
        22785136.88105952
      ], 
      "median": 10418311.692990227, 
      "q90%": 19874725.81672869, 
      "q10%": 10052600.274501462, 
      "q25%": 10132874.675584711, 
      "q01%": 10006121.785766846, 
      "q75%": 17177025.738472432, 
      "1sigma": [
        10090070.876747185, 
        17591976.155247577
      ], 
      "2sigma": [
        10016041.457597828, 
        18810799.298293874
      ], 
      "q99%": 19874725.81672869, 
      "sigma": 3750952.6392501956
    }, 
    {
      "5sigma": [
        242.45053430110386, 
        284.557095352362
      ], 
      "3sigma": [
        242.45053430110386, 
        266.84753095678786
      ], 
      "median": 246.61475360073578, 
      "q90%": 261.5909887962847, 
      "q10%": 243.68202865612093, 
      "q25%": 245.1206638278335, 
      "q01%": 242.60299599664393, 
      "q75%": 250.34907307674268, 
      "1sigma": [
        244.32989296243537, 
        252.3581247750929
      ], 
      "2sigma": [
        242.9335768232124, 
        259.0538482826781
      ], 
      "q99%": 261.5909887962847, 
      "sigma": 4.014115906328769
    }
  ], 
  "global evidence error": 0.20255430185844964, 
  "nested sampling global log-evidence error": 0.3253446797936032
}