{
  "nested importance sampling global log-evidence": -127.3495593355634, 
  "global evidence": -127.3495593355634, 
  "modes": [
    {
      "index": 0, 
      "local log-evidence": -127.3495593355634, 
      "strictly local log-evidence": -127.3495593355634, 
      "local log-evidence error": 0.03672434170485271, 
      "maximum": [
        22.946944407279155, 
        2.028971999481996, 
        30.545130148816597, 
        10265981.778505651, 
        221.44388865406646
      ], 
      "maximum a posterior": [
        22.946944407279155, 
        2.028971999481996, 
        30.545130148816597, 
        10265981.778505651, 
        221.44388865406646
      ], 
      "sigma": [
        16.142370550068435, 
        0.043862218036255084, 
        15.947679417789562, 
        3839470.0505140475, 
        5.002139927572115
      ], 
      "strictly local log-evidence error": 0.03672434170485271, 
      "mean": [
        28.499986470157317, 
        1.908322548680275, 
        21.757054310176564, 
        14100466.158155559, 
        235.52190853344828
      ]
    }
  ], 
  "nested importance sampling global log-evidence error": 0.03672434170485271, 
  "nested sampling global log-evidence": -126.67827650539968, 
  "marginals": [
    {
      "5sigma": [
        0.025191339402060312, 
        108.92224796291727
      ], 
      "3sigma": [
        0.053036399363333056, 
        80.84137707796624
      ], 
      "median": 27.620455624571846, 
      "q90%": 66.02516551762473, 
      "q10%": 7.446850236203042, 
      "q25%": 15.564242146561186, 
      "q01%": 1.179510422227706, 
      "q75%": 40.10531235825973, 
      "1sigma": [
        10.857646260856125, 
        46.44896483048638
      ], 
      "2sigma": [
        2.0526068046011634, 
        60.67884451967848
      ], 
      "q99%": 66.02516551762473, 
      "sigma": 17.79565928481513
    }, 
    {
      "5sigma": [
        1.659526222330215, 
        2.044399108837963
      ], 
      "3sigma": [
        1.737462750480359, 
        2.030499256138557
      ], 
      "median": 1.9126898226431426, 
      "q90%": 2.021325336843924, 
      "q10%": 1.8479560617698683, 
      "q25%": 1.8925391056396792, 
      "q01%": 1.7834019107454884, 
      "q75%": 1.9286998070735708, 
      "1sigma": [
        1.8689630613883612, 
        1.9397507266165892
      ], 
      "2sigma": [
        1.8118149740878418, 
        2.006439997230887
      ], 
      "q99%": 2.021325336843924, 
      "sigma": 0.035393832614113996
    }, 
    {
      "5sigma": [
        0.026465598307424, 
        94.46781547206837
      ], 
      "3sigma": [
        0.026465598307424, 
        82.15927755009956
      ], 
      "median": 18.455783188442208, 
      "q90%": 66.39066272090753, 
      "q10%": 3.6805328074493446, 
      "q25%": 8.717828351873312, 
      "q01%": 0.24300470629991677, 
      "q75%": 31.79257788781822, 
      "1sigma": [
        5.59504520027712, 
        38.02174756678027
      ], 
      "2sigma": [
        0.677683205118592, 
        57.57956633817156
      ], 
      "q99%": 66.39066272090753, 
      "sigma": 16.213351183251575
    }, 
    {
      "5sigma": [
        10000270.937539672, 
        34303612.52956267
      ], 
      "3sigma": [
        10001977.93576233, 
        27538244.20302939
      ], 
      "median": 15188236.256730674, 
      "q90%": 23525994.357727315, 
      "q10%": 10112918.375106106, 
      "q25%": 10344132.943505356, 
      "q01%": 10014318.647402417, 
      "q75%": 17134679.196371596, 
      "1sigma": [
        10196679.313481579, 
        17739671.486360848
      ], 
      "2sigma": [
        10031367.706437195, 
        21726899.35215866
      ], 
      "q99%": 23525994.357727315, 
      "sigma": 3771496.0864396347
    }, 
    {
      "5sigma": [
        221.44388865406646, 
        270.47981843166673
      ], 
      "3sigma": [
        221.44388865406646, 
        253.53304793141115
      ], 
      "median": 234.79111570050398, 
      "q90%": 248.6816883219512, 
      "q10%": 230.50877058811528, 
      "q25%": 232.2080936899208, 
      "q01%": 223.51126154554512, 
      "q75%": 238.38849015729025, 
      "1sigma": [
        231.44612497682334, 
        240.703472466858
      ], 
      "2sigma": [
        225.5429287896343, 
        246.44310914546753
      ], 
      "q99%": 248.6816883219512, 
      "sigma": 4.628673745017323
    }
  ], 
  "global evidence error": 0.03672434170485271, 
  "nested sampling global log-evidence error": 0.29861885805601296
}