{
  "nested importance sampling global log-evidence": -63.20930188997082, 
  "global evidence": -63.20930188997082, 
  "modes": [
    {
      "index": 0, 
      "local log-evidence": -63.20930188997082, 
      "strictly local log-evidence": -63.20930188997082, 
      "local log-evidence error": 0.02870204826380862, 
      "maximum": [
        17.632989499303214, 
        1.8851155593146047, 
        3.426519401147373, 
        10180037.188368816, 
        107.20404958070608
      ], 
      "maximum a posterior": [
        17.632989499303214, 
        1.8851155593146047, 
        3.426519401147373, 
        10180037.188368816, 
        107.20404958070608
      ], 
      "sigma": [
        15.724118115973495, 
        0.04689368163457199, 
        20.237179447133578, 
        4020664.082397595, 
        3.044130325202356
      ], 
      "strictly local log-evidence error": 0.02870204826380862, 
      "mean": [
        22.382397528327495, 
        1.8096887853790578, 
        26.50438363661354, 
        14143168.187115822, 
        112.90059282682732
      ]
    }
  ], 
  "nested importance sampling global log-evidence error": 0.02870204826380862, 
  "nested sampling global log-evidence": -62.37659306629414, 
  "marginals": [
    {
      "5sigma": [
        0.03742112860486951, 
        139.03214974971937
      ], 
      "3sigma": [
        0.040768682443762964, 
        84.13275310548585
      ], 
      "median": 19.864097013204788, 
      "q90%": 66.68947107289172, 
      "q10%": 4.1876839293247325, 
      "q25%": 9.426831789494543, 
      "q01%": 0.37168893317428153, 
      "q75%": 31.56057172430607, 
      "1sigma": [
        6.261543012993973, 
        39.33569866702566
      ], 
      "2sigma": [
        1.049635420483565, 
        57.810411093246564
      ], 
      "q99%": 66.68947107289172, 
      "sigma": 16.537077827015843
    }, 
    {
      "5sigma": [
        1.6343118872576468, 
        1.932969687213494
      ], 
      "3sigma": [
        1.6343118872576468, 
        1.9298654949547094
      ], 
      "median": 1.801845328530046, 
      "q90%": 1.9163787350215906, 
      "q10%": 1.7563836219439501, 
      "q25%": 1.7799923767264645, 
      "q01%": 1.6858015799390502, 
      "q75%": 1.845515361621257, 
      "1sigma": [
        1.7720132955302326, 
        1.8596060407455568
      ], 
      "2sigma": [
        1.707794428006379, 
        1.8996525064575787
      ], 
      "q99%": 1.9163787350215906, 
      "sigma": 0.043796372607662115
    }, 
    {
      "5sigma": [
        0.15003203806173027, 
        99.26037766971795
      ], 
      "3sigma": [
        0.1502717029424205, 
        94.30930806976696
      ], 
      "median": 21.264103454498688, 
      "q90%": 85.28745738566724, 
      "q10%": 4.283956524499186, 
      "q25%": 10.872200524926527, 
      "q01%": 0.8369998881404772, 
      "q75%": 37.96718782320184, 
      "1sigma": [
        6.835432669815546, 
        47.82676207379656
      ], 
      "2sigma": [
        1.2577996584496345, 
        78.03880485134695
      ], 
      "q99%": 85.28745738566724, 
      "sigma": 20.495664701990506
    }, 
    {
      "5sigma": [
        10004478.234000081, 
        40230017.52700161
      ], 
      "3sigma": [
        10004517.847563034, 
        27333602.85387312
      ], 
      "median": 13784197.10561655, 
      "q90%": 23925008.98356242, 
      "q10%": 10129569.79199693, 
      "q25%": 10327932.043758342, 
      "q01%": 10017685.433653088, 
      "q75%": 17308566.38238089, 
      "1sigma": [
        10194189.719338287, 
        18119542.121910833
      ], 
      "2sigma": [
        10031512.43479293, 
        22731391.274975132
      ], 
      "q99%": 23925008.98356242, 
      "sigma": 3962676.201286273
    }, 
    {
      "5sigma": [
        107.20404958070608, 
        141.6035087389636
      ], 
      "3sigma": [
        107.20404958070608, 
        125.4561081846159
      ], 
      "median": 112.45101276223367, 
      "q90%": 121.71742712236936, 
      "q10%": 109.1796032608253, 
      "q25%": 110.6613845253566, 
      "q01%": 107.87668588375288, 
      "q75%": 114.7146785653349, 
      "1sigma": [
        109.82626250670235, 
        115.8655086688217
      ], 
      "2sigma": [
        108.19428770552564, 
        120.07231830324953
      ], 
      "q99%": 121.71742712236936, 
      "sigma": 3.0196230810596774
    }
  ], 
  "global evidence error": 0.02870204826380862, 
  "nested sampling global log-evidence error": 0.24343986224275796
}