{
  "nested importance sampling global log-evidence": -261.31739250044325, 
  "global evidence": -261.31739250044325, 
  "modes": [
    {
      "index": 0, 
      "local log-evidence": -261.31739250044325, 
      "strictly local log-evidence": -261.31739250044325, 
      "local log-evidence error": 0.03345736465404742, 
      "maximum": [
        20.5962841107982, 
        1.3664696071531797, 
        18.861228739890514, 
        745267900.1534936, 
        501.57137005196967
      ], 
      "maximum a posterior": [
        21.583499330712442, 
        1.3663433413990023, 
        13.595906918246841, 
        799505489.1580037, 
        504.92224679207163
      ], 
      "sigma": [
        8.127240343123898, 
        0.0018536549048326853, 
        3.566237713210748, 
        218365828.51580125, 
        3.0529053801739843
      ], 
      "strictly local log-evidence error": 0.03345736465404742, 
      "mean": [
        22.53946803766505, 
        1.3660524384052917, 
        17.43972087590886, 
        626651246.6804693, 
        505.70990675480067
      ]
    }
  ], 
  "nested importance sampling global log-evidence error": 0.03345736465404742, 
  "nested sampling global log-evidence": -261.2634147892295, 
  "marginals": [
    {
      "5sigma": [
        0.2397131099673322, 
        64.43310384861196
      ], 
      "3sigma": [
        1.180532045839657, 
        48.648580918707204
      ], 
      "median": 22.864384394724684, 
      "q90%": 42.27620906790194, 
      "q10%": 11.765613076516303, 
      "q25%": 16.976599621061737, 
      "q01%": 3.615115803834991, 
      "q75%": 27.64621567171887, 
      "1sigma": [
        14.462830780691275, 
        30.10386531370787
      ], 
      "2sigma": [
        6.150197032523772, 
        39.38730499618881
      ], 
      "q99%": 42.27620906790194, 
      "sigma": 7.820517266508298
    }, 
    {
      "5sigma": [
        1.3533308780868722, 
        1.3752386154670764
      ], 
      "3sigma": [
        1.3605255851068443, 
        1.371698823195407
      ], 
      "median": 1.3661335088655688, 
      "q90%": 1.3705212036014007, 
      "q10%": 1.3635514935755069, 
      "q25%": 1.3649519377659338, 
      "q01%": 1.3614146837012437, 
      "q75%": 1.3672603343061458, 
      "1sigma": [
        1.3641247720435725, 
        1.3677463298236725
      ], 
      "2sigma": [
        1.362058187388762, 
        1.3697501031656263
      ], 
      "q99%": 1.3705212036014007, 
      "sigma": 0.001810778890049991
    }, 
    {
      "5sigma": [
        2.2252450511592423, 
        31.93938264351495
      ], 
      "3sigma": [
        6.98413953666684, 
        28.536812520349795
      ], 
      "median": 17.672556318269688, 
      "q90%": 25.63351776987085, 
      "q10%": 12.97593990142953, 
      "q25%": 14.855197851545283, 
      "q01%": 9.137316846071155, 
      "q75%": 19.859053215779518, 
      "1sigma": [
        13.881023578832458, 
        20.82210372914085
      ], 
      "2sigma": [
        9.996154719852854, 
        24.17100409724237
      ], 
      "q99%": 25.63351776987085, 
      "sigma": 3.4705400751541955
    }, 
    {
      "5sigma": [
        52743904.71155673, 
        1067678765.0350431
      ], 
      "3sigma": [
        74432610.95393157, 
        991113511.4491408
      ], 
      "median": 678938013.3354502, 
      "q90%": 953768323.8778759, 
      "q10%": 179751533.713184, 
      "q25%": 570783925.3376241, 
      "q01%": 102096268.54789796, 
      "q75%": 767468204.2475926, 
      "1sigma": [
        451557250.54787856, 
        804583861.1100826
      ], 
      "2sigma": [
        113111005.0921061, 
        926866875.5039004
      ], 
      "q99%": 953768323.8778759, 
      "sigma": 176513305.28110203
    }, 
    {
      "5sigma": [
        501.57137005196967, 
        536.975718023585
      ], 
      "3sigma": [
        501.57137005196967, 
        519.0048873797966
      ], 
      "median": 504.8429437314313, 
      "q90%": 515.3657427441229, 
      "q10%": 502.49568903223616, 
      "q25%": 503.3082195635642, 
      "q01%": 501.81514639951877, 
      "q75%": 507.50943716961865, 
      "1sigma": [
        502.8165554677938, 
        508.8282081119329
      ], 
      "2sigma": [
        502.0332305725291, 
        512.6784170304423
      ], 
      "q99%": 515.3657427441229, 
      "sigma": 3.005826322069538
    }
  ], 
  "global evidence error": 0.03345736465404742, 
  "nested sampling global log-evidence error": 0.2899734714056242
}