{
  "nested importance sampling global log-evidence": -352.25921076811795, 
  "global evidence": -352.25921076811795, 
  "modes": [
    {
      "index": 0, 
      "local log-evidence": -352.25921076811795, 
      "strictly local log-evidence": -352.25921076811795, 
      "local log-evidence error": 0.029092799414449966, 
      "maximum": [
        64.25982252398867, 
        1.367136695103878, 
        19.1643710463085, 
        787182378.7230533, 
        679.8050008995401
      ], 
      "maximum a posterior": [
        65.16120857239507, 
        1.3672126205307251, 
        24.878421259851482, 
        813581144.7107682, 
        684.6301685536871
      ], 
      "sigma": [
        6.9184115337134875, 
        0.001580544376682177, 
        3.158965237471869, 
        45813689.39285602, 
        2.747463805455201
      ], 
      "strictly local log-evidence error": 0.029092799414449966, 
      "mean": [
        63.86145541820754, 
        1.367167461818966, 
        19.16536225721114, 
        763879900.6912266, 
        683.7177348707481
      ]
    }
  ], 
  "nested importance sampling global log-evidence error": 0.029092799414449966, 
  "nested sampling global log-evidence": -351.99144682253205, 
  "marginals": [
    {
      "5sigma": [
        27.957684111128778, 
        96.22578683549371
      ], 
      "3sigma": [
        43.4164203731058, 
        84.57685420990084
      ], 
      "median": 64.04163151139058, 
      "q90%": 78.89491973048747, 
      "q10%": 55.119024064091555, 
      "q25%": 59.28782637645229, 
      "q01%": 47.38628701392501, 
      "q75%": 68.55513216382053, 
      "1sigma": [
        56.94575676266389, 
        71.40593595809152
      ], 
      "2sigma": [
        50.491547573855804, 
        76.55672864346072
      ], 
      "q99%": 78.89491973048747, 
      "sigma": 7.230089597713814
    }, 
    {
      "5sigma": [
        1.3581068859657786, 
        1.3743672121313928
      ], 
      "3sigma": [
        1.362200720851869, 
        1.3717733596896409
      ], 
      "median": 1.3671317327140613, 
      "q90%": 1.3707723991609286, 
      "q10%": 1.3651503413063124, 
      "q25%": 1.3661116784937595, 
      "q01%": 1.3631784321754037, 
      "q75%": 1.368170159824631, 
      "1sigma": [
        1.3656965212392729, 
        1.368725944080384
      ], 
      "2sigma": [
        1.3638581827000664, 
        1.370367836691781
      ], 
      "q99%": 1.3707723991609286, 
      "sigma": 0.0015147114205555923
    }, 
    {
      "5sigma": [
        3.7599241805838877, 
        33.60736311433727
      ], 
      "3sigma": [
        9.501673657281883, 
        27.455104933527057
      ], 
      "median": 19.173101420726503, 
      "q90%": 26.180632387170967, 
      "q10%": 15.122667207936102, 
      "q25%": 17.084842869318898, 
      "q01%": 11.250561207588223, 
      "q75%": 21.340164225604024, 
      "1sigma": [
        15.907464346013194, 
        22.40687786532624
      ], 
      "2sigma": [
        12.71420668706685, 
        25.231598785461074
      ], 
      "q99%": 26.180632387170967, 
      "sigma": 3.2497067596565232
    }, 
    {
      "5sigma": [
        530531709.6555595, 
        971340380.8735931
      ], 
      "3sigma": [
        644148181.3209699, 
        897474519.4614927
      ], 
      "median": 765484538.1680768, 
      "q90%": 869982727.6994853, 
      "q10%": 702663556.2007437, 
      "q25%": 731903358.1870599, 
      "q01%": 665454144.3120528, 
      "q75%": 794890616.1652099, 
      "1sigma": [
        716285923.9985998, 
        810946558.8473846
      ], 
      "2sigma": [
        680145598.7219721, 
        852390698.5454553
      ], 
      "q99%": 869982727.6994853, 
      "sigma": 47330317.4243924
    }, 
    {
      "5sigma": [
        679.8050008995401, 
        715.3324330659236
      ], 
      "3sigma": [
        679.8050008995401, 
        696.7901610228964
      ], 
      "median": 683.1647566341252, 
      "q90%": 692.9891289249919, 
      "q10%": 680.7009308995465, 
      "q25%": 681.8300064964938, 
      "q01%": 679.9472053738568, 
      "q75%": 684.8252658704995, 
      "1sigma": [
        681.2797956555338, 
        685.888336040154
      ], 
      "2sigma": [
        680.0171780559347, 
        690.9674186209022
      ], 
      "q99%": 692.9891289249919, 
      "sigma": 2.304270192310071
    }
  ], 
  "global evidence error": 0.029092799414449966, 
  "nested sampling global log-evidence error": 0.318317127829841
}