{
  "nested importance sampling global log-evidence": -106.15641527755254, 
  "global evidence": -106.15641527755254, 
  "modes": [
    {
      "index": 0, 
      "local log-evidence": -106.15641527755254, 
      "strictly local log-evidence": -106.15641527755254, 
      "local log-evidence error": 0.032385198027238056, 
      "maximum": [
        25.76891693011344, 
        1.3643776989174023, 
        13.040942251712323, 
        65096161.29087363, 
        192.41157652964296
      ], 
      "maximum a posterior": [
        14.450531617858491, 
        1.367341873995412, 
        12.746034514108953, 
        54708006.75044536, 
        196.54897739890617
      ], 
      "sigma": [
        11.21405967684492, 
        0.0021189034547432063, 
        3.9836449471187145, 
        150328642.95885897, 
        2.977194723556737
      ], 
      "strictly local log-evidence error": 0.032385198027238056, 
      "mean": [
        25.258691230921357, 
        1.364445756248672, 
        14.147984057438231, 
        107585671.7905027, 
        196.6698787063397
      ]
    }
  ], 
  "nested importance sampling global log-evidence error": 0.032385198027238056, 
  "nested sampling global log-evidence": -105.85996238883183, 
  "marginals": [
    {
      "5sigma": [
        0.223656902863918, 
        78.47396065004202
      ], 
      "3sigma": [
        0.4011320515688824, 
        61.47772414154421
      ], 
      "median": 24.764377813400863, 
      "q90%": 50.75938634286018, 
      "q10%": 10.344878173098898, 
      "q25%": 17.540791900496437, 
      "q01%": 1.7603441388115557, 
      "q75%": 33.065487233949625, 
      "1sigma": [
        14.091518066448893, 
        36.671337948333736
      ], 
      "2sigma": [
        3.4816953600331613, 
        47.2833388663632
      ], 
      "q99%": 50.75938634286018, 
      "sigma": 11.289909940942422
    }, 
    {
      "5sigma": [
        1.3507807955563185, 
        1.3927296596361476
      ], 
      "3sigma": [
        1.3582019221231993, 
        1.3712815606460556
      ], 
      "median": 1.3645409196687055, 
      "q90%": 1.3694051388710207, 
      "q10%": 1.3616975198182175, 
      "q25%": 1.3630615533124069, 
      "q01%": 1.3593205476563412, 
      "q75%": 1.3657581929535796, 
      "1sigma": [
        1.362406224360923, 
        1.3665794318057005
      ], 
      "2sigma": [
        1.3602737398338522, 
        1.3685320539556933
      ], 
      "q99%": 1.3694051388710207, 
      "sigma": 0.00208660372238878
    }, 
    {
      "5sigma": [
        0.07776828542256992, 
        38.34540003133215
      ], 
      "3sigma": [
        4.495368903375339, 
        31.74688970349073
      ], 
      "median": 13.820903517768883, 
      "q90%": 26.186699391219413, 
      "q10%": 9.603618958050914, 
      "q25%": 11.565368061314441, 
      "q01%": 6.782036486733862, 
      "q75%": 16.18295972606263, 
      "1sigma": [
        10.68669170274128, 
        17.493829438540633
      ], 
      "2sigma": [
        7.737515301051667, 
        24.442508576139126
      ], 
      "q99%": 26.186699391219413, 
      "sigma": 3.4035688678996765
    }, 
    {
      "5sigma": [
        28817278.698970642, 
        1394389465.1364043
      ], 
      "3sigma": [
        39064230.149142206, 
        930817053.7823617
      ], 
      "median": 68736392.90375751, 
      "q90%": 843130750.2889587, 
      "q10%": 52819252.01800928, 
      "q25%": 58686472.89353559, 
      "q01%": 44549372.96635891, 
      "q75%": 83903620.03319302, 
      "1sigma": [
        55607894.17842794, 
        95711684.88013528
      ], 
      "2sigma": [
        46734618.13203073, 
        743715683.4012852
      ], 
      "q99%": 843130750.2889587, 
      "sigma": 20051895.35085367
    }, 
    {
      "5sigma": [
        192.41157652964296, 
        228.64928192337422
      ], 
      "3sigma": [
        192.41157652964296, 
        210.53572731652974
      ], 
      "median": 196.05467859779267, 
      "q90%": 206.36605816009063, 
      "q10%": 193.51330675521976, 
      "q25%": 194.42235198211407, 
      "q01%": 192.76287908783755, 
      "q75%": 198.1846286137058, 
      "1sigma": [
        193.82806283648893, 
        199.24432402970302
      ], 
      "2sigma": [
        193.0598112918642, 
        203.84590173094344
      ], 
      "q99%": 206.36605816009063, 
      "sigma": 2.708130596607049
    }
  ], 
  "global evidence error": 0.032385198027238056, 
  "nested sampling global log-evidence error": 0.2743177543591509
}