{
  "nested importance sampling global log-evidence": -1570.0096091389373, 
  "global evidence": -1570.0096091389373, 
  "modes": [
    {
      "index": 0, 
      "local log-evidence": -1570.0096091389373, 
      "strictly local log-evidence": -1570.0096091389373, 
      "local log-evidence error": 0.19922068976468338, 
      "maximum": [
        0.010394280113720828, 
        1.3370623143331666, 
        0.03550824866532536, 
        725264257.8091296, 
        3096.230882140296
      ], 
      "maximum a posterior": [
        0.010394280113720828, 
        1.3370623143331666, 
        0.03550824866532536, 
        725264257.8091296, 
        3096.230882140296
      ], 
      "sigma": [
        2.6968996130228273, 
        0.003414024286564039, 
        0.8745283833112286, 
        50321032.59719792, 
        5.474711748411929
      ], 
      "strictly local log-evidence error": 0.19922068976468338, 
      "mean": [
        2.818328760048885, 
        1.339235096130906, 
        0.599771677492749, 
        711770116.3942184, 
        3103.919497307248
      ]
    }
  ], 
  "nested importance sampling global log-evidence error": 0.19922068976468338, 
  "nested sampling global log-evidence": -1569.7412529975097, 
  "marginals": [
    {
      "5sigma": [
        0.006023985291465848, 
        32.48031677238349
      ], 
      "3sigma": [
        0.006491914493910523, 
        15.385454267557423
      ], 
      "median": 2.004184096330044, 
      "q90%": 12.042451617269132, 
      "q10%": 0.32338178238591747, 
      "q25%": 0.8454180731310322, 
      "q01%": 0.025964858655809935, 
      "q75%": 3.9253078899196314, 
      "1sigma": [
        0.49823693692640314, 
        5.0806614778224795
      ], 
      "2sigma": [
        0.0753283333575272, 
        10.460446509907849
      ], 
      "q99%": 12.042451617269132, 
      "sigma": 2.291212270448038
    }, 
    {
      "5sigma": [
        1.3331963227062917, 
        1.3665762408256559
      ], 
      "3sigma": [
        1.3332793687454756, 
        1.354972319996864
      ], 
      "median": 1.3384552662063525, 
      "q90%": 1.3517061859798203, 
      "q10%": 1.3360206545271203, 
      "q25%": 1.337061942647177, 
      "q01%": 1.3336209567685198, 
      "q75%": 1.3405411133071574, 
      "1sigma": [
        1.3364432206794994, 
        1.3417380534636567
      ], 
      "2sigma": [
        1.3345798519106424, 
        1.3488752263021537
      ], 
      "q99%": 1.3517061859798203, 
      "sigma": 0.002647416392078661
    }, 
    {
      "5sigma": [
        0.000695397694539749, 
        22.27788601580064
      ], 
      "3sigma": [
        0.0009123157797573182, 
        9.349099966019152
      ], 
      "median": 0.3523277211690002, 
      "q90%": 4.21074320948583, 
      "q10%": 0.06342802790274259, 
      "q25%": 0.151392930614493, 
      "q01%": 0.00741517001900014, 
      "q75%": 0.724753182513746, 
      "1sigma": [
        0.09400858562136813, 
        1.0074368604587185
      ], 
      "2sigma": [
        0.017707882096958397, 
        2.52307400542402
      ], 
      "q99%": 4.21074320948583, 
      "sigma": 0.45671413741867517
    }, 
    {
      "5sigma": [
        523914734.440821, 
        913618613.6651999
      ], 
      "3sigma": [
        560245365.673383, 
        863232350.8836974
      ], 
      "median": 710782930.1703895, 
      "q90%": 830963057.5900804, 
      "q10%": 648510876.9576533, 
      "q25%": 675553877.3258147, 
      "q01%": 597621801.8856223, 
      "q75%": 746499897.831688, 
      "1sigma": [
        661649863.7538247, 
        762067673.1404179
      ], 
      "2sigma": [
        614510740.6735097, 
        813456205.8877429
      ], 
      "q99%": 830963057.5900804, 
      "sigma": 50208904.69329661
    }, 
    {
      "5sigma": [
        3096.230882140296, 
        3149.9037061673152
      ], 
      "3sigma": [
        3096.230882140296, 
        3128.6413528512076
      ], 
      "median": 3102.4169244325885, 
      "q90%": 3122.0206543403956, 
      "q10%": 3098.555306283061, 
      "q25%": 3099.929533572622, 
      "q01%": 3096.699520367367, 
      "q75%": 3106.2626013747495, 
      "1sigma": [
        3099.174803623247, 
        3108.8794290820497
      ], 
      "2sigma": [
        3097.1946275122614, 
        3118.5352483931774
      ], 
      "q99%": 3122.0206543403956, 
      "sigma": 4.852312729401319
    }
  ], 
  "global evidence error": 0.19922068976468338, 
  "nested sampling global log-evidence error": 0.42168121069665626
}