{
  "nested importance sampling global log-evidence": -275.25268745847177, 
  "global evidence": -275.25268745847177, 
  "modes": [
    {
      "index": 0, 
      "local log-evidence": -275.25268745847177, 
      "strictly local log-evidence": -275.25268745847177, 
      "local log-evidence error": 0.024163864307617862, 
      "maximum": [
        2.9440272963152956, 
        1.2565956985674154, 
        9.096296090429206, 
        983759366.9575173, 
        524.2695128624056
      ], 
      "maximum a posterior": [
        32.63843475495907, 
        1.361899621563487, 
        15.880989273511567, 
        100984623.65188472, 
        529.1972833595044
      ], 
      "sigma": [
        9.085746510314523, 
        0.05237876396247879, 
        4.829783582661395, 
        489131113.3542569, 
        3.1604457525145087
      ], 
      "strictly local log-evidence error": 0.024163864307617862, 
      "mean": [
        13.19296763476364, 
        1.3030205101595906, 
        12.52053490863632, 
        660519910.3629694, 
        528.9003341345509
      ]
    }
  ], 
  "nested importance sampling global log-evidence error": 0.024163864307617862, 
  "nested sampling global log-evidence": -274.09773886012755, 
  "marginals": [
    {
      "5sigma": [
        0.032495686223711205, 
        59.18671678387688
      ], 
      "3sigma": [
        0.0379003632786061, 
        44.63035607139505
      ], 
      "median": 11.663359430272818, 
      "q90%": 37.24137822726157, 
      "q10%": 2.7722954820562604, 
      "q25%": 5.597295328205873, 
      "q01%": 0.6761296763033585, 
      "q75%": 19.310879557558142, 
      "1sigma": [
        3.943414793598104, 
        23.011960148171518
      ], 
      "2sigma": [
        0.9683940774102341, 
        32.982874079188285
      ], 
      "q99%": 37.24137822726157, 
      "sigma": 9.534272677286706
    }, 
    {
      "5sigma": [
        1.1825738700552053, 
        1.36891906405383
      ], 
      "3sigma": [
        1.2208265974945793, 
        1.3665030872500934
      ], 
      "median": 1.2606798778099453, 
      "q90%": 1.3653086240773766, 
      "q10%": 1.2548415013045175, 
      "q25%": 1.2568337505813039, 
      "q01%": 1.2507920744493497, 
      "q75%": 1.362576375039259, 
      "1sigma": [
        1.2557944263163265, 
        1.3633747379593666
      ], 
      "2sigma": [
        1.252292686737014, 
        1.3648338001015188
      ], 
      "q99%": 1.3653086240773766, 
      "sigma": 0.053790155821520025
    }, 
    {
      "5sigma": [
        0.33743823875920803, 
        44.47968257256465
      ], 
      "3sigma": [
        1.0907417197401976, 
        30.240883925960617
      ], 
      "median": 12.88449074560644, 
      "q90%": 23.19237318320249, 
      "q10%": 6.260873999050541, 
      "q25%": 8.77477541267428, 
      "q01%": 2.823753072357567, 
      "q75%": 15.985324317577927, 
      "1sigma": [
        7.211566748326035, 
        17.576522266870676
      ], 
      "2sigma": [
        3.6229128895412765, 
        21.07941638175942
      ], 
      "q99%": 23.19237318320249, 
      "sigma": 5.18247775927232
    }, 
    {
      "5sigma": [
        100003748.0457569, 
        1646197830.6449552
      ], 
      "3sigma": [
        100003748.0457569, 
        1457616257.3497877
      ], 
      "median": 947869102.975139, 
      "q90%": 1378461508.7964327, 
      "q10%": 100358499.00145964, 
      "q25%": 101330632.22828661, 
      "q01%": 100041573.78765924, 
      "q75%": 1027086478.1005148, 
      "1sigma": [
        100718268.8517604, 
        1062054179.726452
      ], 
      "2sigma": [
        100088346.52444023, 
        1336344743.8723428
      ], 
      "q99%": 1378461508.7964327, 
      "sigma": 480667955.4373458
    }, 
    {
      "5sigma": [
        524.2695128624056, 
        562.9811582735584
      ], 
      "3sigma": [
        524.2695128624056, 
        545.2423842677719
      ], 
      "median": 528.2848789921529, 
      "q90%": 539.7526743090157, 
      "q10%": 525.6587074095676, 
      "q25%": 526.7975647704573, 
      "q01%": 524.4030543833238, 
      "q75%": 530.0802866714549, 
      "1sigma": [
        526.117111543104, 
        531.5756181826778
      ], 
      "2sigma": [
        524.9038467501217, 
        537.567911673799
      ], 
      "q99%": 539.7526743090157, 
      "sigma": 2.729253319786892
    }
  ], 
  "global evidence error": 0.024163864307617862, 
  "nested sampling global log-evidence error": 0.31060540550549803
}