{
  "nested importance sampling global log-evidence": -193.31073000080625, 
  "global evidence": -193.31073000080625, 
  "modes": [
    {
      "index": 0, 
      "local log-evidence": -193.31073000080625, 
      "strictly local log-evidence": -193.31073000080625, 
      "local log-evidence error": 0.2405477315077692, 
      "maximum": [
        4.728371663442446, 
        1.3536713569748209, 
        8.627895448626386, 
        100019671.99349421, 
        366.2131277851901
      ], 
      "maximum a posterior": [
        4.728371663442446, 
        1.3536713569748209, 
        8.627895448626386, 
        100019671.99349421, 
        366.2131277851901
      ], 
      "sigma": [
        9.80068250904015, 
        0.0033607884247269437, 
        4.837020578673654, 
        8522205.957300492, 
        3.5741826593356594
      ], 
      "strictly local log-evidence error": 0.2405477315077692, 
      "mean": [
        13.367267863872351, 
        1.3573313988903346, 
        10.750791880754305, 
        103566552.27851066, 
        371.9839798224339
      ]
    }
  ], 
  "nested importance sampling global log-evidence error": 0.2405477315077692, 
  "nested sampling global log-evidence": -193.455425953333, 
  "marginals": [
    {
      "5sigma": [
        0.07219615780995459, 
        73.46040119019293
      ], 
      "3sigma": [
        0.10318027820420297, 
        46.258803261275936
      ], 
      "median": 11.268627367092988, 
      "q90%": 39.78183046860052, 
      "q10%": 2.555518885309253, 
      "q25%": 5.3826819362978835, 
      "q01%": 0.35999300926171585, 
      "q75%": 19.770598250942847, 
      "1sigma": [
        3.8397753539526747, 
        23.864291611220224
      ], 
      "2sigma": [
        0.7311522812367487, 
        36.45041895187879
      ], 
      "q99%": 39.78183046860052, 
      "sigma": 10.012258128633775
    }, 
    {
      "5sigma": [
        1.3475145476829062, 
        1.375456502133121
      ], 
      "3sigma": [
        1.3486944814205277, 
        1.3674428049556813
      ], 
      "median": 1.3571635652402818, 
      "q90%": 1.3658341349874095, 
      "q10%": 1.3531972307262083, 
      "q25%": 1.3550010823358, 
      "q01%": 1.3501976504427804, 
      "q75%": 1.3595848903803458, 
      "1sigma": [
        1.3539567977770315, 
        1.360560823874299
      ], 
      "2sigma": [
        1.3507275168244406, 
        1.3646312430170402
      ], 
      "q99%": 1.3658341349874095, 
      "sigma": 0.0033020130486337562
    }, 
    {
      "5sigma": [
        0.0020575988615133952, 
        37.57249414500018
      ], 
      "3sigma": [
        0.27018891611253726, 
        25.15989818450954
      ], 
      "median": 10.432955372461526, 
      "q90%": 22.19511060547585, 
      "q10%": 4.38453941286639, 
      "q25%": 7.5324271099583315, 
      "q01%": 0.8766311812920107, 
      "q75%": 13.989567104153794, 
      "1sigma": [
        5.777681186782339, 
        15.457778598117828
      ], 
      "2sigma": [
        1.9807604343775995, 
        20.622317336297584
      ], 
      "q99%": 22.19511060547585, 
      "sigma": 4.840048705667744
    }, 
    {
      "5sigma": [
        100010409.96127637, 
        1364640588.489313
      ], 
      "3sigma": [
        100010409.96127637, 
        142733956.61709645
      ], 
      "median": 102158122.00194485, 
      "q90%": 126697806.33554202, 
      "q10%": 100329449.24640884, 
      "q25%": 100846034.87250692, 
      "q01%": 100031818.51202095, 
      "q75%": 104348796.132893, 
      "1sigma": [
        100534883.62485673, 
        105672213.35550691
      ], 
      "2sigma": [
        100067518.91810675, 
        116929063.77392136
      ], 
      "q99%": 126697806.33554202, 
      "sigma": 2568664.8653250933
    }, 
    {
      "5sigma": [
        366.2131277851901, 
        407.4741274006455
      ], 
      "3sigma": [
        366.2131277851901, 
        388.0622474898965
      ], 
      "median": 371.4022987947013, 
      "q90%": 383.38313556661194, 
      "q10%": 368.02791557775083, 
      "q25%": 369.22484262117695, 
      "q01%": 366.6467245485812, 
      "q75%": 373.8117717098287, 
      "1sigma": [
        368.4652062002227, 
        375.1033506144154
      ], 
      "2sigma": [
        366.96340819072606, 
        380.610795212237
      ], 
      "q99%": 383.38313556661194, 
      "sigma": 3.319072207096326
    }
  ], 
  "global evidence error": 0.2405477315077692, 
  "nested sampling global log-evidence error": 0.2731928996536955
}