{
  "nested importance sampling global log-evidence": -190.45131572771098, 
  "global evidence": -190.45131572771098, 
  "modes": [
    {
      "index": 0, 
      "local log-evidence": -190.45131572771098, 
      "strictly local log-evidence": -190.45131572771098, 
      "local log-evidence error": 0.022468928574361727, 
      "maximum": [
        11.612976829041191, 
        1.1259355383507637, 
        12.770537165498922, 
        117983513.83900964, 
        352.8138293383543
      ], 
      "maximum a posterior": [
        11.612976829041191, 
        1.1259355383507637, 
        12.770537165498922, 
        117983513.83900964, 
        352.8138293383543
      ], 
      "sigma": [
        13.273130738399953, 
        0.02009592717515742, 
        4.4508781552309635, 
        382813388.1349838, 
        3.544755660735285
      ], 
      "strictly local log-evidence error": 0.022468928574361727, 
      "mean": [
        16.825299114423053, 
        1.2592165971936637, 
        7.632372820269064, 
        513408854.97943807, 
        362.00654564069987
      ]
    }
  ], 
  "nested importance sampling global log-evidence error": 0.022468928574361727, 
  "nested sampling global log-evidence": -189.51937290982846, 
  "marginals": [
    {
      "5sigma": [
        0.006103824341383447, 
        82.34504092519968
      ], 
      "3sigma": [
        0.06090635739513488, 
        67.68381698421334
      ], 
      "median": 13.585454555895735, 
      "q90%": 55.43502568170668, 
      "q10%": 2.2196987309102525, 
      "q25%": 6.487581353797562, 
      "q01%": 0.20512049037343447, 
      "q75%": 23.773527703759886, 
      "1sigma": [
        4.0125633003756285, 
        30.025688257760333
      ], 
      "2sigma": [
        0.4794107649132526, 
        49.69069371637578
      ], 
      "q99%": 55.43502568170668, 
      "sigma": 13.006562478692352
    }, 
    {
      "5sigma": [
        1.1259355383507637, 
        1.373267643710863
      ], 
      "3sigma": [
        1.1259355383507637, 
        1.3564502846262994
      ], 
      "median": 1.251371983773111, 
      "q90%": 1.2879022887477758, 
      "q10%": 1.2432324587991948, 
      "q25%": 1.2460726773724675, 
      "q01%": 1.2358023102689688, 
      "q75%": 1.2777031290290708, 
      "1sigma": [
        1.2443295074400091, 
        1.280062881195916
      ], 
      "2sigma": [
        1.2395965035901915, 
        1.284584692275493
      ], 
      "q99%": 1.2879022887477758, 
      "sigma": 0.017866686877953453
    }, 
    {
      "5sigma": [
        0.026754540499778608, 
        36.7419499809404
      ], 
      "3sigma": [
        0.026754540499778608, 
        22.900208388263405
      ], 
      "median": 7.141440295192542, 
      "q90%": 19.51699089248445, 
      "q10%": 2.2760224546759455, 
      "q25%": 4.218895995912338, 
      "q01%": 0.1210009555550852, 
      "q75%": 10.44804631659291, 
      "1sigma": [
        3.150189222264991, 
        12.247617243140798
      ], 
      "2sigma": [
        0.34864237221253414, 
        18.251262643616656
      ], 
      "q99%": 19.51699089248445, 
      "sigma": 4.548714010437903
    }, 
    {
      "5sigma": [
        100008516.54222305, 
        1582220474.2946582
      ], 
      "3sigma": [
        100008516.54222305, 
        1334458135.9141936
      ], 
      "median": 712275202.0592134, 
      "q90%": 1031899951.5875518, 
      "q10%": 102010421.29391013, 
      "q25%": 108334874.48072743, 
      "q01%": 100094833.35935238, 
      "q75%": 882175350.1238865, 
      "1sigma": [
        104248029.39462648, 
        919591055.5355145
      ], 
      "2sigma": [
        100271713.75452234, 
        998436357.9364579
      ], 
      "q99%": 1031899951.5875518, 
      "sigma": 407671513.070444
    }, 
    {
      "5sigma": [
        352.8138293383543, 
        397.35710403267586
      ], 
      "3sigma": [
        352.8138293383543, 
        378.64165514917954
      ], 
      "median": 361.36541257087686, 
      "q90%": 373.2626263602402, 
      "q10%": 358.0316109193281, 
      "q25%": 359.4100974450161, 
      "q01%": 356.7935273316411, 
      "q75%": 363.979133694107, 
      "1sigma": [
        358.74396554006137, 
        365.54979993244444
      ], 
      "2sigma": [
        357.0675008546495, 
        370.21887241504936
      ], 
      "q99%": 373.2626263602402, 
      "sigma": 3.402917196191538
    }
  ], 
  "global evidence error": 0.022468928574361727, 
  "nested sampling global log-evidence error": 0.2918235783728848
}