{
  "nested importance sampling global log-evidence": -193.39356945647987, 
  "global evidence": -193.39356945647987, 
  "modes": [
    {
      "index": 0, 
      "local log-evidence": -193.39356945647987, 
      "strictly local log-evidence": -193.39356945647987, 
      "local log-evidence error": 0.1470577635913049, 
      "maximum": [
        4.5271468177780525, 
        1.3551434736558228, 
        9.82872478960232, 
        100007437.81572852, 
        366.2667818755094
      ], 
      "maximum a posterior": [
        4.5271468177780525, 
        1.3551434736558228, 
        9.82872478960232, 
        100007437.81572852, 
        366.2667818755094
      ], 
      "sigma": [
        9.659771022600278, 
        0.003303016383191366, 
        4.586135000236074, 
        11332150.540571546, 
        3.523210495398164
      ], 
      "strictly local log-evidence error": 0.1470577635913049, 
      "mean": [
        12.93622081091949, 
        1.3566221950700035, 
        10.903610700266526, 
        103695810.89418468, 
        371.6562218944387
      ]
    }
  ], 
  "nested importance sampling global log-evidence error": 0.1470577635913049, 
  "nested sampling global log-evidence": -192.76703556273458, 
  "marginals": [
    {
      "5sigma": [
        0.03564644449874075, 
        79.73946856971402
      ], 
      "3sigma": [
        0.03616165771107706, 
        49.02565866404147
      ], 
      "median": 10.908177648279018, 
      "q90%": 41.91748624712706, 
      "q10%": 2.233487817324973, 
      "q25%": 5.234042436085978, 
      "q01%": 0.1663980889494554, 
      "q75%": 18.519771169710044, 
      "1sigma": [
        3.2267358277685165, 
        22.94888447881014
      ], 
      "2sigma": [
        0.5560746436805594, 
        35.82363070280974
      ], 
      "q99%": 41.91748624712706, 
      "sigma": 9.86107432552081
    }, 
    {
      "5sigma": [
        1.3440665138518626, 
        1.371683502865142
      ], 
      "3sigma": [
        1.3485359439886837, 
        1.3684806458390883
      ], 
      "median": 1.3565358462552128, 
      "q90%": 1.3647010334002652, 
      "q10%": 1.352497994487673, 
      "q25%": 1.3543594947734727, 
      "q01%": 1.3496147640626694, 
      "q75%": 1.358783622428716, 
      "1sigma": [
        1.3531499927328676, 
        1.3599874468182125
      ], 
      "2sigma": [
        1.3506169398326344, 
        1.3634570132176822
      ], 
      "q99%": 1.3647010334002652, 
      "sigma": 0.0034187270426724314
    }, 
    {
      "5sigma": [
        0.017407148622564008, 
        38.20291419423424
      ], 
      "3sigma": [
        0.017407148622564008, 
        24.503957589049918
      ], 
      "median": 10.985002720598247, 
      "q90%": 21.663710125019385, 
      "q10%": 4.733895387552608, 
      "q25%": 7.532230625287327, 
      "q01%": 1.3788247245750862, 
      "q75%": 13.889045185265838, 
      "1sigma": [
        6.26726122763549, 
        15.532831222102061
      ], 
      "2sigma": [
        2.298853426814764, 
        19.781814260068945
      ], 
      "q99%": 21.663710125019385, 
      "sigma": 4.632784997233285
    }, 
    {
      "5sigma": [
        100007437.81572852, 
        1379266456.608023
      ], 
      "3sigma": [
        100007437.81572852, 
        144694668.06457093
      ], 
      "median": 102230428.29882017, 
      "q90%": 125172300.43746948, 
      "q10%": 100295433.78383328, 
      "q25%": 100850879.03244974, 
      "q01%": 100027758.62081596, 
      "q75%": 104605478.94527642, 
      "1sigma": [
        100487875.19779165, 
        105869716.51846318
      ], 
      "2sigma": [
        100077355.76988135, 
        116754017.8798338
      ], 
      "q99%": 125172300.43746948, 
      "sigma": 2690920.6603357643
    }, 
    {
      "5sigma": [
        366.2667818755094, 
        405.9743501385922
      ], 
      "3sigma": [
        366.2667818755094, 
        386.77873236453155
      ], 
      "median": 370.8931160072067, 
      "q90%": 382.4108577139946, 
      "q10%": 367.866645583484, 
      "q25%": 369.07525776395994, 
      "q01%": 366.60062644230686, 
      "q75%": 373.58999728818, 
      "1sigma": [
        368.3712590126914, 
        375.01663733556666
      ], 
      "2sigma": [
        366.93240086879604, 
        380.34727620251454
      ], 
      "q99%": 382.4108577139946, 
      "sigma": 3.322689161437637
    }
  ], 
  "global evidence error": 0.1470577635913049, 
  "nested sampling global log-evidence error": 0.26341838613645585
}