{
  "nested importance sampling global log-evidence": -65.651957201466, 
  "global evidence": -65.651957201466, 
  "modes": [
    {
      "index": 0, 
      "local log-evidence": -65.651957201466, 
      "strictly local log-evidence": -65.651957201466, 
      "local log-evidence error": 0.05192630122212854, 
      "maximum": [
        13.536200805149855, 
        1.3630220713686936, 
        6.032664095944881, 
        41237215.69889581, 
        113.89222169365033
      ], 
      "maximum a posterior": [
        33.632222200117134, 
        1.3748985906523712, 
        6.786488115631868, 
        34836043.76539593, 
        116.88639449990897
      ], 
      "sigma": [
        15.195184086688709, 
        0.007653735062381146, 
        4.403167836527251, 
        43323243.45146568, 
        2.70981631238318
      ], 
      "strictly local log-evidence error": 0.05192630122212854, 
      "mean": [
        22.183773346469803, 
        1.3665954887443885, 
        7.919431369454585, 
        51237372.09837976, 
        117.45506059911853
      ]
    }
  ], 
  "nested importance sampling global log-evidence error": 0.05192630122212854, 
  "nested sampling global log-evidence": -65.34269949195205, 
  "marginals": [
    {
      "5sigma": [
        0.03739774671498731, 
        118.80786792817761
      ], 
      "3sigma": [
        0.12820194394749176, 
        74.22077962850975
      ], 
      "median": 19.610569985693278, 
      "q90%": 64.35205832304288, 
      "q10%": 4.462542730073425, 
      "q25%": 10.160625317933855, 
      "q01%": 0.5161057879045013, 
      "q75%": 30.542155001223293, 
      "1sigma": [
        6.889620986585855, 
        37.99159082357113
      ], 
      "2sigma": [
        1.1947458023391104, 
        56.595378484151595
      ], 
      "q99%": 64.35205832304288, 
      "sigma": 15.550984918492638
    }, 
    {
      "5sigma": [
        1.3406437120540158, 
        1.3917877099017566
      ], 
      "3sigma": [
        1.34465977332085, 
        1.3906154161713595
      ], 
      "median": 1.3668617146866235, 
      "q90%": 1.3862471627476225, 
      "q10%": 1.356930253447166, 
      "q25%": 1.362171460186384, 
      "q01%": 1.3471118036618905, 
      "q75%": 1.3715429603629947, 
      "1sigma": [
        1.35988926922888, 
        1.3736375567190215
      ], 
      "2sigma": [
        1.349214050640238, 
        1.380622091377456
      ], 
      "q99%": 1.3862471627476225, 
      "sigma": 0.006874143745070782
    }, 
    {
      "5sigma": [
        0.013289647531070179, 
        41.983064649056935
      ], 
      "3sigma": [
        0.03720251955802123, 
        21.548448399759046
      ], 
      "median": 7.438349601319602, 
      "q90%": 19.193585537965166, 
      "q10%": 2.2816422899085733, 
      "q25%": 4.6556604829986075, 
      "q01%": 0.3309875476115077, 
      "q75%": 10.846936866168413, 
      "1sigma": [
        3.409767976339266, 
        12.746052135599632
      ], 
      "2sigma": [
        0.7934041766379096, 
        17.36837651374177
      ], 
      "q99%": 19.193585537965166, 
      "sigma": 4.668142079630183
    }, 
    {
      "5sigma": [
        10148040.807404099, 
        1585931016.3694043
      ], 
      "3sigma": [
        11629821.446760492, 
        739805411.139872
      ], 
      "median": 44514046.75445404, 
      "q90%": 142824202.59387586, 
      "q10%": 32253761.276495613, 
      "q25%": 37100611.97057267, 
      "q01%": 13478854.762175422, 
      "q75%": 56536235.092634924, 
      "1sigma": [
        34090047.234469004, 
        63805256.50466458
      ], 
      "2sigma": [
        23567114.67611267, 
        97788248.03749073
      ], 
      "q99%": 142824202.59387586, 
      "sigma": 14857604.635097787
    }, 
    {
      "5sigma": [
        113.89222169365033, 
        147.94027113484208
      ], 
      "3sigma": [
        113.89222169365033, 
        130.85732840576915
      ], 
      "median": 116.70545306928234, 
      "q90%": 126.36299713069188, 
      "q10%": 114.70553978351181, 
      "q25%": 115.49464183476026, 
      "q01%": 114.05847426454011, 
      "q75%": 118.70780288422117, 
      "1sigma": [
        115.06482422144981, 
        119.93507293924802
      ], 
      "2sigma": [
        114.26288710892807, 
        124.44256053015054
      ], 
      "q99%": 126.36299713069188, 
      "sigma": 2.4351243588991025
    }
  ], 
  "global evidence error": 0.05192630122212854, 
  "nested sampling global log-evidence error": 0.2571997121381594
}