{
  "nested importance sampling global log-evidence": -578.8555011889242, 
  "global evidence": -578.8555011889242, 
  "modes": [
    {
      "index": 0, 
      "local log-evidence": -578.8555011889242, 
      "strictly local log-evidence": -578.8555011889242, 
      "local log-evidence error": 0.028633885144553946, 
      "maximum": [
        92.37410919596587, 
        1.1179359816101453, 
        68.93885443739495, 
        165711202.76296142, 
        1133.64137920028
      ], 
      "maximum a posterior": [
        83.35212249152856, 
        1.1163083475804365, 
        68.46025865161884, 
        182191680.86239538, 
        1138.0463166505858
      ], 
      "sigma": [
        6.3820433585515595, 
        0.0009247686065604829, 
        5.958854544418387, 
        38681872.035127, 
        2.8323907660150485
      ], 
      "strictly local log-evidence error": 0.028633885144553946, 
      "mean": [
        90.84588378514076, 
        1.11798565523206, 
        70.54751103384272, 
        170638705.94473344, 
        1137.8130508465144
      ]
    }
  ], 
  "nested importance sampling global log-evidence error": 0.028633885144553946, 
  "nested sampling global log-evidence": -578.987993823941, 
  "marginals": [
    {
      "5sigma": [
        60.76480810059067, 
        121.41515772733472
      ], 
      "3sigma": [
        71.3343107522593, 
        108.65819650435219
      ], 
      "median": 90.47359280564218, 
      "q90%": 105.5278781612095, 
      "q10%": 82.90503592870519, 
      "q25%": 86.48904774773597, 
      "q01%": 76.60294297267166, 
      "q75%": 95.27021939522714, 
      "1sigma": [
        84.89319947205134, 
        97.32155865161418
      ], 
      "2sigma": [
        78.75028762081843, 
        103.02503155430227
      ], 
      "q99%": 105.5278781612095, 
      "sigma": 6.214179589781423
    }, 
    {
      "5sigma": [
        1.1125994660304395, 
        1.1223037754515057
      ], 
      "3sigma": [
        1.1150729967018975, 
        1.12057232279204
      ], 
      "median": 1.1179721409736258, 
      "q90%": 1.1202128869631405, 
      "q10%": 1.1168479305373793, 
      "q25%": 1.1173962802618347, 
      "q01%": 1.1157559989806183, 
      "q75%": 1.118572817788372, 
      "1sigma": [
        1.1171496856445176, 
        1.1188908556117307
      ], 
      "2sigma": [
        1.1161228767766354, 
        1.1198464221300075
      ], 
      "q99%": 1.1202128869631405, 
      "sigma": 0.0008705849836065926
    }, 
    {
      "5sigma": [
        46.62810456006007, 
        99.26341605288917
      ], 
      "3sigma": [
        54.075877498578954, 
        88.86499248357384
      ], 
      "median": 70.1168484506032, 
      "q90%": 85.13880084760596, 
      "q10%": 63.210353529017375, 
      "q25%": 66.76245713720793, 
      "q01%": 58.20412454662896, 
      "q75%": 74.1678960348133, 
      "1sigma": [
        64.96339765787617, 
        76.65298345096225
      ], 
      "2sigma": [
        59.0873007012416, 
        83.16594654062685
      ], 
      "q99%": 85.13880084760596, 
      "sigma": 5.844792896543041
    }, 
    {
      "5sigma": [
        49306953.76558526, 
        352351360.2456049
      ], 
      "3sigma": [
        69196200.28931278, 
        272260616.788578
      ], 
      "median": 170217779.1533418, 
      "q90%": 257168003.6350208, 
      "q10%": 118155798.62701671, 
      "q25%": 145307253.05650586, 
      "q01%": 87383425.66063139, 
      "q75%": 194935947.27023205, 
      "1sigma": [
        133211854.87106809, 
        211044785.75913942
      ], 
      "2sigma": [
        91475219.28858943, 
        245987568.60664564
      ], 
      "q99%": 257168003.6350208, 
      "sigma": 38916465.444035664
    }, 
    {
      "5sigma": [
        1133.64137920028, 
        1168.8735500636656
      ], 
      "3sigma": [
        1133.64137920028, 
        1151.7036316091965
      ], 
      "median": 1137.3384691235574, 
      "q90%": 1147.0278574329113, 
      "q10%": 1134.6655957387475, 
      "q25%": 1135.797611770428, 
      "q01%": 1133.7974148288472, 
      "q75%": 1139.3265974852575, 
      "1sigma": [
        1135.2441004078378, 
        1140.3126528663408
      ], 
      "2sigma": [
        1133.9427653468847, 
        1144.7924321470728
      ], 
      "q99%": 1147.0278574329113, 
      "sigma": 2.5342762292515317
    }
  ], 
  "global evidence error": 0.028633885144553946, 
  "nested sampling global log-evidence error": 0.3175132816309015
}