{
  "nested importance sampling global log-evidence": -268.6520593952285, 
  "global evidence": -268.6520593952285, 
  "modes": [
    {
      "index": 0, 
      "local log-evidence": -268.6520593952285, 
      "strictly local log-evidence": -268.6520593952285, 
      "local log-evidence error": 0.023574731930470622, 
      "maximum": [
        29.6410347144678, 
        1.1285999034482088, 
        31.8139388526235, 
        33617532.00384729, 
        517.9614489542615
      ], 
      "maximum a posterior": [
        44.054396861101104, 
        1.1301426895251954, 
        33.64944477582811, 
        14349213.787250493, 
        523.7492342381398
      ], 
      "sigma": [
        9.07260623900684, 
        0.002589154605887196, 
        6.259433846508887, 
        24658558.396132603, 
        3.0694234355394956
      ], 
      "strictly local log-evidence error": 0.023574731930470622, 
      "mean": [
        31.069479439516048, 
        1.128480004862119, 
        32.742073312612895, 
        45823011.64299675, 
        522.5125319510905
      ]
    }
  ], 
  "nested importance sampling global log-evidence error": 0.023574731930470622, 
  "nested sampling global log-evidence": -268.14143034529377, 
  "marginals": [
    {
      "5sigma": [
        0.5677159281547823, 
        74.62504309471299
      ], 
      "3sigma": [
        4.502912348683368, 
        59.19907735644419
      ], 
      "median": 30.6663688771819, 
      "q90%": 54.02044071425533, 
      "q10%": 20.044882067458875, 
      "q25%": 24.975751947797356, 
      "q01%": 10.5015175289743, 
      "q75%": 36.51306970704864, 
      "1sigma": [
        22.542425367171646, 
        40.1136121762298
      ], 
      "2sigma": [
        13.602264002451468, 
        50.07142933378142
      ], 
      "q99%": 54.02044071425533, 
      "sigma": 8.785593404529077
    }, 
    {
      "5sigma": [
        1.1120749994212396, 
        1.1488896009530438
      ], 
      "3sigma": [
        1.1214269694601544, 
        1.1378626321124719
      ], 
      "median": 1.128463873602174, 
      "q90%": 1.1357167597153965, 
      "q10%": 1.1252143867749624, 
      "q25%": 1.1266806949184043, 
      "q01%": 1.1229492944047905, 
      "q75%": 1.1301272836657936, 
      "1sigma": [
        1.125965015004506, 
        1.1310307551243313
      ], 
      "2sigma": [
        1.1235420819656374, 
        1.133406762761923
      ], 
      "q99%": 1.1357167597153965, 
      "sigma": 0.002532870059912651
    }, 
    {
      "5sigma": [
        2.432806491393206, 
        67.33405694963145
      ], 
      "3sigma": [
        12.31084241096548, 
        50.904615648584134
      ], 
      "median": 32.43550704339282, 
      "q90%": 46.930975403398726, 
      "q10%": 24.91533455244551, 
      "q25%": 28.800882687449416, 
      "q01%": 16.86776862812142, 
      "q75%": 36.72111533794199, 
      "1sigma": [
        26.974839058278278, 
        39.136962212620624
      ], 
      "2sigma": [
        19.853438589715285, 
        45.35113957554528
      ], 
      "q99%": 46.930975403398726, 
      "sigma": 6.081061577171173
    }, 
    {
      "5sigma": [
        10064578.16397854, 
        227906352.68177032
      ], 
      "3sigma": [
        10544972.92055322, 
        188251877.92443514
      ], 
      "median": 39463236.727320865, 
      "q90%": 124669691.22639115, 
      "q10%": 22277313.22471469, 
      "q25%": 33299176.553553447, 
      "q01%": 11381055.652716456, 
      "q75%": 52142597.52765259, 
      "1sigma": [
        29225475.226121414, 
        63905797.863638245
      ], 
      "2sigma": [
        11826756.170894882, 
        113193703.94047922
      ], 
      "q99%": 124669691.22639115, 
      "sigma": 17340161.318758413
    }, 
    {
      "5sigma": [
        517.9614489542615, 
        553.1446851236933
      ], 
      "3sigma": [
        517.9614489542615, 
        536.1252688995547
      ], 
      "median": 521.9385575701692, 
      "q90%": 531.9420309402394, 
      "q10%": 519.154289633018, 
      "q25%": 520.1042439115992, 
      "q01%": 518.1492729391705, 
      "q75%": 523.98401560768, 
      "1sigma": [
        519.6324662241273, 
        525.622317808965
      ], 
      "2sigma": [
        518.407959538059, 
        530.0933701945446
      ], 
      "q99%": 531.9420309402394, 
      "sigma": 2.994925792418883
    }
  ], 
  "global evidence error": 0.023574731930470622, 
  "nested sampling global log-evidence error": 0.26239596737929505
}