{
  "nested importance sampling global log-evidence": -275.30992845262966, 
  "global evidence": -275.30992845262966, 
  "modes": [
    {
      "index": 0, 
      "local log-evidence": -275.30992845262966, 
      "strictly local log-evidence": -275.30992845262966, 
      "local log-evidence error": 0.02948593481063441, 
      "maximum": [
        99.17064567550968, 
        1.1137079749927046, 
        83.69441610259388, 
        233009387.83320048, 
        526.1175163530185
      ], 
      "maximum a posterior": [
        94.36631226932656, 
        1.1154520842612878, 
        83.60863760530941, 
        211792636.4191338, 
        531.7855924427793
      ], 
      "sigma": [
        7.3445193689072354, 
        0.0011754916929900938, 
        7.051678769420419, 
        55102487.792546496, 
        2.8579505157741165
      ], 
      "strictly local log-evidence error": 0.02948593481063441, 
      "mean": [
        100.51311525270928, 
        1.113603173644732, 
        81.430546910675, 
        211376277.05235773, 
        530.4096533980701
      ]
    }
  ], 
  "nested importance sampling global log-evidence error": 0.02948593481063441, 
  "nested sampling global log-evidence": -274.74435992697806, 
  "marginals": [
    {
      "5sigma": [
        64.22614091062184, 
        131.50474159607194
      ], 
      "3sigma": [
        78.99132177075533, 
        121.2479045564669
      ], 
      "median": 100.75687321724492, 
      "q90%": 116.97520261718779, 
      "q10%": 90.80730251383437, 
      "q25%": 95.45861945430799, 
      "q01%": 83.5447474008686, 
      "q75%": 105.61533105289699, 
      "1sigma": [
        93.1724197811174, 
        107.86335084016233
      ], 
      "2sigma": [
        86.02755892032754, 
        114.08439136869725
      ], 
      "q99%": 116.97520261718779, 
      "sigma": 7.345465529522464
    }, 
    {
      "5sigma": [
        1.1076257214729046, 
        1.1188037436890796
      ], 
      "3sigma": [
        1.1096906974862975, 
        1.1169358149918032
      ], 
      "median": 1.113679478524615, 
      "q90%": 1.1161494594944998, 
      "q10%": 1.1119461053542619, 
      "q25%": 1.112885938880308, 
      "q01%": 1.1106466400991695, 
      "q75%": 1.1144039857749881, 
      "1sigma": [
        1.112442220830658, 
        1.1147248957244085
      ], 
      "2sigma": [
        1.1110832697839412, 
        1.115780295396043
      ], 
      "q99%": 1.1161494594944998, 
      "sigma": 0.001141337446875279
    }, 
    {
      "5sigma": [
        52.375204292928046, 
        99.06667066647364
      ], 
      "3sigma": [
        61.54018146600691, 
        98.92388007191617
      ], 
      "median": 81.21687935545354, 
      "q90%": 97.61869760086675, 
      "q10%": 72.3110794881368, 
      "q25%": 76.55722562237851, 
      "q01%": 65.98725416856479, 
      "q75%": 86.60415454850666, 
      "1sigma": [
        74.4406436404339, 
        88.58325427326844
      ], 
      "2sigma": [
        67.95495558599391, 
        94.74533031382164
      ], 
      "q99%": 97.61869760086675, 
      "sigma": 7.071305316417266
    }, 
    {
      "5sigma": [
        48214648.09543504, 
        482216355.6096646
      ], 
      "3sigma": [
        81457586.00242901, 
        406872670.1007521
      ], 
      "median": 212722043.337425, 
      "q90%": 344626896.95126593, 
      "q10%": 140903724.1920953, 
      "q25%": 168405865.2269824, 
      "q01%": 99810862.33047463, 
      "q75%": 250091336.67470124, 
      "1sigma": [
        151573394.2640019, 
        264962078.17345044
      ], 
      "2sigma": [
        110834095.01020662, 
        318025182.84558815
      ], 
      "q99%": 344626896.95126593, 
      "sigma": 56694341.95472427
    }, 
    {
      "5sigma": [
        526.1175163530185, 
        561.9564042951042
      ], 
      "3sigma": [
        526.1175163530185, 
        544.7371996422096
      ], 
      "median": 529.8361466647959, 
      "q90%": 539.7710719011419, 
      "q10%": 527.4047656438008, 
      "q25%": 528.2969129452396, 
      "q01%": 526.3990163061644, 
      "q75%": 531.7664819360571, 
      "1sigma": [
        527.7202589930803, 
        532.9483750979443
      ], 
      "2sigma": [
        526.692478498263, 
        537.0855101203892
      ], 
      "q99%": 539.7710719011419, 
      "sigma": 2.6140580524320285
    }
  ], 
  "global evidence error": 0.02948593481063441, 
  "nested sampling global log-evidence error": 0.3088613479854897
}