{
  "nested importance sampling global log-evidence": -83.98160678944615, 
  "global evidence": -83.98160678944615, 
  "modes": [
    {
      "index": 0, 
      "local log-evidence": -83.98160678944615, 
      "strictly local log-evidence": -83.98160678944615, 
      "local log-evidence error": 0.029055271660881694, 
      "maximum": [
        90.04243536909425, 
        1.1345073842796558, 
        76.0012537363755, 
        14775452.374558315, 
        149.92537461238516
      ], 
      "maximum a posterior": [
        104.17558235414423, 
        1.1349627716040944, 
        87.38441621350215, 
        26525077.076342285, 
        153.80340214378657
      ], 
      "sigma": [
        14.781105768277657, 
        0.00138118515687553, 
        9.592022020690502, 
        13765019.672567287, 
        2.7123905470852936
      ], 
      "strictly local log-evidence error": 0.029055271660881694, 
      "mean": [
        83.54969213041949, 
        1.1341435983188248, 
        74.68969663817222, 
        22553441.967142012, 
        153.56259811936536
      ]
    }
  ], 
  "nested importance sampling global log-evidence error": 0.029055271660881694, 
  "nested sampling global log-evidence": -82.94101842697432, 
  "marginals": [
    {
      "5sigma": [
        12.387728279884861, 
        155.9093915510409
      ], 
      "3sigma": [
        42.41628358985281, 
        127.41047751145678
      ], 
      "median": 83.32152461043232, 
      "q90%": 117.36004925246576, 
      "q10%": 63.58066468708019, 
      "q25%": 74.26201298421228, 
      "q01%": 48.916083333522735, 
      "q75%": 93.67594731536508, 
      "1sigma": [
        68.77954187297955, 
        98.99243244932592
      ], 
      "2sigma": [
        54.55517064195779, 
        110.16565604054944
      ], 
      "q99%": 117.36004925246576, 
      "sigma": 15.106445288173184
    }, 
    {
      "5sigma": [
        1.127136581787105, 
        1.14163685678019
      ], 
      "3sigma": [
        1.1299912417369093, 
        1.1376481105536018
      ], 
      "median": 1.1341027188847406, 
      "q90%": 1.137259348728857, 
      "q10%": 1.1322988407600634, 
      "q25%": 1.133176599946131, 
      "q01%": 1.1308612178962665, 
      "q75%": 1.1350930470729192, 
      "1sigma": [
        1.1327679544977778, 
        1.1355599823629814
      ], 
      "2sigma": [
        1.1316858149255173, 
        1.1369199012432383
      ], 
      "q99%": 1.137259348728857, 
      "sigma": 0.0013960139326018028
    }, 
    {
      "5sigma": [
        38.498664595129135, 
        99.85194413967359
      ], 
      "3sigma": [
        47.21330771448372, 
        99.63691144486216
      ], 
      "median": 74.57286239136084, 
      "q90%": 96.99008339295969, 
      "q10%": 62.29655769425991, 
      "q25%": 67.81718364142975, 
      "q01%": 53.208014693169055, 
      "q75%": 81.55143027152846, 
      "1sigma": [
        64.92354450450401, 
        84.7444458504108
      ], 
      "2sigma": [
        56.22785249446213, 
        92.63850634539325
      ], 
      "q99%": 96.99008339295969, 
      "sigma": 9.910450672953395
    }, 
    {
      "5sigma": [
        10000278.629309628, 
        314347270.9470812
      ], 
      "3sigma": [
        10029481.857353808, 
        115318892.03220323
      ], 
      "median": 18765675.758034755, 
      "q90%": 81619898.61336897, 
      "q10%": 11776145.827512637, 
      "q25%": 13564570.067833724, 
      "q01%": 10151360.195625423, 
      "q75%": 27922212.85195075, 
      "1sigma": [
        12393239.006461557, 
        31936246.960886803
      ], 
      "2sigma": [
        10286575.25648781, 
        61769521.26024057
      ], 
      "q99%": 81619898.61336897, 
      "sigma": 9771503.977212623
    }, 
    {
      "5sigma": [
        149.92537461238516, 
        183.67519144890247
      ], 
      "3sigma": [
        149.92537461238516, 
        166.67248153189874
      ], 
      "median": 152.9157683179896, 
      "q90%": 162.32934395213937, 
      "q10%": 150.8035321515231, 
      "q25%": 151.60592857744138, 
      "q01%": 150.0554250228338, 
      "q75%": 154.8101598283107, 
      "1sigma": [
        151.09764000509088, 
        156.12781996193723
      ], 
      "2sigma": [
        150.22532090548623, 
        160.3065547058151
      ], 
      "q99%": 162.32934395213937, 
      "sigma": 2.515089978423177
    }
  ], 
  "global evidence error": 0.029055271660881694, 
  "nested sampling global log-evidence error": 0.24818781934834758
}