{
  "nested importance sampling global log-evidence": -426.6156990384178, 
  "global evidence": -426.6156990384178, 
  "modes": [
    {
      "index": 0, 
      "local log-evidence": -426.6156990384178, 
      "strictly local log-evidence": -426.6156990384178, 
      "local log-evidence error": 0.06109967123386362, 
      "maximum": [
        52.751412352596326, 
        1.15157018738424, 
        99.9719448175625, 
        32765501.694085687, 
        822.0186885942634
      ], 
      "maximum a posterior": [
        52.751412352596326, 
        1.15157018738424, 
        99.9719448175625, 
        32765501.694085687, 
        822.0186885942634
      ], 
      "sigma": [
        9.676828091662605, 
        0.0006222196859007928, 
        0.8281016534512289, 
        5079409.857849064, 
        3.510434483531621
      ], 
      "strictly local log-evidence error": 0.06109967123386362, 
      "mean": [
        52.5691781507868, 
        1.1515390860621453, 
        99.17351821829072, 
        35159477.6304363, 
        827.2728603065492
      ]
    }
  ], 
  "nested importance sampling global log-evidence error": 0.06109967123386362, 
  "nested sampling global log-evidence": -425.95827980710965, 
  "marginals": [
    {
      "5sigma": [
        11.442958849079808, 
        99.38560984073663
      ], 
      "3sigma": [
        25.809905192828637, 
        82.62204398776971
      ], 
      "median": 52.56363521513917, 
      "q90%": 72.60480653563533, 
      "q10%": 39.548742883569425, 
      "q25%": 46.3084197745214, 
      "q01%": 29.122977027345264, 
      "q75%": 59.560416399126474, 
      "1sigma": [
        42.66715428608979, 
        62.591189080946876
      ], 
      "2sigma": [
        31.903108368166997, 
        70.15610696019277
      ], 
      "q99%": 72.60480653563533, 
      "sigma": 9.962017397428543
    }, 
    {
      "5sigma": [
        1.148368100295434, 
        1.1547415153874219
      ], 
      "3sigma": [
        1.1496854015334732, 
        1.1532647929475934
      ], 
      "median": 1.1515249318119039, 
      "q90%": 1.1529613590822794, 
      "q10%": 1.1507239760561603, 
      "q25%": 1.1511071484275786, 
      "q01%": 1.1500472388335992, 
      "q75%": 1.1519576013116022, 
      "1sigma": [
        1.1509391846634824, 
        1.152155652227689
      ], 
      "2sigma": [
        1.1503281679156176, 
        1.1527359552416392
      ], 
      "q99%": 1.1529613590822794, 
      "sigma": 0.0006082337821032846
    }, 
    {
      "5sigma": [
        89.55708375692753, 
        99.99862677156074
      ], 
      "3sigma": [
        94.50698550333985, 
        99.9929548545609
      ], 
      "median": 99.41267045602898, 
      "q90%": 99.9832130990822, 
      "q10%": 98.14084609625898, 
      "q25%": 98.88242107748309, 
      "q01%": 96.20076152636092, 
      "q75%": 99.77669279702363, 
      "1sigma": [
        98.4840477782047, 
        99.85890572572903
      ], 
      "2sigma": [
        96.86044838851711, 
        99.97194032605617
      ], 
      "q99%": 99.9832130990822, 
      "sigma": 0.6874289737621666
    }, 
    {
      "5sigma": [
        11279318.302032316, 
        92937408.38445105
      ], 
      "3sigma": [
        25523604.87642411, 
        64261857.67449324
      ], 
      "median": 33758855.8119922, 
      "q90%": 57104938.75197869, 
      "q10%": 31624376.343309417, 
      "q25%": 32363709.17339202, 
      "q01%": 29725703.621984724, 
      "q75%": 35997177.016406566, 
      "1sigma": [
        31944574.004390717, 
        37412761.420437016
      ], 
      "2sigma": [
        30676174.217041593, 
        52817839.69594202
      ], 
      "q99%": 57104938.75197869, 
      "sigma": 2734093.7080231495
    }, 
    {
      "5sigma": [
        822.0186885942634, 
        861.3829240455746
      ], 
      "3sigma": [
        822.0186885942634, 
        842.9980737421075
      ], 
      "median": 826.4207799134252, 
      "q90%": 837.92711035631, 
      "q10%": 823.5691394406008, 
      "q25%": 824.7824080923438, 
      "q01%": 822.2713141590102, 
      "q75%": 829.010552819418, 
      "1sigma": [
        824.0302271399604, 
        830.8111026143496
      ], 
      "2sigma": [
        822.5399120804982, 
        835.4944159966585
      ], 
      "q99%": 837.92711035631, 
      "sigma": 3.3904377371945884
    }
  ], 
  "global evidence error": 0.06109967123386362, 
  "nested sampling global log-evidence error": 0.3510249229590707
}