{
  "nested importance sampling global log-evidence": -232.03026320050733, 
  "global evidence": -232.03026320050733, 
  "modes": [
    {
      "index": 0, 
      "local log-evidence": -232.03026320050733, 
      "strictly local log-evidence": -232.03026320050733, 
      "local log-evidence error": 0.03908931342959477, 
      "maximum": [
        100.97237694282337, 
        1.1440635922313822, 
        99.59160115112368, 
        55821226.001706146, 
        438.81704262450626
      ], 
      "maximum a posterior": [
        100.97237694282337, 
        1.1440635922313822, 
        99.59160115112368, 
        55821226.001706146, 
        438.81704262450626
      ], 
      "sigma": [
        10.815789007779761, 
        0.0007844929084705558, 
        1.9074065727445841, 
        13517789.606043123, 
        3.1385703100092712
      ], 
      "strictly local log-evidence error": 0.03908931342959477, 
      "mean": [
        101.36025999191833, 
        1.1441475100014016, 
        97.9328878458731, 
        61278195.95417702, 
        443.5076970194213
      ]
    }
  ], 
  "nested importance sampling global log-evidence error": 0.03908931342959477, 
  "nested sampling global log-evidence": -232.3267262910986, 
  "marginals": [
    {
      "5sigma": [
        53.79845625347779, 
        156.35738199399987
      ], 
      "3sigma": [
        69.04548972529946, 
        128.73917075783788
      ], 
      "median": 101.33107679929529, 
      "q90%": 123.26025761389646, 
      "q10%": 86.63102646731555, 
      "q25%": 93.4978186109709, 
      "q01%": 78.02439858309098, 
      "q75%": 109.13329652388228, 
      "1sigma": [
        90.26334192912843, 
        112.35836480247379
      ], 
      "2sigma": [
        80.31965237910009, 
        121.39756306551043
      ], 
      "q99%": 123.26025761389646, 
      "sigma": 11.047511436672679
    }, 
    {
      "5sigma": [
        1.1398071025549559, 
        1.1483630353081493
      ], 
      "3sigma": [
        1.1418103997973446, 
        1.146487639343768
      ], 
      "median": 1.144163666154998, 
      "q90%": 1.1459775338203522, 
      "q10%": 1.143118301949044, 
      "q25%": 1.143655913212109, 
      "q01%": 1.1422196064899377, 
      "q75%": 1.1446547953327355, 
      "1sigma": [
        1.1433313924268476, 
        1.1449471427049465
      ], 
      "2sigma": [
        1.142558770412795, 
        1.1456023625683123
      ], 
      "q99%": 1.1459775338203522, 
      "sigma": 0.0008078751390494521
    }, 
    {
      "5sigma": [
        76.63810639466236, 
        99.99840195404052
      ], 
      "3sigma": [
        88.82626106893676, 
        99.99024886908884
      ], 
      "median": 98.55242977867329, 
      "q90%": 99.97198699980763, 
      "q10%": 95.23862401108997, 
      "q25%": 97.09385578427133, 
      "q01%": 91.41625540686599, 
      "q75%": 99.2867135218281, 
      "1sigma": [
        96.14001812050937, 
        99.57086180382836
      ], 
      "2sigma": [
        92.9242551910263, 
        99.91922096273608
      ], 
      "q99%": 99.97198699980763, 
      "sigma": 1.7154218416594986
    }, 
    {
      "5sigma": [
        12969519.22131342, 
        215327812.22419453
      ], 
      "3sigma": [
        31511196.285476252, 
        118066457.44503193
      ], 
      "median": 59624444.343963675, 
      "q90%": 102364898.77717628, 
      "q10%": 46436619.342410184, 
      "q25%": 53127230.37632394, 
      "q01%": 33606845.60330242, 
      "q75%": 68401063.18983224, 
      "1sigma": [
        49169935.05550378, 
        73683215.20955928
      ], 
      "2sigma": [
        36097285.2011211, 
        92059000.1346452
      ], 
      "q99%": 102364898.77717628, 
      "sigma": 12256640.07702775
    }, 
    {
      "5sigma": [
        438.81704262450626, 
        477.0740670354016
      ], 
      "3sigma": [
        438.81704262450626, 
        457.62033708205485
      ], 
      "median": 442.97949524233167, 
      "q90%": 453.29918862487887, 
      "q10%": 440.03062250214975, 
      "q25%": 441.1484612428829, 
      "q01%": 438.89485441341316, 
      "q75%": 445.16594454797337, 
      "1sigma": [
        440.5288933964288, 
        446.40611161901666
      ], 
      "2sigma": [
        439.3176032071526, 
        451.1329748712028
      ], 
      "q99%": 453.29918862487887, 
      "sigma": 2.938609111293914
    }
  ], 
  "global evidence error": 0.03908931342959477, 
  "nested sampling global log-evidence error": 0.3251596189771744
}