{
  "nested importance sampling global log-evidence": -65.9526809472169, 
  "global evidence": -65.9526809472169, 
  "modes": [
    {
      "index": 0, 
      "local log-evidence": -65.9526809472169, 
      "strictly local log-evidence": -65.9526809472169, 
      "local log-evidence error": 0.02225619497492601, 
      "maximum": [
        85.47909098272116, 
        1.1503099836499535, 
        99.85874052950501, 
        54675785.56877846, 
        109.88842597679238
      ], 
      "maximum a posterior": [
        87.92365344368866, 
        1.149702575105366, 
        90.40680368130572, 
        54622499.23113931, 
        114.87834737184062
      ], 
      "sigma": [
        14.231706221077868, 
        0.0018229181849567296, 
        3.1274653810347615, 
        23650077.604650658, 
        3.073939098678465
      ], 
      "strictly local log-evidence error": 0.02225619497492601, 
      "mean": [
        92.91100906677809, 
        1.150147321693946, 
        96.56730922587268, 
        67071818.49122117, 
        114.34734174202642
      ]
    }
  ], 
  "nested importance sampling global log-evidence error": 0.02225619497492601, 
  "nested sampling global log-evidence": -64.93190862242379, 
  "marginals": [
    {
      "5sigma": [
        37.096012492331184, 
        165.96377222020237
      ], 
      "3sigma": [
        52.06211581675216, 
        143.3982482098818
      ], 
      "median": 92.28488130918885, 
      "q90%": 127.59362155342251, 
      "q10%": 75.25143009770207, 
      "q25%": 83.22654584385363, 
      "q01%": 59.246105454530976, 
      "q75%": 101.58902210183331, 
      "1sigma": [
        79.02600837894634, 
        107.27772847984254
      ], 
      "2sigma": [
        64.82165463440434, 
        121.86911295797786
      ], 
      "q99%": 127.59362155342251, 
      "sigma": 14.125860050448097
    }, 
    {
      "5sigma": [
        1.1418891701777272, 
        1.1598528740022198
      ], 
      "3sigma": [
        1.1445006021152504, 
        1.156005541939281
      ], 
      "median": 1.150131689615857, 
      "q90%": 1.1543683282239134, 
      "q10%": 1.1479097924785973, 
      "q25%": 1.1489552150952351, 
      "q01%": 1.1460564779157527, 
      "q75%": 1.1513046333925951, 
      "1sigma": [
        1.1483348567141967, 
        1.151827490277493
      ], 
      "2sigma": [
        1.1466353274308192, 
        1.1536881452460643
      ], 
      "q99%": 1.1543683282239134, 
      "sigma": 0.0017463167816481606
    }, 
    {
      "5sigma": [
        67.24747371592835, 
        99.99898022665822
      ], 
      "3sigma": [
        81.2276626644505, 
        99.99734195245786
      ], 
      "median": 97.45280373502604, 
      "q90%": 99.94810723069259, 
      "q10%": 92.52593700470248, 
      "q25%": 94.95282448230138, 
      "q01%": 86.25710421326121, 
      "q75%": 98.95186651311927, 
      "1sigma": [
        93.70170284479661, 
        99.37415132682953
      ], 
      "2sigma": [
        88.15899071188691, 
        99.89443212559748
      ], 
      "q99%": 99.94810723069259, 
      "sigma": 2.8362242410164598
    }, 
    {
      "5sigma": [
        11099316.060335726, 
        285189327.19236284
      ], 
      "3sigma": [
        14820763.204917442, 
        169680982.46850157
      ], 
      "median": 63084701.43266664, 
      "q90%": 144241636.72302702, 
      "q10%": 40603754.3219144, 
      "q25%": 50861549.05416455, 
      "q01%": 31777460.33446938, 
      "q75%": 77988024.45923944, 
      "1sigma": [
        44966857.30227876, 
        86380453.34935316
      ], 
      "2sigma": [
        34050857.855133496, 
        125945569.01672484
      ], 
      "q99%": 144241636.72302702, 
      "sigma": 20706798.023537204
    }, 
    {
      "5sigma": [
        109.88842597679238, 
        146.52303364180187
      ], 
      "3sigma": [
        109.88842597679238, 
        128.88412932479721
      ], 
      "median": 113.6895206716522, 
      "q90%": 124.14655571925341, 
      "q10%": 111.06106205985732, 
      "q25%": 112.09316481606133, 
      "q01%": 110.054815550625, 
      "q75%": 115.84646886459005, 
      "1sigma": [
        111.58609979884335, 
        117.20955034480207
      ], 
      "2sigma": [
        110.3055003443245, 
        122.28826905287099
      ], 
      "q99%": 124.14655571925341, 
      "sigma": 2.811725272979359
    }
  ], 
  "global evidence error": 0.02225619497492601, 
  "nested sampling global log-evidence error": 0.2785361332289328
}