{
  "nested importance sampling global log-evidence": -198.24900779132926, 
  "global evidence": -198.24900779132926, 
  "modes": [
    {
      "index": 0, 
      "local log-evidence": -198.24900779132926, 
      "strictly local log-evidence": -198.24900779132926, 
      "local log-evidence error": 0.02485603235002665, 
      "maximum": [
        65.85401874679772, 
        1.1539325074747961, 
        99.83849641176647, 
        35317523.59098638, 
        370.47829444687164
      ], 
      "maximum a posterior": [
        65.85401874679772, 
        1.1539325074747961, 
        99.83849641176647, 
        35317523.59098638, 
        370.47829444687164
      ], 
      "sigma": [
        12.14874739628164, 
        0.0010290909290696084, 
        2.046186434081094, 
        11323641.06319765, 
        3.3328365419286143
      ], 
      "strictly local log-evidence error": 0.02485603235002665, 
      "mean": [
        65.87369780068623, 
        1.1535493979839726, 
        97.68287861769791, 
        38403299.611856274, 
        375.8191919966043
      ]
    }
  ], 
  "nested importance sampling global log-evidence error": 0.02485603235002665, 
  "nested sampling global log-evidence": -197.50013907089988, 
  "marginals": [
    {
      "5sigma": [
        2.6494478631807503, 
        125.31118041637629
      ], 
      "3sigma": [
        29.600610511114475, 
        101.95033562104906
      ], 
      "median": 66.63396075580955, 
      "q90%": 96.89610894804919, 
      "q10%": 50.24466332147064, 
      "q25%": 57.20047488051824, 
      "q01%": 37.73220423323864, 
      "q75%": 74.12607476316468, 
      "1sigma": [
        54.16405332400164, 
        77.33297526000497
      ], 
      "2sigma": [
        40.63048281959963, 
        89.87905599814297
      ], 
      "q99%": 96.89610894804919, 
      "sigma": 11.584460968001665
    }, 
    {
      "5sigma": [
        1.1486551140408692, 
        1.1585084174848002
      ], 
      "3sigma": [
        1.1504033576228518, 
        1.1564249776431867
      ], 
      "median": 1.1534745624187397, 
      "q90%": 1.1559140474013805, 
      "q10%": 1.1522264906292357, 
      "q25%": 1.152852473454664, 
      "q01%": 1.1513907976828082, 
      "q75%": 1.154301088276903, 
      "1sigma": [
        1.1525754217055555, 
        1.1545943503544327
      ], 
      "2sigma": [
        1.1517426702570985, 
        1.1556364642829182
      ], 
      "q99%": 1.1559140474013805, 
      "sigma": 0.0010094643244386026
    }, 
    {
      "5sigma": [
        77.23425169947897, 
        99.99161743575152
      ], 
      "3sigma": [
        87.7033556173911, 
        99.98978456230606
      ], 
      "median": 98.29484232804226, 
      "q90%": 99.966460698062, 
      "q10%": 94.806606958269, 
      "q25%": 96.74895120908741, 
      "q01%": 91.18921955070265, 
      "q75%": 99.18093881668608, 
      "1sigma": [
        95.7996517360314, 
        99.46624360011563
      ], 
      "2sigma": [
        92.22837466816527, 
        99.9193636376331
      ], 
      "q99%": 99.966460698062, 
      "sigma": 1.8332959320421196
    }, 
    {
      "5sigma": [
        10080101.49323697, 
        143905672.76368913
      ], 
      "3sigma": [
        10083653.986434108, 
        81718368.52360529
      ], 
      "median": 35869002.771513574, 
      "q90%": 73045305.72289132, 
      "q10%": 28852574.982148796, 
      "q25%": 31855323.464718815, 
      "q01%": 12989792.437140198, 
      "q75%": 44483125.65284942, 
      "1sigma": [
        30326685.75022316, 
        49433358.11208561
      ], 
      "2sigma": [
        14094106.106866192, 
        62876698.8256474
      ], 
      "q99%": 73045305.72289132, 
      "sigma": 9553336.180931225
    }, 
    {
      "5sigma": [
        370.47829444687164, 
        409.1093403502059
      ], 
      "3sigma": [
        370.47829444687164, 
        390.37211260048144
      ], 
      "median": 375.0722353283333, 
      "q90%": 386.29680873044816, 
      "q10%": 372.0330556437629, 
      "q25%": 373.3937633503024, 
      "q01%": 370.9160464176139, 
      "q75%": 377.66350721260767, 
      "1sigma": [
        372.61236856602034, 
        378.88665332667705
      ], 
      "2sigma": [
        371.1654839022785, 
        383.9305042471407
      ], 
      "q99%": 386.29680873044816, 
      "sigma": 3.1371423803283562
    }
  ], 
  "global evidence error": 0.02485603235002665, 
  "nested sampling global log-evidence error": 0.3096860195838177
}