{
  "nested importance sampling global log-evidence": -93.18540462791702, 
  "global evidence": -93.18540462791702, 
  "modes": [
    {
      "index": 0, 
      "local log-evidence": -93.18540462791702, 
      "strictly local log-evidence": -93.18540462791702, 
      "local log-evidence error": 0.023087947355335054, 
      "maximum": [
        23.454743394392143, 
        1.1576940826314137, 
        99.63632069172208, 
        55777011.26496875, 
        164.51633575559742
      ], 
      "maximum a posterior": [
        14.061894149799647, 
        1.1575203350200003, 
        86.50769910664188, 
        63815576.604008965, 
        169.29216434665582
      ], 
      "sigma": [
        17.93802964612027, 
        0.002435610032418676, 
        4.894237394733236, 
        26412983.814905096, 
        3.2852824439168367
      ], 
      "strictly local log-evidence error": 0.023087947355335054, 
      "mean": [
        31.861830189894103, 
        1.156339999618438, 
        94.48719583272263, 
        56329285.88995546, 
        169.46665329632475
      ]
    }
  ], 
  "nested importance sampling global log-evidence error": 0.023087947355335054, 
  "nested sampling global log-evidence": -91.83273764151757, 
  "marginals": [
    {
      "5sigma": [
        0.3247190225257301, 
        148.5885199041196
      ], 
      "3sigma": [
        0.3247190225257301, 
        92.09022743633425
      ], 
      "median": 30.308316318379447, 
      "q90%": 74.6994674527124, 
      "q10%": 9.818258641198195, 
      "q25%": 17.538214500575993, 
      "q01%": 1.5267521980070533, 
      "q75%": 43.519946511377356, 
      "1sigma": [
        12.877635123137733, 
        50.32831970372311
      ], 
      "2sigma": [
        4.027893633510353, 
        69.47335466464548
      ], 
      "q99%": 74.6994674527124, 
      "sigma": 18.725342290292687
    }, 
    {
      "5sigma": [
        1.135342077814336, 
        1.1662523422439275
      ], 
      "3sigma": [
        1.145033098743165, 
        1.162329324905568
      ], 
      "median": 1.1563775786574493, 
      "q90%": 1.161086101663459, 
      "q10%": 1.153322914343747, 
      "q25%": 1.154874770412574, 
      "q01%": 1.1497852012182628, 
      "q75%": 1.1580082959811016, 
      "1sigma": [
        1.1541983167741405, 
        1.158780003790479
      ], 
      "2sigma": [
        1.1512104166027346, 
        1.1605601885136032
      ], 
      "q99%": 1.161086101663459, 
      "sigma": 0.0022908435081692158
    }, 
    {
      "5sigma": [
        52.68012630449995, 
        99.99952751202282
      ], 
      "3sigma": [
        75.05103273870444, 
        99.99424438614454
      ], 
      "median": 95.87049458241349, 
      "q90%": 99.95307126416655, 
      "q10%": 87.65994595102977, 
      "q25%": 92.24786525442661, 
      "q01%": 78.23351173599796, 
      "q75%": 97.97219185488996, 
      "1sigma": [
        89.71802292231348, 
        98.72255435324146
      ], 
      "2sigma": [
        80.85422270669419, 
        99.85399860645903
      ], 
      "q99%": 99.95307126416655, 
      "sigma": 4.502265715463992
    }, 
    {
      "5sigma": [
        10031147.051466135, 
        503793326.3739872
      ], 
      "3sigma": [
        11280006.561110895, 
        183114350.3014865
      ], 
      "median": 52886278.70335134, 
      "q90%": 133520359.58028042, 
      "q10%": 30104906.8820667, 
      "q25%": 37268510.7274851, 
      "q01%": 12701373.948846374, 
      "q75%": 68328120.18041137, 
      "1sigma": [
        32527979.59266867, 
        81515914.77854958
      ], 
      "2sigma": [
        14448874.660276758, 
        122929894.33934459
      ], 
      "q99%": 133520359.58028042, 
      "sigma": 24493967.592940457
    }, 
    {
      "5sigma": [
        164.51633575559742, 
        201.81380862767645
      ], 
      "3sigma": [
        164.51633575559742, 
        184.14421617686378
      ], 
      "median": 168.60005343099652, 
      "q90%": 179.89052199145416, 
      "q10%": 165.9771116623483, 
      "q25%": 167.08662840636202, 
      "q01%": 165.0186362876135, 
      "q75%": 171.150900462408, 
      "1sigma": [
        166.42291148263226, 
        172.66549064404933
      ], 
      "2sigma": [
        165.2254565539976, 
        177.47729715945354
      ], 
      "q99%": 179.89052199145416, 
      "sigma": 3.1212895807085346
    }
  ], 
  "global evidence error": 0.023087947355335054, 
  "nested sampling global log-evidence error": 0.2664471991473888
}