{
  "nested importance sampling global log-evidence": -37.697813121967364, 
  "global evidence": -37.697813121967364, 
  "modes": [
    {
      "index": 0, 
      "local log-evidence": -37.697813121967364, 
      "strictly local log-evidence": -37.697813121967364, 
      "local log-evidence error": 0.024715851975985775, 
      "maximum": [
        81.3387157992479, 
        1.1567850910142172, 
        99.59250535756375, 
        54454860.49847712, 
        57.58393027299991
      ], 
      "maximum a posterior": [
        60.09258064188027, 
        1.159443688775473, 
        86.40835028687131, 
        103455088.2983411, 
        62.560592096781534
      ], 
      "sigma": [
        23.465945500730026, 
        0.0029926613930787824, 
        7.439832327875675, 
        41444792.318596005, 
        3.0349095677944797
      ], 
      "strictly local log-evidence error": 0.024715851975985775, 
      "mean": [
        82.49554868891315, 
        1.1560641454190437, 
        90.48166526770126, 
        55088761.347314596, 
        62.10321058294993
      ]
    }
  ], 
  "nested importance sampling global log-evidence error": 0.024715851975985775, 
  "nested sampling global log-evidence": -37.1062786605844, 
  "marginals": [
    {
      "5sigma": [
        2.098665009401963, 
        214.079306489515
      ], 
      "3sigma": [
        11.488725600724838, 
        156.99221038886313
      ], 
      "median": 81.32279581370373, 
      "q90%": 136.77610395879884, 
      "q10%": 52.45566785985956, 
      "q25%": 67.51937693861983, 
      "q01%": 29.27391135735379, 
      "q75%": 96.59311681404785, 
      "1sigma": [
        60.181858226033825, 
        106.3359755139832
      ], 
      "2sigma": [
        36.58941051159348, 
        131.7987229024798
      ], 
      "q99%": 136.77610395879884, 
      "sigma": 23.077058643974688
    }, 
    {
      "5sigma": [
        1.1344788199337423, 
        1.1659790962631478
      ], 
      "3sigma": [
        1.1457110467377516, 
        1.1644485091368637
      ], 
      "median": 1.1562687827990807, 
      "q90%": 1.162480636705302, 
      "q10%": 1.152175966982287, 
      "q25%": 1.1541560196197855, 
      "q01%": 1.1481016836599853, 
      "q75%": 1.1580617185149167, 
      "1sigma": [
        1.153050787041098, 
        1.1589135502877737
      ], 
      "2sigma": [
        1.1496725964215964, 
        1.1617109914358574
      ], 
      "q99%": 1.162480636705302, 
      "sigma": 0.0029313816233378365
    }, 
    {
      "5sigma": [
        30.247338191537267, 
        99.98913877883723
      ], 
      "3sigma": [
        58.526540987152046, 
        99.97881232043399
      ], 
      "median": 92.10664424981637, 
      "q90%": 99.83565116332035, 
      "q10%": 80.04214691293082, 
      "q25%": 86.40607232078897, 
      "q01%": 67.97639996379385, 
      "q75%": 96.22791622339173, 
      "1sigma": [
        82.85828247713073, 
        97.73116961073325
      ], 
      "2sigma": [
        71.67637501418243, 
        99.62548175712082
      ], 
      "q99%": 99.83565116332035, 
      "sigma": 7.436443566801259
    }, 
    {
      "5sigma": [
        10114904.552454764, 
        833199205.4932765
      ], 
      "3sigma": [
        10114904.552454764, 
        287854576.3013044
      ], 
      "median": 43885761.86916355, 
      "q90%": 214874251.33375534, 
      "q10%": 16443522.93297494, 
      "q25%": 28959283.367293198, 
      "q01%": 10539487.403978221, 
      "q75%": 69702482.10585982, 
      "1sigma": [
        21720871.024369884, 
        85827423.13506348
      ], 
      "2sigma": [
        12245396.068872191, 
        176749147.35483408
      ], 
      "q99%": 214874251.33375534, 
      "sigma": 32053276.055346802
    }, 
    {
      "5sigma": [
        57.58393027299991, 
        94.01111920379152
      ], 
      "3sigma": [
        57.58393027299991, 
        76.30414244417393
      ], 
      "median": 61.461369761415874, 
      "q90%": 71.87011394286186, 
      "q10%": 58.8378734172934, 
      "q25%": 59.86912466045956, 
      "q01%": 57.92255346653268, 
      "q75%": 63.6402340923548, 
      "1sigma": [
        59.317628211290824, 
        64.82566863114516
      ], 
      "2sigma": [
        58.17523783676661, 
        69.70260940636032
      ], 
      "q99%": 71.87011394286186, 
      "sigma": 2.7540202099271696
    }
  ], 
  "global evidence error": 0.024715851975985775, 
  "nested sampling global log-evidence error": 0.24606245892272158
}