{
  "nested importance sampling global log-evidence": -1770.523402499441, 
  "global evidence": -1770.523402499441, 
  "modes": [
    {
      "index": 0, 
      "local log-evidence": -1770.523402499441, 
      "strictly local log-evidence": -1770.523402499441, 
      "local log-evidence error": 0.024917322300542312, 
      "maximum": [
        38.50935844290743, 
        1.0907135721593373, 
        39.08436249950384, 
        180807215.68636534, 
        3509.8330381207184
      ], 
      "maximum a posterior": [
        40.981024089101595, 
        1.0907169021468515, 
        37.54218808890467, 
        193978763.352211, 
        3514.7042858964583
      ], 
      "sigma": [
        2.9436078785501727, 
        0.00042835526551697803, 
        1.7295115890902246, 
        10159873.111159213, 
        2.9933097284290167
      ], 
      "strictly local log-evidence error": 0.024917322300542312, 
      "mean": [
        38.69613506407611, 
        1.090530643479316, 
        39.534849658555856, 
        185093738.10004035, 
        3514.4999935846577
      ]
    }
  ], 
  "nested importance sampling global log-evidence error": 0.024917322300542312, 
  "nested sampling global log-evidence": -1770.4007898706418, 
  "marginals": [
    {
      "5sigma": [
        24.400594803566843, 
        54.33017282102854
      ], 
      "3sigma": [
        30.631287379563787, 
        48.035734978576166
      ], 
      "median": 38.66304453842984, 
      "q90%": 45.67478494535197, 
      "q10%": 34.86673359943878, 
      "q25%": 36.65113064110282, 
      "q01%": 32.100816512806766, 
      "q75%": 40.620178258309075, 
      "1sigma": [
        35.77115256057529, 
        41.55842290072655
      ], 
      "2sigma": [
        33.130979943749374, 
        44.98290586329053
      ], 
      "q99%": 45.67478494535197, 
      "sigma": 2.8936351700756298
    }, 
    {
      "5sigma": [
        1.088052787958044, 
        1.0925732639329464
      ], 
      "3sigma": [
        1.0893766114841994, 
        1.091699403370167
      ], 
      "median": 1.0905602282352105, 
      "q90%": 1.0914821736163194, 
      "q10%": 1.0899428848008792, 
      "q25%": 1.0902358256744507, 
      "q01%": 1.0895441694443795, 
      "q75%": 1.0908158441818783, 
      "1sigma": [
        1.0900695139321275, 
        1.0909688305105585
      ], 
      "2sigma": [
        1.08968307011769, 
        1.0913196383901465
      ], 
      "q99%": 1.0914821736163194, 
      "sigma": 0.0004496582892155043
    }, 
    {
      "5sigma": [
        30.3604935915507, 
        48.422816059033664
      ], 
      "3sigma": [
        34.36626637747942, 
        45.331597150610605
      ], 
      "median": 39.56880305052816, 
      "q90%": 43.74771050643012, 
      "q10%": 37.47778915432259, 
      "q25%": 38.23439730987884, 
      "q01%": 35.58765778509658, 
      "q75%": 40.77007000221731, 
      "1sigma": [
        37.82345415237271, 
        41.27296543757874
      ], 
      "2sigma": [
        36.27455054980344, 
        42.825317367739814
      ], 
      "q99%": 43.74771050643012, 
      "sigma": 1.7247556426030144
    }, 
    {
      "5sigma": [
        89954156.37175028, 
        280026239.31719047
      ], 
      "3sigma": [
        151259360.04589224, 
        231922577.99112853
      ], 
      "median": 183357719.10957512, 
      "q90%": 219003939.60745245, 
      "q10%": 174326680.69052422, 
      "q25%": 178850923.04150322, 
      "q01%": 164722922.8163043, 
      "q75%": 190336333.36818394, 
      "1sigma": [
        176651638.08274052, 
        193223080.64434192
      ], 
      "2sigma": [
        168921823.78887722, 
        210276293.60448787
      ], 
      "q99%": 219003939.60745245, 
      "sigma": 8285721.2808007
    }, 
    {
      "5sigma": [
        3509.8330381207184, 
        3548.1427285868776
      ], 
      "3sigma": [
        3509.8330381207184, 
        3528.9967643126483
      ], 
      "median": 3513.9610664312904, 
      "q90%": 3524.1427180333494, 
      "q10%": 3511.2895948912155, 
      "q25%": 3512.2177142316546, 
      "q01%": 3510.202531914869, 
      "q75%": 3515.9806677908023, 
      "1sigma": [
        3511.716346200083, 
        3517.4637017802515
      ], 
      "2sigma": [
        3510.50103014109, 
        3521.7974692922835
      ], 
      "q99%": 3524.1427180333494, 
      "sigma": 2.87367779008423
    }
  ], 
  "global evidence error": 0.024917322300542312, 
  "nested sampling global log-evidence error": 0.362640222217842
}