{
  "nested importance sampling global log-evidence": -168.04619054892873, 
  "global evidence": -168.04619054892873, 
  "modes": [
    {
      "index": 0, 
      "local log-evidence": -168.04619054892873, 
      "strictly local log-evidence": -168.04619054892873, 
      "local log-evidence error": 0.06801745309240509, 
      "maximum": [
        10.057736769228356, 
        1.0550861493056127, 
        14.900483528868161, 
        789696468.6325519, 
        310.6203051454881
      ], 
      "maximum a posterior": [
        10.057736769228356, 
        1.0550861493056127, 
        14.900483528868161, 
        789696468.6325519, 
        310.6203051454881
      ], 
      "sigma": [
        8.254123620959138, 
        0.0056229259040099615, 
        5.304646392323306, 
        255314895.15996367, 
        3.407672488939922
      ], 
      "strictly local log-evidence error": 0.06801745309240509, 
      "mean": [
        18.767413165157894, 
        1.0691239567943955, 
        12.253543220958505, 
        905438262.6093014, 
        316.9695303691759
      ]
    }
  ], 
  "nested importance sampling global log-evidence error": 0.06801745309240509, 
  "nested sampling global log-evidence": -167.89276070321986, 
  "marginals": [
    {
      "5sigma": [
        0.01746395496750086, 
        49.7921799483487
      ], 
      "3sigma": [
        0.31486610552041305, 
        42.02335588398939
      ], 
      "median": 18.786138402788428, 
      "q90%": 39.73866820911315, 
      "q10%": 7.854951583766835, 
      "q25%": 12.931264543649549, 
      "q01%": 1.3327060758181526, 
      "q75%": 24.572751519628216, 
      "1sigma": [
        10.214909882585435, 
        27.153517488964873
      ], 
      "2sigma": [
        2.7995828644853735, 
        36.5128684303246
      ], 
      "q99%": 39.73866820911315, 
      "sigma": 8.46930380318972
    }, 
    {
      "5sigma": [
        1.0508804351379883, 
        1.0984966103137657
      ], 
      "3sigma": [
        1.0510062877963207, 
        1.084286335113372
      ], 
      "median": 1.0691206258090769, 
      "q90%": 1.081797018272352, 
      "q10%": 1.0620293177000866, 
      "q25%": 1.0657180403078357, 
      "q01%": 1.0537698857935671, 
      "q75%": 1.0728339856629432, 
      "1sigma": [
        1.063814027067721, 
        1.074348049763841
      ], 
      "2sigma": [
        1.0571888936434068, 
        1.080148998479509
      ], 
      "q99%": 1.081797018272352, 
      "sigma": 0.005267011348059958
    }, 
    {
      "5sigma": [
        0.048001597817253897, 
        39.22778917467944
      ], 
      "3sigma": [
        0.4852587290401726, 
        27.37587219594486
      ], 
      "median": 12.239938712290144, 
      "q90%": 24.74152983000583, 
      "q10%": 5.175112590137165, 
      "q25%": 8.674017733711002, 
      "q01%": 1.211456502783745, 
      "q75%": 15.731520423471393, 
      "1sigma": [
        6.695441782354827, 
        17.43840276300054
      ], 
      "2sigma": [
        2.6018728919213823, 
        23.271797013031737
      ], 
      "q99%": 24.74152983000583, 
      "sigma": 5.371480490322856
    }, 
    {
      "5sigma": [
        57089838.2046477, 
        4086182449.777477
      ], 
      "3sigma": [
        145003842.0348735, 
        2096882883.322426
      ], 
      "median": 883317376.4370291, 
      "q90%": 1706799064.7078073, 
      "q10%": 609609232.0861409, 
      "q25%": 738706763.327555, 
      "q01%": 413498413.423567, 
      "q75%": 1038437317.7037425, 
      "1sigma": [
        667147005.0438582, 
        1107694678.0363054
      ], 
      "2sigma": [
        485531326.31981474, 
        1472058313.5336413
      ], 
      "q99%": 1706799064.7078073, 
      "sigma": 220273836.49622363
    }, 
    {
      "5sigma": [
        310.6203051454881, 
        350.0754017188508
      ], 
      "3sigma": [
        310.6203051454881, 
        331.74383119595745
      ], 
      "median": 316.4217447221954, 
      "q90%": 327.62350035612553, 
      "q10%": 313.27525424189065, 
      "q25%": 314.41877897990463, 
      "q01%": 311.36873418306, 
      "q75%": 318.96726959398495, 
      "1sigma": [
        313.6726031488817, 
        320.10366873282914
      ], 
      "2sigma": [
        312.2797041149382, 
        325.05367390080875
      ], 
      "q99%": 327.62350035612553, 
      "sigma": 3.2155327919737147
    }
  ], 
  "global evidence error": 0.06801745309240509, 
  "nested sampling global log-evidence error": 0.30672455915089164
}