{
  "nested importance sampling global log-evidence": -139.58117347612324, 
  "global evidence": -139.58117347612324, 
  "modes": [
    {
      "index": 0, 
      "local log-evidence": -139.58117347612324, 
      "strictly local log-evidence": -139.58117347612324, 
      "local log-evidence error": 0.02838850786920861, 
      "maximum": [
        55.10962656009386, 
        1.1307984365373787, 
        30.032796310667536, 
        12658784.482901717, 
        260.3212910656456
      ], 
      "maximum a posterior": [
        35.88288001666033, 
        1.1315901384585987, 
        27.926383980865772, 
        15272964.069846196, 
        265.040738931108
      ], 
      "sigma": [
        10.28190770249435, 
        0.002412568292602785, 
        6.541600498950958, 
        8670951.019931085, 
        2.820281201895348
      ], 
      "strictly local log-evidence error": 0.02838850786920861, 
      "mean": [
        51.27716916077398, 
        1.1305663054023576, 
        30.67645947909486, 
        21883101.898619603, 
        264.29742103329556
      ]
    }
  ], 
  "nested importance sampling global log-evidence error": 0.02838850786920861, 
  "nested sampling global log-evidence": -139.23718630913947, 
  "marginals": [
    {
      "5sigma": [
        4.192276322715256, 
        107.13784846755485
      ], 
      "3sigma": [
        22.361016239727054, 
        81.5235483649096
      ], 
      "median": 51.630472351307326, 
      "q90%": 75.50341027505326, 
      "q10%": 37.65817759532038, 
      "q25%": 43.90860998743613, 
      "q01%": 29.196068153987834, 
      "q75%": 57.70894348522415, 
      "1sigma": [
        40.244693282151, 
        61.074860342071226
      ], 
      "2sigma": [
        32.374718625311104, 
        73.08049444462128
      ], 
      "q99%": 75.50341027505326, 
      "sigma": 10.415083529960114
    }, 
    {
      "5sigma": [
        1.1115456616712747, 
        1.141212433881951
      ], 
      "3sigma": [
        1.1195910278195937, 
        1.1372973767262762
      ], 
      "median": 1.1307096999884239, 
      "q90%": 1.135767101463726, 
      "q10%": 1.127526060099829, 
      "q25%": 1.1290203764692957, 
      "q01%": 1.124332100705225, 
      "q75%": 1.132104110620265, 
      "1sigma": [
        1.1283162464019831, 
        1.1329613243750272
      ], 
      "2sigma": [
        1.1257628957606085, 
        1.1349518776388747
      ], 
      "q99%": 1.135767101463726, 
      "sigma": 0.002322538986522016
    }, 
    {
      "5sigma": [
        0.6323206060272448, 
        64.72782203945694
      ], 
      "3sigma": [
        11.170032854714217, 
        48.72692882370616
      ], 
      "median": 30.47291164448628, 
      "q90%": 45.368246981804646, 
      "q10%": 21.98625692836331, 
      "q25%": 26.17454399462157, 
      "q01%": 16.60783330214738, 
      "q75%": 35.36621269030784, 
      "1sigma": [
        23.784400562279902, 
        37.27666894924859
      ], 
      "2sigma": [
        18.400528644856564, 
        43.96393253068702
      ], 
      "q99%": 45.368246981804646, 
      "sigma": 6.746134193484343
    }, 
    {
      "5sigma": [
        10057438.865232322, 
        196866846.85953036
      ], 
      "3sigma": [
        10200766.395625962, 
        66873380.63164099
      ], 
      "median": 21644577.36598037, 
      "q90%": 45220349.383922376, 
      "q10%": 11672679.074321007, 
      "q25%": 14084634.275919499, 
      "q01%": 10553813.801301917, 
      "q75%": 28129911.62503271, 
      "1sigma": [
        12589709.62611747, 
        30692474.943502355
      ], 
      "2sigma": [
        10681720.838341564, 
        37631149.73146357
      ], 
      "q99%": 45220349.383922376, 
      "sigma": 9051382.658692442
    }, 
    {
      "5sigma": [
        260.3212910656456, 
        295.8522513046264
      ], 
      "3sigma": [
        260.3212910656456, 
        277.9907260754877
      ], 
      "median": 263.6932360398515, 
      "q90%": 273.8541956160341, 
      "q10%": 261.3676805884978, 
      "q25%": 262.3065740859975, 
      "q01%": 260.5041066691156, 
      "q75%": 265.45286497722356, 
      "1sigma": [
        261.7829227893088, 
        266.8978975221099
      ], 
      "2sigma": [
        260.75772980687356, 
        271.60071775100346
      ], 
      "q99%": 273.8541956160341, 
      "sigma": 2.5574873664005224
    }
  ], 
  "global evidence error": 0.02838850786920861, 
  "nested sampling global log-evidence error": 0.2662419161689629
}