{
  "nested importance sampling global log-evidence": -170.9095883488434, 
  "global evidence": -170.9095883488434, 
  "modes": [
    {
      "index": 0, 
      "local log-evidence": -170.9095883488434, 
      "strictly local log-evidence": -170.9095883488434, 
      "local log-evidence error": 0.025180708697805327, 
      "maximum": [
        129.62285384471627, 
        1.1046752381272185, 
        82.85529883669894, 
        164510592.45694155, 
        315.02872103964773
      ], 
      "maximum a posterior": [
        127.66344717825321, 
        1.1051373239492503, 
        84.43279610166057, 
        113511156.2304275, 
        319.41041618932536
      ], 
      "sigma": [
        9.640145854599258, 
        0.000988626893324345, 
        8.223117664951, 
        77203695.33241864, 
        2.661949301443714
      ], 
      "strictly local log-evidence error": 0.025180708697805327, 
      "mean": [
        129.99539248319658, 
        1.104876624684836, 
        81.93771455639758, 
        195350462.75530523, 
        318.7848197272178
      ]
    }
  ], 
  "nested importance sampling global log-evidence error": 0.025180708697805327, 
  "nested sampling global log-evidence": -169.99005176125112, 
  "marginals": [
    {
      "5sigma": [
        83.6970109711261, 
        180.0791053145226
      ], 
      "3sigma": [
        101.04409217818439, 
        159.39452499083035
      ], 
      "median": 129.91324294126215, 
      "q90%": 152.95907355648097, 
      "q10%": 118.00912571520044, 
      "q25%": 123.28393443272465, 
      "q01%": 108.78371138769619, 
      "q75%": 136.3787785622208, 
      "1sigma": [
        119.86041692431941, 
        139.66078306152988
      ], 
      "2sigma": [
        110.82485443221543, 
        148.1833198453675
      ], 
      "q99%": 152.95907355648097, 
      "sigma": 9.900183068605237
    }, 
    {
      "5sigma": [
        1.0990087243494429, 
        1.1101888946936116
      ], 
      "3sigma": [
        1.1019190661073794, 
        1.108156510892725
      ], 
      "median": 1.1048284972528066, 
      "q90%": 1.1073534468117001, 
      "q10%": 1.1036278947957454, 
      "q25%": 1.104190922233323, 
      "q01%": 1.1027417879235533, 
      "q75%": 1.1054763480049539, 
      "1sigma": [
        1.1039067674525291, 
        1.1058952766276198
      ], 
      "2sigma": [
        1.103127618635729, 
        1.1069706974790905
      ], 
      "q99%": 1.1073534468117001, 
      "sigma": 0.000994254587545318
    }, 
    {
      "5sigma": [
        45.210869540390725, 
        99.97679199464437
      ], 
      "3sigma": [
        58.427721047290206, 
        99.76113382184941
      ], 
      "median": 82.3518389074276, 
      "q90%": 98.32991978168043, 
      "q10%": 71.4796969605441, 
      "q25%": 75.93255792002819, 
      "q01%": 61.950765075551814, 
      "q75%": 87.81676027649644, 
      "1sigma": [
        73.30601825321794, 
        89.87530492786078
      ], 
      "2sigma": [
        66.1202546071801, 
        96.87157820123291
      ], 
      "q99%": 98.32991978168043, 
      "sigma": 8.28464333732142
    }, 
    {
      "5sigma": [
        40891241.373297535, 
        607065007.9318093
      ], 
      "3sigma": [
        55226476.64910192, 
        462461023.39562947
      ], 
      "median": 177594759.44901377, 
      "q90%": 411705147.98309606, 
      "q10%": 107807320.05707453, 
      "q25%": 139349466.14745474, 
      "q01%": 70459276.35829513, 
      "q75%": 241985015.05840063, 
      "1sigma": [
        118422985.64732231, 
        274227627.6216058
      ], 
      "2sigma": [
        82652866.49279332, 
        382462905.46904755
      ], 
      "q99%": 411705147.98309606, 
      "sigma": 77902320.98714176
    }, 
    {
      "5sigma": [
        315.02872103964773, 
        349.60938585117384
      ], 
      "3sigma": [
        315.02872103964773, 
        331.82648004539413
      ], 
      "median": 318.2378257060498, 
      "q90%": 327.5333745917528, 
      "q10%": 316.0810022918656, 
      "q25%": 316.84899850391696, 
      "q01%": 315.16729042449464, 
      "q75%": 319.9198644000159, 
      "1sigma": [
        316.3996098723098, 
        321.08025284822725
      ], 
      "2sigma": [
        315.38613833211247, 
        325.604718320114
      ], 
      "q99%": 327.5333745917528, 
      "sigma": 2.3403214879587324
    }
  ], 
  "global evidence error": 0.025180708697805327, 
  "nested sampling global log-evidence error": 0.32554019563914016
}