{
  "nested importance sampling global log-evidence": -954.9463527397559, 
  "global evidence": -954.9463527397559, 
  "modes": [
    {
      "index": 0, 
      "local log-evidence": -954.9463527397559, 
      "strictly local log-evidence": -954.9463527397559, 
      "local log-evidence error": 0.05341677800267844, 
      "maximum": [
        0.009650636073079031, 
        1.078688222215599, 
        19.09254794654354, 
        64171134.33132617, 
        1881.2907993134856
      ], 
      "maximum a posterior": [
        0.009650636073079031, 
        1.078688222215599, 
        19.09254794654354, 
        64171134.33132617, 
        1881.2907993134856
      ], 
      "sigma": [
        1.9048086957767076, 
        0.003407872529890501, 
        2.694903788537142, 
        8671419.54313583, 
        3.254899754410037
      ], 
      "strictly local log-evidence error": 0.05341677800267844, 
      "mean": [
        2.1884027831912456, 
        1.0795009075414508, 
        20.530971190879615, 
        69820977.50651452, 
        1886.828844977605
      ]
    }
  ], 
  "nested importance sampling global log-evidence error": 0.05341677800267844, 
  "nested sampling global log-evidence": -954.4489007137901, 
  "marginals": [
    {
      "5sigma": [
        0.007303172901015237, 
        18.091473443185276
      ], 
      "3sigma": [
        0.007303172901015237, 
        11.196163356713305
      ], 
      "median": 1.6514291943261852, 
      "q90%": 8.476432242883664, 
      "q10%": 0.2791997593518558, 
      "q25%": 0.7688860342403749, 
      "q01%": 0.027832114384058894, 
      "q75%": 3.1503472534385066, 
      "1sigma": [
        0.45681091708199056, 
        4.0429147132371135
      ], 
      "2sigma": [
        0.05434240470682274, 
        7.370859326906189
      ], 
      "q99%": 8.476432242883664, 
      "sigma": 1.7930518980775614
    }, 
    {
      "5sigma": [
        1.0670523952290125, 
        1.0994322320392333
      ], 
      "3sigma": [
        1.072980411283743, 
        1.0947470532342716
      ], 
      "median": 1.078803983765627, 
      "q90%": 1.0913596510145875, 
      "q10%": 1.0758431271496542, 
      "q25%": 1.0772141062690914, 
      "q01%": 1.0735765827431138, 
      "q75%": 1.0812701008466359, 
      "1sigma": [
        1.0764099129580247, 
        1.082618069154508
      ], 
      "2sigma": [
        1.074709001971969, 
        1.088714553437202
      ], 
      "q99%": 1.0913596510145875, 
      "sigma": 0.003104078098241647
    }, 
    {
      "5sigma": [
        9.263796509076423, 
        35.22245481161024
      ], 
      "3sigma": [
        13.1311621896504, 
        28.03964131048924
      ], 
      "median": 20.338000209725376, 
      "q90%": 26.988182267462758, 
      "q10%": 17.218708349824514, 
      "q25%": 18.62386903605973, 
      "q01%": 14.442747284251821, 
      "q75%": 22.352554230312382, 
      "1sigma": [
        17.885237851810817, 
        23.370072353597273
      ], 
      "2sigma": [
        15.679501973305447, 
        26.048702583213537
      ], 
      "q99%": 26.988182267462758, 
      "sigma": 2.7424172508932276
    }, 
    {
      "5sigma": [
        42927693.02698436, 
        236174704.7330481
      ], 
      "3sigma": [
        55376828.9039291, 
        125540243.93756677
      ], 
      "median": 67316242.29956077, 
      "q90%": 93719455.29299586, 
      "q10%": 61830369.32913625, 
      "q25%": 64006075.033832826, 
      "q01%": 57501720.20158382, 
      "q75%": 74689156.47029416, 
      "1sigma": [
        62836886.64677044, 
        78196622.78931771
      ], 
      "2sigma": [
        58530844.39593697, 
        89969953.00201839
      ], 
      "q99%": 93719455.29299586, 
      "sigma": 7679868.071273636
    }, 
    {
      "5sigma": [
        1881.2907993134856, 
        1920.3425379954858
      ], 
      "3sigma": [
        1881.2907993134856, 
        1901.278787050563
      ], 
      "median": 1886.225958023073, 
      "q90%": 1896.352578532291, 
      "q10%": 1883.1840586913843, 
      "q25%": 1884.404968762803, 
      "q01%": 1881.939267950061, 
      "q75%": 1888.438041217905, 
      "1sigma": [
        1883.7108791848998, 
        1890.0405403495747
      ], 
      "2sigma": [
        1882.1790701835857, 
        1894.349352665545
      ], 
      "q99%": 1896.352578532291, 
      "sigma": 3.1648305823374585
    }
  ], 
  "global evidence error": 0.05341677800267844, 
  "nested sampling global log-evidence error": 0.33218185116691545
}