{
  "nested importance sampling global log-evidence": -180.47527006816614, 
  "global evidence": -180.47527006816614, 
  "modes": [
    {
      "index": 0, 
      "local log-evidence": -180.47527006816614, 
      "strictly local log-evidence": -180.47527006816614, 
      "local log-evidence error": 0.026096670473702885, 
      "maximum": [
        7.7678487436179005, 
        1.0900788157424794, 
        16.25886644398961, 
        1434073750.2096303, 
        338.52221979948774
      ], 
      "maximum a posterior": [
        15.34937331165268, 
        1.0914348602589983, 
        14.926391296855176, 
        1478754142.224556, 
        343.1375541044953
      ], 
      "sigma": [
        3.9528029822008324, 
        0.003985322406518306, 
        2.9432588917448954, 
        186056048.81934124, 
        2.786944955199055
      ], 
      "strictly local log-evidence error": 0.026096670473702885, 
      "mean": [
        6.349306068810839, 
        1.089799233072015, 
        16.54371469663846, 
        1405309636.8671181, 
        342.74421207075585
      ]
    }
  ], 
  "nested importance sampling global log-evidence error": 0.026096670473702885, 
  "nested sampling global log-evidence": -180.24925905415284, 
  "marginals": [
    {
      "5sigma": [
        0.0036409135092497135, 
        30.356191727644646
      ], 
      "3sigma": [
        0.0036409135092497135, 
        22.28400187807693
      ], 
      "median": 5.893124318059142, 
      "q90%": 17.175417223542077, 
      "q10%": 1.7898663270622839, 
      "q25%": 3.248484962893584, 
      "q01%": 0.3702362678771333, 
      "q75%": 8.758632247023378, 
      "1sigma": [
        2.338650873500487, 
        10.168298656121825
      ], 
      "2sigma": [
        0.5677203077781953, 
        15.348854592885775
      ], 
      "q99%": 17.175417223542077, 
      "sigma": 3.914823891310669
    }, 
    {
      "5sigma": [
        1.0657948682101286, 
        1.1107954237162836
      ], 
      "3sigma": [
        1.0751830623676222, 
        1.1002155416980035
      ], 
      "median": 1.0900741450032225, 
      "q90%": 1.098198090202168, 
      "q10%": 1.0845989717224396, 
      "q25%": 1.087665517381101, 
      "q01%": 1.0777452030137589, 
      "q75%": 1.0922891429268786, 
      "1sigma": [
        1.0860333039972478, 
        1.0934321592074823
      ], 
      "2sigma": [
        1.0807297974550651, 
        1.0970807426297575
      ], 
      "q99%": 1.098198090202168, 
      "sigma": 0.0036994276051172115
    }, 
    {
      "5sigma": [
        1.7730683279822348, 
        33.16917277989944
      ], 
      "3sigma": [
        6.946524753318865, 
        24.84774509485291
      ], 
      "median": 16.42694728212824, 
      "q90%": 23.160733836277085, 
      "q10%": 12.8119269235237, 
      "q25%": 14.570700639763224, 
      "q01%": 9.137676057967258, 
      "q75%": 18.62784442834436, 
      "1sigma": [
        13.760818291918262, 
        19.710947716762448
      ], 
      "2sigma": [
        10.84897147238057, 
        22.016378180943896
      ], 
      "q99%": 23.160733836277085, 
      "sigma": 2.9750647124220926
    }, 
    {
      "5sigma": [
        811037240.6450386, 
        2801151404.091625
      ], 
      "3sigma": [
        977305697.0077972, 
        2042882203.6132674
      ], 
      "median": 1425162755.9254594, 
      "q90%": 1835428427.1504312, 
      "q10%": 1141395109.864993, 
      "q25%": 1251797676.7543888, 
      "q01%": 1027832271.7894793, 
      "q75%": 1521206315.676018, 
      "1sigma": [
        1167354296.5224118, 
        1577381733.2800105
      ], 
      "2sigma": [
        1074769293.4922369, 
        1754437546.3269546
      ], 
      "q99%": 1835428427.1504312, 
      "sigma": 205013718.37879932
    }, 
    {
      "5sigma": [
        338.52221979948774, 
        375.0118286359073
      ], 
      "3sigma": [
        338.52221979948774, 
        356.0100338584764
      ], 
      "median": 342.28075246768276, 
      "q90%": 352.56980696053955, 
      "q10%": 339.8933626557746, 
      "q25%": 340.6688462967605, 
      "q01%": 338.7932519586764, 
      "q75%": 344.01117562843814, 
      "1sigma": [
        340.2593742735099, 
        345.1765213612518
      ], 
      "2sigma": [
        339.0837308496963, 
        349.8919382064938
      ], 
      "q99%": 352.56980696053955, 
      "sigma": 2.458573543870955
    }
  ], 
  "global evidence error": 0.026096670473702885, 
  "nested sampling global log-evidence error": 0.29794551546868164
}