{
  "nested importance sampling global log-evidence": -160.91736026028718, 
  "global evidence": -160.91736026028718, 
  "modes": [
    {
      "index": 0, 
      "local log-evidence": -160.91736026028718, 
      "strictly local log-evidence": -160.91736026028718, 
      "local log-evidence error": 0.020858076343188918, 
      "maximum": [
        1.285324064580497, 
        1.0923112887987956, 
        24.900531509970012, 
        1270516737.085214, 
        298.2518115175436
      ], 
      "maximum a posterior": [
        0.5853877770307113, 
        1.093922986703123, 
        29.92827928040058, 
        1183822145.0909767, 
        303.99542504342736
      ], 
      "sigma": [
        3.908550871002004, 
        0.0023036564724689926, 
        4.170037002792986, 
        218175140.85326996, 
        2.980626382830715
      ], 
      "strictly local log-evidence error": 0.020858076343188918, 
      "mean": [
        5.284894678593325, 
        1.0913287228542574, 
        24.478545828381563, 
        1240056347.719512, 
        303.14162907663075
      ]
    }
  ], 
  "nested importance sampling global log-evidence error": 0.020858076343188918, 
  "nested sampling global log-evidence": -159.9469559678224, 
  "marginals": [
    {
      "5sigma": [
        0.006838638385545711, 
        31.639872589705718
      ], 
      "3sigma": [
        0.011279013953239603, 
        21.414249890797844
      ], 
      "median": 4.632298061324252, 
      "q90%": 17.476280150146945, 
      "q10%": 0.8307107234158153, 
      "q25%": 2.056492624935774, 
      "q01%": 0.1062434079858218, 
      "q75%": 7.501068233024463, 
      "1sigma": [
        1.335618635361186, 
        8.895193051759588
      ], 
      "2sigma": [
        0.2765717118825916, 
        14.038614985684442
      ], 
      "q99%": 17.476280150146945, 
      "sigma": 3.7797872081992008
    }, 
    {
      "5sigma": [
        1.0635821074482723, 
        1.1018375029423848
      ], 
      "3sigma": [
        1.0760273148970554, 
        1.0971861603329254
      ], 
      "median": 1.0914524587369734, 
      "q90%": 1.0956348512913388, 
      "q10%": 1.0886091366589248, 
      "q25%": 1.089966369607504, 
      "q01%": 1.0847616730984846, 
      "q75%": 1.092835898183418, 
      "1sigma": [
        1.0891482565723096, 
        1.0934468160357078
      ], 
      "2sigma": [
        1.0865689533477823, 
        1.0954099502302215
      ], 
      "q99%": 1.0956348512913388, 
      "sigma": 0.002149279731699094
    }, 
    {
      "5sigma": [
        1.3310434789424275, 
        42.23985769053018
      ], 
      "3sigma": [
        11.331206633935144, 
        37.29757848591953
      ], 
      "median": 24.464713034633405, 
      "q90%": 34.593877982678734, 
      "q10%": 19.077573939472202, 
      "q25%": 21.71669154187752, 
      "q01%": 14.500137250691306, 
      "q75%": 27.308976763515194, 
      "1sigma": [
        20.379645744398488, 
        28.79922664890549
      ], 
      "2sigma": [
        16.074800425281754, 
        32.422392138158074
      ], 
      "q99%": 34.593877982678734, 
      "sigma": 4.2097904522535
    }, 
    {
      "5sigma": [
        477342170.9774644, 
        3193234849.503323
      ], 
      "3sigma": [
        745660440.9133735, 
        2129439911.1510072
      ], 
      "median": 1251504483.915074, 
      "q90%": 1865609785.9061184, 
      "q10%": 953618074.3268363, 
      "q25%": 1089952651.8606498, 
      "q01%": 801711619.2571958, 
      "q75%": 1345852834.2395384, 
      "1sigma": [
        1012757447.5530833, 
        1397824878.019682
      ], 
      "2sigma": [
        834650488.9878833, 
        1729820067.9498239
      ], 
      "q99%": 1865609785.9061184, 
      "sigma": 192533715.23329931
    }, 
    {
      "5sigma": [
        298.2518115175436, 
        335.776119677771
      ], 
      "3sigma": [
        298.2518115175436, 
        317.419114297452
      ], 
      "median": 302.6228158056345, 
      "q90%": 312.96828798941834, 
      "q10%": 299.9175127385267, 
      "q25%": 301.0356606429092, 
      "q01%": 298.64901508450356, 
      "q75%": 304.5515836995872, 
      "1sigma": [
        300.3710360305271, 
        305.42530899403346
      ], 
      "2sigma": [
        298.9277598920121, 
        310.95346805680083
      ], 
      "q99%": 312.96828798941834, 
      "sigma": 2.527136481753189
    }
  ], 
  "global evidence error": 0.020858076343188918, 
  "nested sampling global log-evidence error": 0.28941564279612514
}