{
  "nested importance sampling global log-evidence": -92.28938273084842, 
  "global evidence": -92.28938273084842, 
  "modes": [
    {
      "index": 0, 
      "local log-evidence": -92.28938273084842, 
      "strictly local log-evidence": -92.28938273084842, 
      "local log-evidence error": 0.025770128632420293, 
      "maximum": [
        7.366327414793954, 
        1.086446820623963, 
        49.068790457557775, 
        519006101.4794776, 
        166.9873758260941
      ], 
      "maximum a posterior": [
        9.546291135842301, 
        1.0854067920537305, 
        37.628023948137724, 
        636262202.3350303, 
        170.85989635047775
      ], 
      "sigma": [
        7.8421177675690155, 
        0.002643359656351099, 
        7.329862769545415, 
        250334727.3397548, 
        2.5814802694313905
      ], 
      "strictly local log-evidence error": 0.025770128632420293, 
      "mean": [
        11.753920171877978, 
        1.0859200086830856, 
        46.07188190034519, 
        452630515.93280995, 
        171.0405230911944
      ]
    }
  ], 
  "nested importance sampling global log-evidence error": 0.025770128632420293, 
  "nested sampling global log-evidence": -91.26203355441628, 
  "marginals": [
    {
      "5sigma": [
        0.0035161842462460603, 
        63.69506024976964
      ], 
      "3sigma": [
        0.0035161842462460603, 
        39.42812007478544
      ], 
      "median": 10.186161347255618, 
      "q90%": 33.71848464949186, 
      "q10%": 2.2455674269056973, 
      "q25%": 5.615732671050519, 
      "q01%": 0.38892464865240856, 
      "q75%": 17.18381268963182, 
      "1sigma": [
        3.979042593261438, 
        19.78500954898205
      ], 
      "2sigma": [
        0.695726926538885, 
        29.53801060997124
      ], 
      "q99%": 33.71848464949186, 
      "sigma": 7.902983477860306
    }, 
    {
      "5sigma": [
        1.0690251869582699, 
        1.0986844655735426
      ], 
      "3sigma": [
        1.0762689830401126, 
        1.092949248613313
      ], 
      "median": 1.086082625486955, 
      "q90%": 1.0914066725021998, 
      "q10%": 1.0823208845902494, 
      "q25%": 1.0840469994069317, 
      "q01%": 1.079960738753363, 
      "q75%": 1.0878654454349121, 
      "1sigma": [
        1.0830792050474807, 
        1.0885724256020124
      ], 
      "2sigma": [
        1.0805741323808082, 
        1.0907284180263221
      ], 
      "q99%": 1.0914066725021998, 
      "sigma": 0.0027466102772658596
    }, 
    {
      "5sigma": [
        15.207675338727013, 
        79.27588859457883
      ], 
      "3sigma": [
        25.46205569640537, 
        66.34936891098306
      ], 
      "median": 45.99570967715518, 
      "q90%": 62.70532904285603, 
      "q10%": 36.465033013624385, 
      "q25%": 40.9270380797224, 
      "q01%": 28.99127509542432, 
      "q75%": 50.841111164427986, 
      "1sigma": [
        38.32849237731936, 
        53.41018862458804
      ], 
      "2sigma": [
        33.31413527658845, 
        61.622550922468115
      ], 
      "q99%": 62.70532904285603, 
      "sigma": 7.5408481236343405
    }, 
    {
      "5sigma": [
        39394697.97123293, 
        3124079456.771318
      ], 
      "3sigma": [
        69087138.79872794, 
        1570040059.374674
      ], 
      "median": 455509518.4431502, 
      "q90%": 999954035.736528, 
      "q10%": 127896988.09135391, 
      "q25%": 206243250.36524802, 
      "q01%": 85154055.24059692, 
      "q75%": 619239618.5231689, 
      "1sigma": [
        159114887.52952066, 
        705272895.5549417
      ], 
      "2sigma": [
        93336763.26410945, 
        976553142.7881831
      ], 
      "q99%": 999954035.736528, 
      "sigma": 273079004.0127105
    }, 
    {
      "5sigma": [
        166.9873758260941, 
        202.0745934642636
      ], 
      "3sigma": [
        166.9873758260941, 
        184.17472817700454
      ], 
      "median": 170.53086338391086, 
      "q90%": 179.77924443511216, 
      "q10%": 168.1722230852005, 
      "q25%": 169.2408747526647, 
      "q01%": 167.35783575272455, 
      "q75%": 172.39773431715764, 
      "1sigma": [
        168.6322870537842, 
        173.25625216801308
      ], 
      "2sigma": [
        167.56732324397757, 
        177.47454229790796
      ], 
      "q99%": 179.77924443511216, 
      "sigma": 2.3119825571144332
    }
  ], 
  "global evidence error": 0.025770128632420293, 
  "nested sampling global log-evidence error": 0.23961994927003066
}