{
  "nested importance sampling global log-evidence": -1920.707863267559, 
  "global evidence": -1920.707863267559, 
  "modes": [
    {
      "index": 0, 
      "local log-evidence": -1920.707863267559, 
      "strictly local log-evidence": -1920.707863267559, 
      "local log-evidence error": 0.03255799815013971, 
      "maximum": [
        0.8911515396907472, 
        1.0950666757499539, 
        12.587594390872525, 
        5359745975.452813, 
        3812.9224037429176
      ], 
      "maximum a posterior": [
        0.8911515396907472, 
        1.0950666757499539, 
        12.587594390872525, 
        5359745975.452813, 
        3812.9224037429176
      ], 
      "sigma": [
        3.9230652973301208, 
        0.0038975904774954566, 
        6.337320842314618, 
        189773516.96525025, 
        3.4689165171507415
      ], 
      "strictly local log-evidence error": 0.03255799815013971, 
      "mean": [
        4.174016066210549, 
        1.0941277442963167, 
        11.897816227831697, 
        5225329040.276111, 
        3817.887799424783
      ]
    }
  ], 
  "nested importance sampling global log-evidence error": 0.03255799815013971, 
  "nested sampling global log-evidence": -1919.6895432428284, 
  "marginals": [
    {
      "5sigma": [
        0.00821880072718609, 
        42.419273348049614
      ], 
      "3sigma": [
        0.00821880072718609, 
        21.827956497470332
      ], 
      "median": 2.9584322783868573, 
      "q90%": 16.43456116068065, 
      "q10%": 0.4247653077929798, 
      "q25%": 1.2671772541178326, 
      "q01%": 0.09503926363191761, 
      "q75%": 5.9486873581109965, 
      "1sigma": [
        0.660494311987613, 
        7.631317963177056
      ], 
      "2sigma": [
        0.17255305436268556, 
        14.603583134867684
      ], 
      "q99%": 16.43456116068065, 
      "sigma": 3.4854118255947215
    }, 
    {
      "5sigma": [
        1.0785857483548673, 
        1.1100197535330203
      ], 
      "3sigma": [
        1.0827253980666582, 
        1.1073033786826558
      ], 
      "median": 1.0940802786460122, 
      "q90%": 1.103999539942003, 
      "q10%": 1.089276935444556, 
      "q25%": 1.0914668424315956, 
      "q01%": 1.0854888388871975, 
      "q75%": 1.096671230248744, 
      "1sigma": [
        1.090251731986585, 
        1.0979324817359053
      ], 
      "2sigma": [
        1.0862607039086272, 
        1.1018641885717526
      ], 
      "q99%": 1.103999539942003, 
      "sigma": 0.0038403748746601574
    }, 
    {
      "5sigma": [
        0.009887321391003762, 
        40.05903953067777
      ], 
      "3sigma": [
        0.054955541079628724, 
        30.2844473035072
      ], 
      "median": 11.709431036778717, 
      "q90%": 28.858204795491012, 
      "q10%": 3.4035775939074684, 
      "q25%": 7.160319689936119, 
      "q01%": 0.39415073554829283, 
      "q75%": 15.950490714317963, 
      "1sigma": [
        5.143988687477664, 
        18.213601908470373
      ], 
      "2sigma": [
        0.7810963948852374, 
        25.82289243499699
      ], 
      "q99%": 28.858204795491012, 
      "sigma": 6.5348066104963545
    }, 
    {
      "5sigma": [
        3004354143.069266, 
        5421168342.021971
      ], 
      "3sigma": [
        4035127916.614341, 
        5415159956.450231
      ], 
      "median": 5282205672.258815, 
      "q90%": 5406459890.477918, 
      "q10%": 4998589904.027434, 
      "q25%": 5165878800.145094, 
      "q01%": 4431017986.423619, 
      "q75%": 5346698101.06861, 
      "1sigma": [
        5086711528.986004, 
        5363183744.36065
      ], 
      "2sigma": [
        4677079015.694089, 
        5392550324.784726
      ], 
      "q99%": 5406459890.477918, 
      "sigma": 138236107.6873231
    }, 
    {
      "5sigma": [
        3812.9224037429176, 
        3851.8638418076503
      ], 
      "3sigma": [
        3812.9224037429176, 
        3833.8933668780032
      ], 
      "median": 3817.1146771375907, 
      "q90%": 3828.2075739845886, 
      "q10%": 3814.117057122652, 
      "q25%": 3815.317057905279, 
      "q01%": 3813.268621538592, 
      "q75%": 3819.8770785534575, 
      "1sigma": [
        3814.4991537199135, 
        3821.470491337441
      ], 
      "2sigma": [
        3813.4854016216905, 
        3825.8624311927
      ], 
      "q99%": 3828.2075739845886, 
      "sigma": 3.485668808763876
    }
  ], 
  "global evidence error": 0.03255799815013971, 
  "nested sampling global log-evidence error": 0.327805483959813
}