{
  "nested importance sampling global log-evidence": -478.26030828050193, 
  "global evidence": -478.26030828050193, 
  "modes": [
    {
      "index": 0, 
      "local log-evidence": -478.26030828050193, 
      "strictly local log-evidence": -478.26030828050193, 
      "local log-evidence error": 0.04048472548714919, 
      "maximum": [
        38.56975439314791, 
        1.3654199304955157, 
        15.597978619269787, 
        37718911.20834095, 
        935.3359065315011
      ], 
      "maximum a posterior": [
        33.81338915103846, 
        1.3657239910660914, 
        20.93649598571169, 
        45506441.79341662, 
        939.2536689416495
      ], 
      "sigma": [
        12.359717887340045, 
        0.002714228863199649, 
        3.4157624065121346, 
        8082000.395768457, 
        2.761461910136481
      ], 
      "strictly local log-evidence error": 0.04048472548714919, 
      "mean": [
        39.70894813380473, 
        1.3653300908177841, 
        15.564418455607393, 
        39938760.90246058, 
        939.0966915493705
      ]
    }
  ], 
  "nested importance sampling global log-evidence error": 0.04048472548714919, 
  "nested sampling global log-evidence": -477.25978198477895, 
  "marginals": [
    {
      "5sigma": [
        0.18455668036127723, 
        106.15816957640259
      ], 
      "3sigma": [
        7.414768634496552, 
        81.71732103649873
      ], 
      "median": 38.89339941205422, 
      "q90%": 71.21429404588712, 
      "q10%": 24.226036476039877, 
      "q25%": 31.633317927017714, 
      "q01%": 12.397691367096321, 
      "q75%": 47.60742295046717, 
      "1sigma": [
        27.269268030771872, 
        52.07441129280406
      ], 
      "2sigma": [
        14.804875883457134, 
        64.07131056102142
      ], 
      "q99%": 71.21429404588712, 
      "sigma": 12.402571631016093
    }, 
    {
      "5sigma": [
        1.3524798264930666, 
        1.3811441582782065
      ], 
      "3sigma": [
        1.3554247513090796, 
        1.3738580245286096
      ], 
      "median": 1.3652010981003477, 
      "q90%": 1.3718796348956859, 
      "q10%": 1.3618675590223273, 
      "q25%": 1.363690224113005, 
      "q01%": 1.359470758250894, 
      "q75%": 1.3670516141549007, 
      "1sigma": [
        1.3626551312592938, 
        1.3679176102255155
      ], 
      "2sigma": [
        1.3603095355113113, 
        1.3708998267154888
      ], 
      "q99%": 1.3718796348956859, 
      "sigma": 0.0026312394831108366
    }, 
    {
      "5sigma": [
        0.882142121085324, 
        44.6827907307862
      ], 
      "3sigma": [
        5.962349559807588, 
        26.11418982635185
      ], 
      "median": 15.521545928662501, 
      "q90%": 23.352219805175586, 
      "q10%": 11.438971695423945, 
      "q25%": 13.227335667890602, 
      "q01%": 7.535221002733092, 
      "q75%": 17.89899755555165, 
      "1sigma": [
        12.11886616397555, 
        18.97938916264004
      ], 
      "2sigma": [
        8.562239945799394, 
        22.207450404760188
      ], 
      "q99%": 23.352219805175586, 
      "sigma": 3.4302614993322447
    }, 
    {
      "5sigma": [
        12027793.97411511, 
        1007927877.0417191
      ], 
      "3sigma": [
        30571629.991478845, 
        69661396.0097696
      ], 
      "median": 38974355.01654032, 
      "q90%": 61813147.67699431, 
      "q10%": 34360963.04753173, 
      "q25%": 36197055.11346912, 
      "q01%": 31516544.13701732, 
      "q75%": 42231306.542242646, 
      "1sigma": [
        35136498.517737634, 
        44123370.64924114
      ], 
      "2sigma": [
        32144667.92083727, 
        54011248.80189995
      ], 
      "q99%": 61813147.67699431, 
      "sigma": 4493436.065751754
    }, 
    {
      "5sigma": [
        935.3359065315011, 
        971.459786957069
      ], 
      "3sigma": [
        935.3359065315011, 
        952.669040191777
      ], 
      "median": 938.428612081534, 
      "q90%": 948.2232191980828, 
      "q10%": 936.3186049367885, 
      "q25%": 937.0621244891864, 
      "q01%": 935.5779366298011, 
      "q75%": 940.383122460004, 
      "1sigma": [
        936.5869941263016, 
        941.4616932916674
      ], 
      "2sigma": [
        935.8320904044505, 
        945.882642842209
      ], 
      "q99%": 948.2232191980828, 
      "sigma": 2.4373495826828844
    }
  ], 
  "global evidence error": 0.04048472548714919, 
  "nested sampling global log-evidence error": 0.27769472825537056
}