{
  "nested importance sampling global log-evidence": -221.2987302298331, 
  "global evidence": -221.2987302298331, 
  "modes": [
    {
      "index": 0, 
      "local log-evidence": -221.2987302298331, 
      "strictly local log-evidence": -221.2987302298331, 
      "local log-evidence error": 0.023333353786950402, 
      "maximum": [
        0.0019553015217139156, 
        1.5612138768225234, 
        69.76076051280123, 
        14725265.853831293, 
        414.6634082832808
      ], 
      "maximum a posterior": [
        0.0019553015217139156, 
        1.5612138768225234, 
        69.76076051280123, 
        14725265.853831293, 
        414.6634082832808
      ], 
      "sigma": [
        16.469817950922952, 
        0.022407262945076844, 
        23.498503430853383, 
        5094513.757870406, 
        3.7878431067132543
      ], 
      "strictly local log-evidence error": 0.023333353786950402, 
      "mean": [
        7.2637955960400085, 
        1.5567636691045492, 
        66.2479756650421, 
        16428058.145748302, 
        420.34545968588344
      ]
    }
  ], 
  "nested importance sampling global log-evidence error": 0.023333353786950402, 
  "nested sampling global log-evidence": -220.1062977450757, 
  "marginals": [
    {
      "5sigma": [
        0.0019553015217139156, 
        105.4994430547409
      ], 
      "3sigma": [
        0.0019553015217139156, 
        88.35944629369565
      ], 
      "median": 2.1572870716530232, 
      "q90%": 76.11328347179897, 
      "q10%": 0.3289774912276209, 
      "q25%": 0.9018066985889748, 
      "q01%": 0.02089488384039897, 
      "q75%": 4.335116543560987, 
      "1sigma": [
        0.5323053660632713, 
        6.146667745585924
      ], 
      "2sigma": [
        0.06637396321979831, 
        66.22083581227798
      ], 
      "q99%": 76.11328347179897, 
      "sigma": 2.8071811897613266
    }, 
    {
      "5sigma": [
        1.4259661986603624, 
        1.628465788581017
      ], 
      "3sigma": [
        1.463052687751747, 
        1.5771083279003213
      ], 
      "median": 1.562775408441212, 
      "q90%": 1.5706671170162614, 
      "q10%": 1.5577841106770185, 
      "q25%": 1.5609788369338204, 
      "q01%": 1.4709323976618542, 
      "q75%": 1.5647410382029259, 
      "1sigma": [
        1.5600888519864824, 
        1.5658843895470171
      ], 
      "2sigma": [
        1.4783333325976684, 
        1.5688314053692727
      ], 
      "q99%": 1.5706671170162614, 
      "sigma": 0.0028977687802673735
    }, 
    {
      "5sigma": [
        0.0011948199672965351, 
        99.26246812918647
      ], 
      "3sigma": [
        0.00229835560613424, 
        99.19981304543029
      ], 
      "median": 70.58005509150134, 
      "q90%": 98.07901315869495, 
      "q10%": 40.09791454171373, 
      "q25%": 59.3507294043642, 
      "q01%": 0.17688763742463315, 
      "q75%": 81.69614442935708, 
      "1sigma": [
        52.78161308061617, 
        86.88270349511862
      ], 
      "2sigma": [
        0.6094420807345703, 
        95.57455442819268
      ], 
      "q99%": 98.07901315869495, 
      "sigma": 17.050545207251226
    }, 
    {
      "5sigma": [
        10163851.904211605, 
        1459959936.6028461
      ], 
      "3sigma": [
        10303797.179355733, 
        33209680.850010786
      ], 
      "median": 15211276.162137086, 
      "q90%": 29393734.642785035, 
      "q10%": 11580592.532233289, 
      "q25%": 13759956.443264836, 
      "q01%": 10475131.190628078, 
      "q75%": 17198487.08891864, 
      "1sigma": [
        12149988.199806318, 
        21782348.92770574
      ], 
      "2sigma": [
        10741619.452922847, 
        28158758.49378707
      ], 
      "q99%": 29393734.642785035, 
      "sigma": 4816180.3639497105
    }, 
    {
      "5sigma": [
        414.6634082832808, 
        453.90869166677743
      ], 
      "3sigma": [
        414.6634082832808, 
        436.17344736100483
      ], 
      "median": 419.5395725102569, 
      "q90%": 431.64386333260416, 
      "q10%": 416.11993505933145, 
      "q25%": 417.57067207969584, 
      "q01%": 414.8277382997736, 
      "q75%": 422.39172912109154, 
      "1sigma": [
        416.67811698865006, 
        424.0409459055727
      ], 
      "2sigma": [
        415.13443669268185, 
        429.53157473690493
      ], 
      "q99%": 431.64386333260416, 
      "sigma": 3.681414458461319
    }
  ], 
  "global evidence error": 0.023333353786950402, 
  "nested sampling global log-evidence error": 0.31517563202379817
}