{
  "nested importance sampling global log-evidence": -329.8110628116786, 
  "global evidence": -329.8110628116786, 
  "modes": [
    {
      "index": 0, 
      "local log-evidence": -329.8110628116786, 
      "strictly local log-evidence": -329.8110628116786, 
      "local log-evidence error": 0.026671908081276976, 
      "maximum": [
        49.476053004606044, 
        1.5854018042120994, 
        63.483026831406555, 
        16914482.768343665, 
        636.1209430660379
      ], 
      "maximum a posterior": [
        69.5906780897235, 
        1.584546162886414, 
        49.01633712720008, 
        10137069.794602804, 
        639.3678436942405
      ], 
      "sigma": [
        12.162339673360236, 
        0.010965258888617647, 
        18.436650790177858, 
        2904040.6852313015, 
        2.8315374014713033
      ], 
      "strictly local log-evidence error": 0.026671908081276976, 
      "mean": [
        51.93427966879542, 
        1.589656539891083, 
        57.590260885052984, 
        14531139.368711473, 
        639.962996698655
      ]
    }
  ], 
  "nested importance sampling global log-evidence error": 0.026671908081276976, 
  "nested sampling global log-evidence": -329.10912354906526, 
  "marginals": [
    {
      "5sigma": [
        2.9097596446740854, 
        113.96142546728774
      ], 
      "3sigma": [
        16.419947065724916, 
        92.8900669901189
      ], 
      "median": 51.47629477109912, 
      "q90%": 79.74514526354658, 
      "q10%": 35.93558943930427, 
      "q25%": 43.66146951871596, 
      "q01%": 25.5940866827779, 
      "q75%": 60.54297151503151, 
      "1sigma": [
        39.325323039839, 
        64.28990025881775
      ], 
      "2sigma": [
        29.455931781440647, 
        75.27958839745328
      ], 
      "q99%": 79.74514526354658, 
      "sigma": 12.482288609489377
    }, 
    {
      "5sigma": [
        1.5249958988290966, 
        1.623256569615384
      ], 
      "3sigma": [
        1.55658121397258, 
        1.6214885125098344
      ], 
      "median": 1.5894090726428407, 
      "q90%": 1.6171691460564783, 
      "q10%": 1.5766017383623137, 
      "q25%": 1.5829893956092806, 
      "q01%": 1.5629516298463646, 
      "q75%": 1.5959192117961714, 
      "1sigma": [
        1.5795446580888894, 
        1.5995104222199445
      ], 
      "2sigma": [
        1.5677582314753011, 
        1.6141935000015166
      ], 
      "q99%": 1.6171691460564783, 
      "sigma": 0.009982882065527554
    }, 
    {
      "5sigma": [
        0.03580349266623234, 
        99.88743806906034
      ], 
      "3sigma": [
        2.2325065524621346, 
        99.46814066138823
      ], 
      "median": 58.256580750589954, 
      "q90%": 97.922637519613, 
      "q10%": 31.679539299968425, 
      "q25%": 47.01365133923367, 
      "q01%": 11.490710015970128, 
      "q75%": 70.98323619783274, 
      "1sigma": [
        38.96675374135814, 
        75.39943227168939
      ], 
      "2sigma": [
        18.32809295167122, 
        91.00319014315195
      ], 
      "q99%": 97.922637519613, 
      "sigma": 18.216339265165626
    }, 
    {
      "5sigma": [
        10005870.499380942, 
        28969864.496488325
      ], 
      "3sigma": [
        10005870.499380942, 
        18308732.702019338
      ], 
      "median": 16121992.060763361, 
      "q90%": 17825887.35954108, 
      "q10%": 10282014.94201135, 
      "q25%": 10652232.341167454, 
      "q01%": 10070699.566740056, 
      "q75%": 16742728.784421459, 
      "1sigma": [
        10395190.40325694, 
        16936837.886602174
      ], 
      "2sigma": [
        10112739.847924111, 
        17556371.767711323
      ], 
      "q99%": 17825887.35954108, 
      "sigma": 3270823.7416726174
    }, 
    {
      "5sigma": [
        636.1209430660379, 
        671.5490571203381
      ], 
      "3sigma": [
        636.1209430660379, 
        654.4389395250864
      ], 
      "median": 639.2273570090019, 
      "q90%": 649.2174591558361, 
      "q10%": 637.0482802464949, 
      "q25%": 637.9179250927682, 
      "q01%": 636.2657385355186, 
      "q75%": 641.1435609479967, 
      "1sigma": [
        637.4269853789048, 
        642.5905641809237
      ], 
      "2sigma": [
        636.5782717083518, 
        646.8732545981649
      ], 
      "q99%": 649.2174591558361, 
      "sigma": 2.5817894010094733
    }
  ], 
  "global evidence error": 0.026671908081276976, 
  "nested sampling global log-evidence error": 0.3021195988314325
}