{
  "nested importance sampling global log-evidence": -100.56213607699671, 
  "global evidence": -100.56213607699671, 
  "modes": [
    {
      "index": 0, 
      "local log-evidence": -100.56213607699671, 
      "strictly local log-evidence": -100.56213607699671, 
      "local log-evidence error": 0.029094618685063314, 
      "maximum": [
        0.9195439735529345, 
        1.5384278543634782, 
        15.571613874799347, 
        13285523.3734263, 
        182.53810957649108
      ], 
      "maximum a posterior": [
        0.9195439735529345, 
        1.5384278543634782, 
        15.571613874799347, 
        13285523.3734263, 
        182.53810957649108
      ], 
      "sigma": [
        15.467944566193616, 
        0.042590618737608006, 
        23.7167386877753, 
        373328829.08286995, 
        3.0754202602346417
      ], 
      "strictly local log-evidence error": 0.029094618685063314, 
      "mean": [
        17.00773706337673, 
        1.5392200358128445, 
        29.606544647084647, 
        130773325.35200441, 
        187.53486113075118
      ]
    }
  ], 
  "nested importance sampling global log-evidence error": 0.029094618685063314, 
  "nested sampling global log-evidence": -99.89495751945425, 
  "marginals": [
    {
      "5sigma": [
        0.017359811240874087, 
        106.76795092567652
      ], 
      "3sigma": [
        0.017359811240874087, 
        81.79470605953074
      ], 
      "median": 12.276980081691706, 
      "q90%": 66.36633666145083, 
      "q10%": 1.7877903993256523, 
      "q25%": 5.50183103637232, 
      "q01%": 0.09642536026662496, 
      "q75%": 24.527330957018737, 
      "1sigma": [
        2.9846750312771873, 
        31.82031153067025
      ], 
      "2sigma": [
        0.43392672517835873, 
        57.956151494399116
      ], 
      "q99%": 66.36633666145083, 
      "sigma": 14.41781824969653
    }, 
    {
      "5sigma": [
        1.3365349839179514, 
        1.6264702584597874
      ], 
      "3sigma": [
        1.3586769230792588, 
        1.6138360969126437
      ], 
      "median": 1.5600754996276849, 
      "q90%": 1.6010891175891353, 
      "q10%": 1.4775556246553256, 
      "q25%": 1.5005884062139803, 
      "q01%": 1.4263017422435886, 
      "q75%": 1.5691231267150731, 
      "1sigma": [
        1.4886566850103609, 
        1.5726137136628935
      ], 
      "2sigma": [
        1.4416423071441373, 
        1.592424922867703
      ], 
      "q99%": 1.6010891175891353, 
      "sigma": 0.041978514326266314
    }, 
    {
      "5sigma": [
        0.2792741029046358, 
        96.75949076346981
      ], 
      "3sigma": [
        0.2923537577964536, 
        91.56644213363266
      ], 
      "median": 22.870404694206574, 
      "q90%": 88.38856794366686, 
      "q10%": 4.558162838205079, 
      "q25%": 9.529908831376083, 
      "q01%": 0.7758746182998714, 
      "q75%": 47.28744446239549, 
      "1sigma": [
        6.504384344413112, 
        58.82264038905296
      ], 
      "2sigma": [
        1.4001427281751009, 
        83.5824422128253
      ], 
      "q99%": 88.38856794366686, 
      "sigma": 26.159128022319923
    }, 
    {
      "5sigma": [
        10194022.07360008, 
        3781022655.2711654
      ], 
      "3sigma": [
        10671325.585150553, 
        2034601365.477903
      ], 
      "median": 26745027.118737962, 
      "q90%": 1747207578.020688, 
      "q10%": 12878414.591830524, 
      "q25%": 14567013.33300005, 
      "q01%": 11062544.239781555, 
      "q75%": 35709074.74836387, 
      "1sigma": [
        13533839.631800797, 
        41695180.32891912
      ], 
      "2sigma": [
        11758660.523713177, 
        1559055936.69339
      ], 
      "q99%": 1747207578.020688, 
      "sigma": 14080670.348559162
    }, 
    {
      "5sigma": [
        182.53810957649108, 
        218.1798161505275
      ], 
      "3sigma": [
        182.53810957649108, 
        200.54222732864412
      ], 
      "median": 187.06361705071717, 
      "q90%": 196.51204995396245, 
      "q10%": 184.03258680653556, 
      "q25%": 185.19736238426404, 
      "q01%": 182.89344770814498, 
      "q75%": 189.34218078380403, 
      "1sigma": [
        184.4715060865284, 
        190.5095027322689
      ], 
      "2sigma": [
        183.19755733991795, 
        194.84631142962616
      ], 
      "q99%": 196.51204995396245, 
      "sigma": 3.01899832287026
    }
  ], 
  "global evidence error": 0.029094618685063314, 
  "nested sampling global log-evidence error": 0.24753842033261997
}