{
  "nested importance sampling global log-evidence": -197.9759929454336, 
  "global evidence": -197.9759929454336, 
  "modes": [
    {
      "index": 0, 
      "local log-evidence": -197.9759929454336, 
      "strictly local log-evidence": -197.9759929454336, 
      "local log-evidence error": 0.1616451215636117, 
      "maximum": [
        22.152980430302023, 
        1.71054741408085, 
        6.593939296622017, 
        10742507.946198458, 
        364.68515963859863
      ], 
      "maximum a posterior": [
        22.152980430302023, 
        1.71054741408085, 
        6.593939296622017, 
        10742507.946198458, 
        364.68515963859863
      ], 
      "sigma": [
        20.551216558524445, 
        0.06563742888716262, 
        15.837287250175894, 
        2745238.077728699, 
        4.168706763024302
      ], 
      "strictly local log-evidence error": 0.1616451215636117, 
      "mean": [
        33.90948779184367, 
        1.6305819357487679, 
        18.69348562868475, 
        12410452.670949506, 
        371.6835703007307
      ]
    }
  ], 
  "nested importance sampling global log-evidence error": 0.1616451215636117, 
  "nested sampling global log-evidence": -197.02504805803892, 
  "marginals": [
    {
      "5sigma": [
        0.18798642349825423, 
        140.41227061344506
      ], 
      "3sigma": [
        0.6753360788160093, 
        100.86142121548852
      ], 
      "median": 29.07377522667099, 
      "q90%": 92.2131263432675, 
      "q10%": 12.350986692599994, 
      "q25%": 20.686197029776263, 
      "q01%": 3.496043689373723, 
      "q75%": 40.208513896757324, 
      "1sigma": [
        16.18198563411579, 
        54.33015735291545
      ], 
      "2sigma": [
        6.2904413404785595, 
        85.3375343678886
      ], 
      "q99%": 92.2131263432675, 
      "sigma": 19.07408585939983
    }, 
    {
      "5sigma": [
        1.4202777566681846, 
        1.7252717357606318
      ], 
      "3sigma": [
        1.4616533727966146, 
        1.7235485500127676
      ], 
      "median": 1.6563756304955546, 
      "q90%": 1.713012205348822, 
      "q10%": 1.4933698881165265, 
      "q25%": 1.6423516534315121, 
      "q01%": 1.47524512483173, 
      "q75%": 1.6640604793875882, 
      "1sigma": [
        1.5017496505231578, 
        1.6682969129486613
      ], 
      "2sigma": [
        1.4794210808099815, 
        1.7055380196374392
      ], 
      "q99%": 1.713012205348822, 
      "sigma": 0.08327363121275178
    }, 
    {
      "5sigma": [
        0.0022976511734622306, 
        92.5659255512668
      ], 
      "3sigma": [
        0.0022976511734622306, 
        76.04712114693689
      ], 
      "median": 15.832205903656037, 
      "q90%": 66.53590017934498, 
      "q10%": 1.2613723153305503, 
      "q25%": 4.667893179007311, 
      "q01%": 0.09919754881290108, 
      "q75%": 28.88971602265884, 
      "1sigma": [
        2.22844399283251, 
        34.38220171948998
      ], 
      "2sigma": [
        0.21630574186559126, 
        56.983402349642404
      ], 
      "q99%": 66.53590017934498, 
      "sigma": 16.076878863328734
    }, 
    {
      "5sigma": [
        10000862.088630686, 
        31714348.213518668
      ], 
      "3sigma": [
        10004518.027158804, 
        22273075.653557647
      ], 
      "median": 10760010.577550342, 
      "q90%": 17511843.013933312, 
      "q10%": 10137430.840910003, 
      "q25%": 10370314.924938291, 
      "q01%": 10013549.395116556, 
      "q75%": 15653653.192266468, 
      "1sigma": [
        10222670.429059742, 
        16207044.171267183
      ], 
      "2sigma": [
        10045768.051335296, 
        17265007.579529062
      ], 
      "q99%": 17511843.013933312, 
      "sigma": 2992186.8711037207
    }, 
    {
      "5sigma": [
        364.68515963859863, 
        409.69088443623593
      ], 
      "3sigma": [
        364.68515963859863, 
        389.67636623081563
      ], 
      "median": 370.84682911936403, 
      "q90%": 384.5863371847746, 
      "q10%": 367.41705460317894, 
      "q25%": 368.59426276455054, 
      "q01%": 365.4607986018876, 
      "q75%": 373.83698158746813, 
      "1sigma": [
        367.8018720740847, 
        375.7243077025301
      ], 
      "2sigma": [
        366.5213612442558, 
        381.6658015532897
      ], 
      "q99%": 384.5863371847746, 
      "sigma": 3.9612178142226924
    }
  ], 
  "global evidence error": 0.1616451215636117, 
  "nested sampling global log-evidence error": 0.33441385897843995
}