{
  "nested importance sampling global log-evidence": -107.35535006438019, 
  "global evidence": -107.35535006438019, 
  "modes": [
    {
      "index": 0, 
      "local log-evidence": -107.35535006438019, 
      "strictly local log-evidence": -107.35535006438019, 
      "local log-evidence error": 0.8968608068365334, 
      "maximum": [
        77.03504469562728, 
        1.5097809965673223, 
        1.0265090743310274, 
        10019059.791481923, 
        195.18015297086924
      ], 
      "maximum a posterior": [
        77.03504469562728, 
        1.5097809965673223, 
        1.0265090743310274, 
        10019059.791481923, 
        195.18015297086924
      ], 
      "sigma": [
        27.570936748649185, 
        0.034964422968805406, 
        6.948496951247706, 
        2392218.993329598, 
        3.767562394986814
      ], 
      "strictly local log-evidence error": 0.8968608068365334, 
      "mean": [
        63.58722928767348, 
        1.5146640593023875, 
        9.142875161001255, 
        11117231.836210366, 
        201.26331878335762
      ]
    }
  ], 
  "nested importance sampling global log-evidence error": 0.8968608068365334, 
  "nested sampling global log-evidence": -108.72154620847687, 
  "marginals": [
    {
      "5sigma": [
        0.6161332130432129, 
        168.23043530506808
      ], 
      "3sigma": [
        0.73342203103749, 
        139.70854518589647
      ], 
      "median": 63.51701670358919, 
      "q90%": 125.7979139331696, 
      "q10%": 25.461987259041187, 
      "q25%": 45.67976127406659, 
      "q01%": 2.849263931057627, 
      "q75%": 83.20683143312134, 
      "1sigma": [
        37.05459008802821, 
        91.44262492922293
      ], 
      "2sigma": [
        6.043952955657088, 
        114.94747596476857
      ], 
      "q99%": 125.7979139331696, 
      "sigma": 27.19401742059736
    }, 
    {
      "5sigma": [
        1.319353545466894, 
        1.6548819301183455
      ], 
      "3sigma": [
        1.319353545466894, 
        1.6548666650320494
      ], 
      "median": 1.5140780858785152, 
      "q90%": 1.6117129477064402, 
      "q10%": 1.4728461466042382, 
      "q25%": 1.5029521510766624, 
      "q01%": 1.4124828231257287, 
      "q75%": 1.5286892848404683, 
      "1sigma": [
        1.4949784724900443, 
        1.5348212201456597
      ], 
      "2sigma": [
        1.4302637930791797, 
        1.5927158429284018
      ], 
      "q99%": 1.6117129477064402, 
      "sigma": 0.019921373827807676
    }, 
    {
      "5sigma": [
        0.046975442018239215, 
        94.19195121862752
      ], 
      "3sigma": [
        0.05157103894059837, 
        46.959355027566126
      ], 
      "median": 7.869239766953447, 
      "q90%": 41.02781420033419, 
      "q10%": 2.035505608276532, 
      "q25%": 4.227670077096945, 
      "q01%": 0.40737746381171863, 
      "q75%": 12.25457058059461, 
      "1sigma": [
        2.718355702467708, 
        14.443581214731472
      ], 
      "2sigma": [
        0.7947532041570288, 
        24.49256873073088
      ], 
      "q99%": 41.02781420033419, 
      "sigma": 5.862612756131882
    }, 
    {
      "5sigma": [
        10000243.629101247, 
        34108986.34329781
      ], 
      "3sigma": [
        10000243.629101247, 
        26166455.76678412
      ], 
      "median": 10224915.436830416, 
      "q90%": 18495654.793393794, 
      "q10%": 10029044.329831963, 
      "q25%": 10091668.595274013, 
      "q01%": 10001845.092467656, 
      "q75%": 10575406.171590563, 
      "1sigma": [
        10053768.898256613, 
        10875449.349511439
      ], 
      "2sigma": [
        10008195.354055744, 
        17827243.165625315
      ], 
      "q99%": 18495654.793393794, 
      "sigma": 410840.225627413
    }, 
    {
      "5sigma": [
        195.18015297086924, 
        233.2527061174362
      ], 
      "3sigma": [
        195.18015297086924, 
        217.53813058549574
      ], 
      "median": 200.61595616294446, 
      "q90%": 212.84670292093023, 
      "q10%": 197.00683579554072, 
      "q25%": 198.42040291803212, 
      "q01%": 195.62042335284633, 
      "q75%": 203.44627939879828, 
      "1sigma": [
        197.6685903070696, 
        204.9278625173657
      ], 
      "2sigma": [
        196.18297704153755, 
        210.2520672728158
      ], 
      "q99%": 212.84670292093023, 
      "sigma": 3.6296361051480517
    }
  ], 
  "global evidence error": 0.8968608068365334, 
  "nested sampling global log-evidence error": 0.2844272634048242
}