{
  "nested importance sampling global log-evidence": -45.86331348663084, 
  "global evidence": -45.86331348663084, 
  "modes": [
    {
      "index": 0, 
      "local log-evidence": -45.86331348663084, 
      "strictly local log-evidence": -45.86331348663084, 
      "local log-evidence error": 0.023290144639626708, 
      "maximum": [
        55.595137236793185, 
        1.3599766823342672, 
        9.76884422951811, 
        2220904948.394058, 
        77.77079119441828
      ], 
      "maximum a posterior": [
        27.545843184750026, 
        1.4928272664399898, 
        10.103656000613189, 
        811283952.8164797, 
        81.69733874916687
      ], 
      "sigma": [
        22.389970209271485, 
        0.048267980627169596, 
        17.721996043959265, 
        939851275.1060451, 
        2.2796705743802805
      ], 
      "strictly local log-evidence error": 0.023290144639626708, 
      "mean": [
        30.346241471927335, 
        1.4917477562142492, 
        16.848390555118783, 
        895129942.311064, 
        81.70849171859076
      ]
    }
  ], 
  "nested importance sampling global log-evidence error": 0.023290144639626708, 
  "nested sampling global log-evidence": -44.68572303538604, 
  "marginals": [
    {
      "5sigma": [
        0.08136996724448418, 
        227.9855338933932
      ], 
      "3sigma": [
        0.0820477669339614, 
        128.84090002837965
      ], 
      "median": 26.804365010099417, 
      "q90%": 96.67759334138881, 
      "q10%": 5.136012848285626, 
      "q25%": 11.723004348247029, 
      "q01%": 0.37383330377489965, 
      "q75%": 43.764872330671096, 
      "1sigma": [
        8.42430634520522, 
        52.16106662369334
      ], 
      "2sigma": [
        1.5600863160868121, 
        87.19633914080248
      ], 
      "q99%": 96.67759334138881, 
      "sigma": 21.86838013924406
    }, 
    {
      "5sigma": [
        1.330218845923061, 
        1.6473930006696498
      ], 
      "3sigma": [
        1.3493071308033358, 
        1.613568532930393
      ], 
      "median": 1.4815480138294794, 
      "q90%": 1.5909774047769936, 
      "q10%": 1.4397800399716656, 
      "q25%": 1.4561416117446953, 
      "q01%": 1.3608727330055255, 
      "q75%": 1.5335915604906376, 
      "1sigma": [
        1.4476294707040869, 
        1.5518808185291206
      ], 
      "2sigma": [
        1.3957396096216106, 
        1.5751613009461685
      ], 
      "q99%": 1.5909774047769936, 
      "sigma": 0.05212567391251688
    }, 
    {
      "5sigma": [
        0.009645989137561537, 
        99.64813619486243
      ], 
      "3sigma": [
        0.009645989137561537, 
        96.43055622601476
      ], 
      "median": 10.761268088366524, 
      "q90%": 80.0741226919388, 
      "q10%": 2.0738769803179204, 
      "q25%": 5.36942727600971, 
      "q01%": 0.216344790000245, 
      "q75%": 21.342507997127004, 
      "1sigma": [
        3.332933918333335, 
        29.814245189291054
      ], 
      "2sigma": [
        0.4921704299171382, 
        71.62296561106072
      ], 
      "q99%": 80.0741226919388, 
      "sigma": 13.24065563547886
    }, 
    {
      "5sigma": [
        10407929.149411667, 
        4217507854.98227
      ], 
      "3sigma": [
        10453354.13064537, 
        4159207353.3221436
      ], 
      "median": 678997333.3559248, 
      "q90%": 3703135375.2746015, 
      "q10%": 22024723.997479778, 
      "q25%": 43865934.043666214, 
      "q01%": 11048739.10885687, 
      "q75%": 1535269158.0390058, 
      "1sigma": [
        31328005.154917892, 
        1886220474.7012968
      ], 
      "2sigma": [
        12974105.614647385, 
        3113248265.8257637
      ], 
      "q99%": 3703135375.2746015, 
      "sigma": 927446234.7731894
    }, 
    {
      "5sigma": [
        77.77079119441828, 
        108.90259814946431
      ], 
      "3sigma": [
        77.77079119441828, 
        92.97502955524892
      ], 
      "median": 81.10287626531358, 
      "q90%": 88.41373428644913, 
      "q10%": 79.32758245302699, 
      "q25%": 80.12455090472093, 
      "q01%": 78.2504430309325, 
      "q75%": 82.95028918539593, 
      "1sigma": [
        79.64112198158854, 
        83.90801962499752
      ], 
      "2sigma": [
        78.42958118160999, 
        87.24572255666524
      ], 
      "q99%": 88.41373428644913, 
      "sigma": 2.1334488217044907
    }
  ], 
  "global evidence error": 0.023290144639626708, 
  "nested sampling global log-evidence error": 0.19574159435569857
}