{
  "nested importance sampling global log-evidence": -1181.9034597715472, 
  "global evidence": -1181.9034597715472, 
  "modes": [
    {
      "index": 0, 
      "local log-evidence": -1181.9034597715472, 
      "strictly local log-evidence": -1181.9034597715472, 
      "local log-evidence error": 0.023965542450633443, 
      "maximum": [
        23.027800221247716, 
        1.0909479662638328, 
        47.93333781400328, 
        113746697.7936301, 
        2335.2612972598135
      ], 
      "maximum a posterior": [
        18.34714637318615, 
        1.090679869395076, 
        55.82310998121424, 
        216866071.81240752, 
        2340.2008512309667
      ], 
      "sigma": [
        3.247587289350255, 
        0.0005596084414630823, 
        3.70410416592964, 
        46107224.09044956, 
        3.111301962903525
      ], 
      "strictly local log-evidence error": 0.023965542450633443, 
      "mean": [
        22.99551721647006, 
        1.0910584154467011, 
        52.07710175429758, 
        168263900.76905695, 
        2340.6949252363975
      ]
    }
  ], 
  "nested importance sampling global log-evidence error": 0.023965542450633443, 
  "nested sampling global log-evidence": -1181.4432044305015, 
  "marginals": [
    {
      "5sigma": [
        8.396245810610987, 
        36.793418380718094
      ], 
      "3sigma": [
        13.585372616165783, 
        32.63694455766367
      ], 
      "median": 23.101413051188004, 
      "q90%": 30.198025258464426, 
      "q10%": 18.671382100261457, 
      "q25%": 20.699590534518826, 
      "q01%": 15.093280642145073, 
      "q75%": 25.414603413994584, 
      "1sigma": [
        19.74099185096361, 
        26.321808626688295
      ], 
      "2sigma": [
        16.52000201320624, 
        28.974627483440155
      ], 
      "q99%": 30.198025258464426, 
      "sigma": 3.2904083878623425
    }, 
    {
      "5sigma": [
        1.0872753232769736, 
        1.0941528081792695
      ], 
      "3sigma": [
        1.0887397443042077, 
        1.0927783373481081
      ], 
      "median": 1.0910646045981787, 
      "q90%": 1.0924446641203425, 
      "q10%": 1.0903745012561428, 
      "q25%": 1.0907298526492237, 
      "q01%": 1.0896624613258443, 
      "q75%": 1.0914172639621629, 
      "1sigma": [
        1.090525786964172, 
        1.0915774925760646
      ], 
      "2sigma": [
        1.0899256078821806, 
        1.0921973749759701
      ], 
      "q99%": 1.0924446641203425, 
      "sigma": 0.000525852805946303
    }, 
    {
      "5sigma": [
        40.41101180892341, 
        65.69145944155025
      ], 
      "3sigma": [
        43.53711869415152, 
        62.64240762292129
      ], 
      "median": 51.94544030158566, 
      "q90%": 60.37200341378437, 
      "q10%": 47.283195981632296, 
      "q25%": 49.25936877483054, 
      "q01%": 44.98909191481034, 
      "q75%": 54.972172626144896, 
      "1sigma": [
        47.980400694967095, 
        56.06640240714079
      ], 
      "2sigma": [
        45.68496764429148, 
        59.02601835420423
      ], 
      "q99%": 60.37200341378437, 
      "sigma": 4.043000856086849
    }, 
    {
      "5sigma": [
        74750326.60693999, 
        330043233.9913038
      ], 
      "3sigma": [
        103715549.86738646, 
        284510510.3307317
      ], 
      "median": 162416611.2903104, 
      "q90%": 259977529.58029607, 
      "q10%": 114527357.94042426, 
      "q25%": 120408087.00160313, 
      "q01%": 110050899.26155128, 
      "q75%": 209463587.1201307, 
      "1sigma": [
        116467155.24337466, 
        217852945.615759
      ], 
      "2sigma": [
        111419196.4174418, 
        247620038.21512264
      ], 
      "q99%": 259977529.58029607, 
      "sigma": 50692895.18619216
    }, 
    {
      "5sigma": [
        2335.2612972598135, 
        2372.368211282503
      ], 
      "3sigma": [
        2335.2612972598135, 
        2354.3427762730785
      ], 
      "median": 2340.0002025196004, 
      "q90%": 2349.816792600566, 
      "q10%": 2337.3138775185184, 
      "q25%": 2338.5457247126906, 
      "q01%": 2335.619063455878, 
      "q75%": 2342.221236523007, 
      "1sigma": [
        2337.8496886814705, 
        2343.774091910114
      ], 
      "2sigma": [
        2336.342536741854, 
        2348.143144327069
      ], 
      "q99%": 2349.816792600566, 
      "sigma": 2.962201614321657
    }
  ], 
  "global evidence error": 0.023965542450633443, 
  "nested sampling global log-evidence error": 0.3331027140381287
}