{
  "nested importance sampling global log-evidence": -616.7456304135035, 
  "global evidence": -616.7456304135035, 
  "modes": [
    {
      "index": 0, 
      "local log-evidence": -616.7456304135035, 
      "strictly local log-evidence": -616.7456304135035, 
      "local log-evidence error": 0.027418793405848275, 
      "maximum": [
        19.0780371015438, 
        1.090269057286452, 
        45.26755837585966, 
        362252686.818869, 
        1209.1764500525217
      ], 
      "maximum a posterior": [
        11.075042898298834, 
        1.0908406958815307, 
        43.2236554623626, 
        419578977.4091496, 
        1213.0203867132273
      ], 
      "sigma": [
        4.862733535171983, 
        0.0014201556811970443, 
        3.0149167075809746, 
        92271750.2264672, 
        3.081127535983501
      ], 
      "strictly local log-evidence error": 0.027418793405848275, 
      "mean": [
        18.991913747092667, 
        1.0894661101005063, 
        45.01893524224878, 
        401059780.92606515, 
        1213.440690937398
      ]
    }
  ], 
  "nested importance sampling global log-evidence error": 0.027418793405848275, 
  "nested sampling global log-evidence": -616.5121040619865, 
  "marginals": [
    {
      "5sigma": [
        0.09282025691014306, 
        47.50559699079957
      ], 
      "3sigma": [
        6.4946695551351725, 
        34.419655213773176
      ], 
      "median": 18.695658156534346, 
      "q90%": 31.23835343712828, 
      "q10%": 12.745870859086953, 
      "q25%": 15.830588103787184, 
      "q01%": 7.794376190435448, 
      "q75%": 22.226062404397602, 
      "1sigma": [
        14.645380893036533, 
        24.007961283345146
      ], 
      "2sigma": [
        9.22741774596298, 
        28.50121534027102
      ], 
      "q99%": 31.23835343712828, 
      "sigma": 4.681290195154307
    }, 
    {
      "5sigma": [
        1.0782492021512262, 
        1.0954115622706713
      ], 
      "3sigma": [
        1.0848353671011446, 
        1.093455680495153
      ], 
      "median": 1.0895462888987173, 
      "q90%": 1.0925191245117134, 
      "q10%": 1.0876333267764124, 
      "q25%": 1.0884528057461955, 
      "q01%": 1.0859214578602572, 
      "q75%": 1.0904945774276669, 
      "1sigma": [
        1.087998200069988, 
        1.090869363470337
      ], 
      "2sigma": [
        1.086543153118654, 
        1.0920363703789362
      ], 
      "q99%": 1.0925191245117134, 
      "sigma": 0.0014355817001745486
    }, 
    {
      "5sigma": [
        30.310834385854207, 
        60.33139879503419
      ], 
      "3sigma": [
        35.23727138305084, 
        53.306713548133715
      ], 
      "median": 45.012031102183975, 
      "q90%": 51.39381778032589, 
      "q10%": 41.20756729240741, 
      "q25%": 43.06972974551681, 
      "q01%": 37.29051571174637, 
      "q75%": 47.12316021735546, 
      "1sigma": [
        42.11916659040882, 
        48.091230539534166
      ], 
      "2sigma": [
        38.63383915419608, 
        50.38286807844907
      ], 
      "q99%": 51.39381778032589, 
      "sigma": 2.9860319745626747
    }, 
    {
      "5sigma": [
        110075482.23293075, 
        798348138.4535148
      ], 
      "3sigma": [
        181646288.13006228, 
        701782274.4849674
      ], 
      "median": 380535334.9388316, 
      "q90%": 658509669.3507313, 
      "q10%": 302696013.53052336, 
      "q25%": 339924012.38626635, 
      "q01%": 246044776.76646677, 
      "q75%": 442163930.9682879, 
      "1sigma": [
        321087044.2707994, 
        508923832.6194853
      ], 
      "2sigma": [
        263320274.72060925, 
        612838019.2550502
      ], 
      "q99%": 658509669.3507313, 
      "sigma": 93918394.17434296
    }, 
    {
      "5sigma": [
        1209.1764500525217, 
        1245.4981569723163
      ], 
      "3sigma": [
        1209.1764500525217, 
        1227.045329470742
      ], 
      "median": 1212.6180028707984, 
      "q90%": 1223.1825546052373, 
      "q10%": 1210.0448112072042, 
      "q25%": 1211.172308265436, 
      "q01%": 1209.2402020039967, 
      "q75%": 1215.1199994593455, 
      "1sigma": [
        1210.5029019737547, 
        1216.5075135261945
      ], 
      "2sigma": [
        1209.3864262398743, 
        1220.9320559865193
      ], 
      "q99%": 1223.1825546052373, 
      "sigma": 3.0023057762199414
    }
  ], 
  "global evidence error": 0.027418793405848275, 
  "nested sampling global log-evidence error": 0.3129178581302894
}