{
  "nested importance sampling global log-evidence": -1287.7053928305872, 
  "global evidence": -1287.7053928305872, 
  "modes": [
    {
      "index": 0, 
      "local log-evidence": -1287.7053928305872, 
      "strictly local log-evidence": -1287.7053928305872, 
      "local log-evidence error": 0.03676930384721539, 
      "maximum": [
        8.109517524239319, 
        1.086684439997537, 
        26.936265291214962, 
        173174462.61632344, 
        2547.859163488157
      ], 
      "maximum a posterior": [
        3.649043047029846, 
        1.0843289974191588, 
        25.748764849859, 
        151145813.84530994, 
        2550.51885219123
      ], 
      "sigma": [
        3.609876565623699, 
        0.0012163028803675617, 
        2.2473753261660114, 
        26836130.31690426, 
        2.8822019274173796
      ], 
      "strictly local log-evidence error": 0.03676930384721539, 
      "mean": [
        6.854149295704466, 
        1.0863609656724078, 
        26.667602789037378, 
        156226893.17747876, 
        2551.574617408717
      ]
    }
  ], 
  "nested importance sampling global log-evidence error": 0.03676930384721539, 
  "nested sampling global log-evidence": -1286.4626067523195, 
  "marginals": [
    {
      "5sigma": [
        0.016124689773867436, 
        25.730105707638675
      ], 
      "3sigma": [
        0.016124689773867436, 
        18.676681840437347
      ], 
      "median": 6.689837411050002, 
      "q90%": 15.72303920103744, 
      "q10%": 2.0423994458027144, 
      "q25%": 4.145208729774761, 
      "q01%": 0.35336677168992375, 
      "q75%": 9.263371895968511, 
      "1sigma": [
        2.926741874110484, 
        10.769623445525916
      ], 
      "2sigma": [
        0.8455552919124939, 
        13.856599908301131
      ], 
      "q99%": 15.72303920103744, 
      "sigma": 3.9214407857077163
    }, 
    {
      "5sigma": [
        1.0809913484445761, 
        1.091220971700989
      ], 
      "3sigma": [
        1.0823616287782105, 
        1.0897162615387865
      ], 
      "median": 1.0865385526460551, 
      "q90%": 1.0887766687503941, 
      "q10%": 1.0846301517127452, 
      "q25%": 1.0855965715179081, 
      "q01%": 1.083342075570056, 
      "q75%": 1.0872126255006433, 
      "1sigma": [
        1.0850474638285181, 
        1.087481862670082
      ], 
      "2sigma": [
        1.0838243289327256, 
        1.088620046393313
      ], 
      "q99%": 1.0887766687503941, 
      "sigma": 0.0012171994207819115
    }, 
    {
      "5sigma": [
        14.939067608765932, 
        38.80007779425296
      ], 
      "3sigma": [
        19.67774371736209, 
        33.259304979895234
      ], 
      "median": 26.701446993950753, 
      "q90%": 31.535346704538025, 
      "q10%": 23.63954001914242, 
      "q25%": 25.256369757600066, 
      "q01%": 21.067400942264882, 
      "q75%": 28.044090958771932, 
      "1sigma": [
        24.435997173166545, 
        28.842595938055855
      ], 
      "2sigma": [
        22.0979484522608, 
        30.895711802644538
      ], 
      "q99%": 31.535346704538025, 
      "sigma": 2.203299382444655
    }, 
    {
      "5sigma": [
        64139090.802029364, 
        672820313.1613544
      ], 
      "3sigma": [
        73068492.01321797, 
        212563269.07783133
      ], 
      "median": 162364704.44647747, 
      "q90%": 193109379.1861255, 
      "q10%": 106934320.82685868, 
      "q25%": 148205227.76453263, 
      "q01%": 82381286.81257789, 
      "q75%": 174419084.5280637, 
      "1sigma": [
        139741360.48938364, 
        178560013.77702388
      ], 
      "2sigma": [
        85889571.74843866, 
        187163655.50548694
      ], 
      "q99%": 193109379.1861255, 
      "sigma": 19409326.643820122
    }, 
    {
      "5sigma": [
        2547.859163488157, 
        2583.243129421302
      ], 
      "3sigma": [
        2547.859163488157, 
        2564.8266663028253
      ], 
      "median": 2550.894165628596, 
      "q90%": 2560.736327071405, 
      "q10%": 2548.5545406529513, 
      "q25%": 2549.4110939331645, 
      "q01%": 2547.9873211673216, 
      "q75%": 2553.189714715388, 
      "1sigma": [
        2548.910796244994, 
        2554.2392477411026
      ], 
      "2sigma": [
        2548.0395470132867, 
        2558.740538428094
      ], 
      "q99%": 2560.736327071405, 
      "sigma": 2.6642257480543776
    }
  ], 
  "global evidence error": 0.03676930384721539, 
  "nested sampling global log-evidence error": 0.32673074613440645
}