{
  "nested importance sampling global log-evidence": -1242.7189886345204, 
  "global evidence": -1242.7189886345204, 
  "modes": [
    {
      "index": 0, 
      "local log-evidence": -1242.7189886345204, 
      "strictly local log-evidence": -1242.7189886345204, 
      "local log-evidence error": 0.027786737808704498, 
      "maximum": [
        0.2969967509716717, 
        1.0104551069151475, 
        0.9501978378743021, 
        993673606.9797094, 
        2399.058356811106
      ], 
      "maximum a posterior": [
        0.2969967509716717, 
        1.0104551069151475, 
        0.9501978378743021, 
        993673606.9797094, 
        2399.058356811106
      ], 
      "sigma": [
        0.6272311441801908, 
        0.0061016375114814995, 
        1.3961694559411102, 
        59814283.17108, 
        8.220645088025828
      ], 
      "strictly local log-evidence error": 0.027786737808704498, 
      "mean": [
        0.6752445426165492, 
        1.0264271593846612, 
        1.6069127054843781, 
        1061458614.2013345, 
        2417.2101191755514
      ]
    }
  ], 
  "nested importance sampling global log-evidence error": 0.027786737808704498, 
  "nested sampling global log-evidence": -1241.008281268065, 
  "marginals": [
    {
      "5sigma": [
        0.00038846420495793066, 
        4.841160804509173
      ], 
      "3sigma": [
        0.0006212626623763464, 
        3.901617794212796
      ], 
      "median": 0.4942645022455697, 
      "q90%": 2.889323272052015, 
      "q10%": 0.08476850115834648, 
      "q25%": 0.21195335703804094, 
      "q01%": 0.008448380127659366, 
      "q75%": 0.9494505663002321, 
      "1sigma": [
        0.13000975637200188, 
        1.218246022512658
      ], 
      "2sigma": [
        0.020551549427133886, 
        2.3849855452185627
      ], 
      "q99%": 2.889323272052015, 
      "sigma": 0.544118133070328
    }, 
    {
      "5sigma": [
        1.0081344035718287, 
        1.060214209551533
      ], 
      "3sigma": [
        1.008808999757444, 
        1.0431547955644376
      ], 
      "median": 1.027548590180029, 
      "q90%": 1.0386668880759637, 
      "q10%": 1.0176296910189992, 
      "q25%": 1.0222330092406413, 
      "q01%": 1.0110814667930097, 
      "q75%": 1.0308092536998452, 
      "1sigma": [
        1.0195193156622933, 
        1.0322126211218687
      ], 
      "2sigma": [
        1.0134235023699878, 
        1.036344098466984
      ], 
      "q99%": 1.0386668880759637, 
      "sigma": 0.006346652729787738
    }, 
    {
      "5sigma": [
        0.0006268216168932217, 
        11.47493187179188
      ], 
      "3sigma": [
        0.001982666111247913, 
        9.08749603650605
      ], 
      "median": 1.2603038760112908, 
      "q90%": 6.606637261203697, 
      "q10%": 0.21377797178091945, 
      "q25%": 0.5598788170416427, 
      "q01%": 0.018422161303079623, 
      "q75%": 2.251909273008331, 
      "1sigma": [
        0.3570738719730384, 
        2.8659783555908804
      ], 
      "2sigma": [
        0.043012919380923595, 
        5.033533616116685
      ], 
      "q99%": 6.606637261203697, 
      "sigma": 1.254452241808921
    }, 
    {
      "5sigma": [
        761985592.208779, 
        2063383537.7331686
      ], 
      "3sigma": [
        917909853.4691741, 
        1200089414.1885526
      ], 
      "median": 1057587247.5695579, 
      "q90%": 1179198865.7574856, 
      "q10%": 985938028.7715642, 
      "q25%": 1014280880.15705, 
      "q01%": 939008016.5736934, 
      "q75%": 1113895163.4459565, 
      "1sigma": [
        999299806.3472698, 
        1130789754.6277049
      ], 
      "2sigma": [
        954077836.0109503, 
        1162244630.6375718
      ], 
      "q99%": 1179198865.7574856, 
      "sigma": 65744974.14021754
    }, 
    {
      "5sigma": [
        2399.058356811106, 
        2478.03431215374
      ], 
      "3sigma": [
        2399.058356811106, 
        2446.2657971674535
      ], 
      "median": 2417.707125185478, 
      "q90%": 2437.5820258389285, 
      "q10%": 2405.803438569235, 
      "q25%": 2411.53621378764, 
      "q01%": 2399.8439702282053, 
      "q75%": 2422.42979731579, 
      "1sigma": [
        2408.3268745231276, 
        2425.049976654821
      ], 
      "2sigma": [
        2401.631660465041, 
        2433.261654017353
      ], 
      "q99%": 2437.5820258389285, 
      "sigma": 8.361551065846697
    }
  ], 
  "global evidence error": 0.027786737808704498, 
  "nested sampling global log-evidence error": 0.5692382777073454
}