{
  "nested importance sampling global log-evidence": -413.7822867019301, 
  "global evidence": -413.7822867019301, 
  "modes": [
    {
      "index": 0, 
      "local log-evidence": -413.7822867019301, 
      "strictly local log-evidence": -413.7822867019301, 
      "local log-evidence error": 0.03564041631179766, 
      "maximum": [
        467.7183389858859, 
        1.6834190305715337, 
        26.797554107156508, 
        10384576.476587217, 
        803.9747429236234
      ], 
      "maximum a posterior": [
        450.1938869835008, 
        1.683954399467977, 
        24.16760988717595, 
        10801679.047234967, 
        807.847780623248
      ], 
      "sigma": [
        13.241170159034219, 
        0.00032989622781777017, 
        14.71964595111316, 
        3641818.663346301, 
        3.1622423243229667
      ], 
      "strictly local log-evidence error": 0.03564041631179766, 
      "mean": [
        464.9968708612269, 
        1.6834409687038587, 
        26.203216387276427, 
        12062483.594504375, 
        808.107068201363
      ]
    }
  ], 
  "nested importance sampling global log-evidence error": 0.03564041631179766, 
  "nested sampling global log-evidence": -413.62594658632213, 
  "marginals": [
    {
      "5sigma": [
        401.4903647668238, 
        526.0645450823366
      ], 
      "3sigma": [
        424.9571816120875, 
        500.6264005849966
      ], 
      "median": 465.18926660165044, 
      "q90%": 493.1210048455408, 
      "q10%": 447.9573899559544, 
      "q25%": 455.7943176191881, 
      "q01%": 433.82142632923404, 
      "q75%": 474.32428649048313, 
      "1sigma": [
        451.3550194366613, 
        477.7189354216491
      ], 
      "2sigma": [
        439.4163973488819, 
        490.25478666140333
      ], 
      "q99%": 493.1210048455408, 
      "sigma": 13.18195799249392
    }, 
    {
      "5sigma": [
        1.6817376169126383, 
        1.6851206731223176
      ], 
      "3sigma": [
        1.6824614089887033, 
        1.6844312352646866
      ], 
      "median": 1.6834303135251982, 
      "q90%": 1.6841574695708512, 
      "q10%": 1.6830173142743223, 
      "q25%": 1.683217002730699, 
      "q01%": 1.6826670494442235, 
      "q75%": 1.6836621347959237, 
      "1sigma": [
        1.683122287960424, 
        1.6837765291942213
      ], 
      "2sigma": [
        1.6828194399132794, 
        1.6840965216554422
      ], 
      "q99%": 1.6841574695708512, 
      "sigma": 0.00032712061689865735
    }, 
    {
      "5sigma": [
        0.023926033702802295, 
        94.8240508870566
      ], 
      "3sigma": [
        0.2337733426409432, 
        75.97472120461596
      ], 
      "median": 25.392930083392102, 
      "q90%": 64.12593548500408, 
      "q10%": 6.860083930082908, 
      "q25%": 15.052900236277965, 
      "q01%": 1.1824694084412903, 
      "q75%": 35.1466218801498, 
      "1sigma": [
        10.730880215826444, 
        40.400659745353146
      ], 
      "2sigma": [
        2.2637962819890407, 
        59.828525636617265
      ], 
      "q99%": 64.12593548500408, 
      "sigma": 14.83488976476335
    }, 
    {
      "5sigma": [
        10000261.669210082, 
        41744439.92712575
      ], 
      "3sigma": [
        10000842.540161772, 
        29173445.20019066
      ], 
      "median": 10697817.592356099, 
      "q90%": 26731944.44139687, 
      "q10%": 10153468.525105981, 
      "q25%": 10346554.035468822, 
      "q01%": 10009202.153544383, 
      "q75%": 11275828.917926662, 
      "1sigma": [
        10225494.854051143, 
        14449422.506159846
      ], 
      "2sigma": [
        10030732.000997672, 
        25384481.54312876
      ], 
      "q99%": 26731944.44139687, 
      "sigma": 2111963.8260543514
    }, 
    {
      "5sigma": [
        803.9747429236234, 
        840.220739968329
      ], 
      "3sigma": [
        803.9747429236234, 
        822.2263552361978
      ], 
      "median": 807.3789229911974, 
      "q90%": 817.7184249692649, 
      "q10%": 804.9302988433474, 
      "q25%": 805.7951509985531, 
      "q01%": 804.2234597739345, 
      "q75%": 809.7913575953856, 
      "1sigma": [
        805.299292621258, 
        811.052990260784
      ], 
      "2sigma": [
        804.3687089436087, 
        816.2216889167885
      ], 
      "q99%": 817.7184249692649, 
      "sigma": 2.8768488197629836
    }
  ], 
  "global evidence error": 0.03564041631179766, 
  "nested sampling global log-evidence error": 0.30939315580138427
}