{
  "nested importance sampling global log-evidence": -452.84514582060905, 
  "global evidence": -452.84514582060905, 
  "modes": [
    {
      "index": 0, 
      "local log-evidence": -452.84514582060905, 
      "strictly local log-evidence": -452.84514582060905, 
      "local log-evidence error": 0.11786309919817152, 
      "maximum": [
        456.5841361640956, 
        1.695087383471825, 
        13.059648589066933, 
        10048385.691233842, 
        881.4827483231958
      ], 
      "maximum a posterior": [
        457.0771397936143, 
        1.694764486720025, 
        46.06167816477413, 
        10183852.90476383, 
        884.550583082523
      ], 
      "sigma": [
        14.097198730663075, 
        0.000456133287112973, 
        14.231572095454382, 
        816393.5769269777, 
        2.8199898878988945
      ], 
      "strictly local log-evidence error": 0.11786309919817152, 
      "mean": [
        455.60057914153924, 
        1.6949619732820618, 
        20.264305835721807, 
        10454406.570699561, 
        885.0249331901684
      ]
    }
  ], 
  "nested importance sampling global log-evidence error": 0.11786309919817152, 
  "nested sampling global log-evidence": -452.4322547278059, 
  "marginals": [
    {
      "5sigma": [
        385.23854310865994, 
        520.1629848483666
      ], 
      "3sigma": [
        411.68226016569474, 
        493.5981731270389
      ], 
      "median": 456.3922672614768, 
      "q90%": 488.3209741637279, 
      "q10%": 435.97220045262065, 
      "q25%": 446.1330402076359, 
      "q01%": 423.21368092850025, 
      "q75%": 465.1235162413839, 
      "1sigma": [
        440.1187630596656, 
        469.55823522288324
      ], 
      "2sigma": [
        428.7324889447318, 
        482.6042413717557
      ], 
      "q99%": 488.3209741637279, 
      "sigma": 14.71973608160883
    }, 
    {
      "5sigma": [
        1.6924756026880838, 
        1.696993045965032
      ], 
      "3sigma": [
        1.6936524207816879, 
        1.6963770043539295
      ], 
      "median": 1.6949683790201673, 
      "q90%": 1.6959786409761874, 
      "q10%": 1.694332411933139, 
      "q25%": 1.6946648970761584, 
      "q01%": 1.6938847363215321, 
      "q75%": 1.695260753786962, 
      "1sigma": [
        1.6945155395721045, 
        1.6953673492173142
      ], 
      "2sigma": [
        1.6940394719445488, 
        1.6958402458076143
      ], 
      "q99%": 1.6959786409761874, 
      "sigma": 0.0004259048226048501
    }, 
    {
      "5sigma": [
        0.14123516105820877, 
        96.4383746935341
      ], 
      "3sigma": [
        0.1706017140674637, 
        74.1387590793466
      ], 
      "median": 17.61601062505456, 
      "q90%": 62.895191103417275, 
      "q10%": 3.970209454583213, 
      "q25%": 9.106975034251226, 
      "q01%": 0.4548982612223376, 
      "q75%": 28.74374126628594, 
      "1sigma": [
        6.023823773911093, 
        35.36292473899358
      ], 
      "2sigma": [
        1.0707310109989445, 
        53.44219228983118
      ], 
      "q99%": 62.895191103417275, 
      "sigma": 14.669550482541242
    }, 
    {
      "5sigma": [
        10001035.442544019, 
        39078431.44212836
      ], 
      "3sigma": [
        10001035.442544019, 
        21861782.214872967
      ], 
      "median": 10323511.135761978, 
      "q90%": 11745513.674925443, 
      "q10%": 10058823.92337609, 
      "q25%": 10160005.785631124, 
      "q01%": 10003112.88498208, 
      "q75%": 10575466.28505005, 
      "1sigma": [
        10101595.050711326, 
        10699629.441521162
      ], 
      "2sigma": [
        10012849.723171674, 
        11200999.22297823
      ], 
      "q99%": 11745513.674925443, 
      "sigma": 299017.19540491793
    }, 
    {
      "5sigma": [
        881.4827483231958, 
        919.2510713510758
      ], 
      "3sigma": [
        881.4827483231958, 
        900.20901850983
      ], 
      "median": 884.2339702085669, 
      "q90%": 894.6344558529248, 
      "q10%": 882.2264104577883, 
      "q25%": 883.0020650036062, 
      "q01%": 881.6027892013578, 
      "q75%": 886.3293809221864, 
      "1sigma": [
        882.5315422623515, 
        887.4644306952066
      ], 
      "2sigma": [
        881.6782020492628, 
        892.1669485000791
      ], 
      "q99%": 894.6344558529248, 
      "sigma": 2.466444216427533
    }
  ], 
  "global evidence error": 0.11786309919817152, 
  "nested sampling global log-evidence error": 0.31495695154402353
}