{
  "nested importance sampling global log-evidence": -104.62380680769581, 
  "global evidence": -104.62380680769581, 
  "modes": [
    {
      "index": 0, 
      "local log-evidence": -104.62380680769581, 
      "strictly local log-evidence": -104.62380680769581, 
      "local log-evidence error": 0.12498013402503967, 
      "maximum": [
        250.47809320783747, 
        1.6826425007766135, 
        0.5436248685967515, 
        29312524.47501701, 
        190.00500152825776
      ], 
      "maximum a posterior": [
        233.30111518942326, 
        1.6830748604723849, 
        25.098328688433863, 
        12659394.409208514, 
        194.2520774710878
      ], 
      "sigma": [
        16.802794381913145, 
        0.0009809949695794911, 
        13.317646384760675, 
        10158460.676934665, 
        2.636624845935607
      ], 
      "strictly local log-evidence error": 0.12498013402503967, 
      "mean": [
        246.45486532539874, 
        1.6824310082401066, 
        17.963744559753525, 
        27254113.59901849, 
        193.9605455376947
      ]
    }
  ], 
  "nested importance sampling global log-evidence error": 0.12498013402503967, 
  "nested sampling global log-evidence": -103.85296560041982, 
  "marginals": [
    {
      "5sigma": [
        172.72756492930384, 
        327.28308604050125
      ], 
      "3sigma": [
        201.7663839330382, 
        296.03879630603154
      ], 
      "median": 245.84230729698743, 
      "q90%": 284.75332928198344, 
      "q10%": 225.18512890018587, 
      "q25%": 235.4367373208156, 
      "q01%": 208.5127577009105, 
      "q75%": 257.66280970456256, 
      "1sigma": [
        229.61348011091525, 
        263.66124204728993
      ], 
      "2sigma": [
        212.50753925858191, 
        277.1240473943576
      ], 
      "q99%": 284.75332928198344, 
      "sigma": 17.023880968187342
    }, 
    {
      "5sigma": [
        1.6774454748252972, 
        1.6873211866653808
      ], 
      "3sigma": [
        1.6795269688938828, 
        1.6851876173057616
      ], 
      "median": 1.6824639457431922, 
      "q90%": 1.684559033540139, 
      "q10%": 1.6811373326631682, 
      "q25%": 1.6817213234435702, 
      "q01%": 1.6802825134250907, 
      "q75%": 1.6831096214004482, 
      "1sigma": [
        1.6813683974348137, 
        1.6834924950288663
      ], 
      "2sigma": [
        1.6805753910779346, 
        1.6842190849224652
      ], 
      "q99%": 1.684559033540139, 
      "sigma": 0.001062048797026316
    }, 
    {
      "5sigma": [
        0.05190114289263265, 
        97.19707306155661
      ], 
      "3sigma": [
        0.05190114289263265, 
        74.73071543762698
      ], 
      "median": 14.929559491730554, 
      "q90%": 57.594649238811854, 
      "q10%": 3.12501012670549, 
      "q25%": 7.885120978189362, 
      "q01%": 0.16867842213017137, 
      "q75%": 24.98510954892324, 
      "1sigma": [
        4.897551345986538, 
        31.244515261752955
      ], 
      "2sigma": [
        0.6820142584740417, 
        48.452675793066106
      ], 
      "q99%": 57.594649238811854, 
      "sigma": 13.173481957883208
    }, 
    {
      "5sigma": [
        10099861.60128374, 
        1292657585.6825378
      ], 
      "3sigma": [
        10276561.49249841, 
        54493590.0013837
      ], 
      "median": 28669204.806318026, 
      "q90%": 45835663.25661894, 
      "q10%": 12154593.53215484, 
      "q25%": 19768006.8318822, 
      "q01%": 10981018.265928715, 
      "q75%": 34740958.748370916, 
      "1sigma": [
        12909372.358870827, 
        37219636.284741595
      ], 
      "2sigma": [
        11333325.339480212, 
        43265719.61388471
      ], 
      "q99%": 45835663.25661894, 
      "sigma": 12155131.962935384
    }, 
    {
      "5sigma": [
        190.00500152825776, 
        224.65640549259123
      ], 
      "3sigma": [
        190.00500152825776, 
        207.32570355442937
      ], 
      "median": 193.52560238940382, 
      "q90%": 202.80930971396575, 
      "q10%": 191.09193607858563, 
      "q25%": 192.08949021958375, 
      "q01%": 190.3145294128439, 
      "q75%": 195.28062076060502, 
      "1sigma": [
        191.48847194992365, 
        196.2704279035393
      ], 
      "2sigma": [
        190.46882833626964, 
        200.74106563768808
      ], 
      "q99%": 202.80930971396575, 
      "sigma": 2.390977976807818
    }
  ], 
  "global evidence error": 0.12498013402503967, 
  "nested sampling global log-evidence error": 0.26215821237510945
}