{
  "nested importance sampling global log-evidence": -227.49060001069267, 
  "global evidence": -227.49060001069267, 
  "modes": [
    {
      "index": 0, 
      "local log-evidence": -227.49060001069267, 
      "strictly local log-evidence": -227.49060001069267, 
      "local log-evidence error": 0.03947326311113937, 
      "maximum": [
        365.632809092963, 
        1.6934370048826384, 
        1.6468305322977348, 
        10302947.137849012, 
        429.72116792620136
      ], 
      "maximum a posterior": [
        341.0048058043928, 
        1.6929403444747497, 
        6.504065870907912, 
        11066463.400748184, 
        433.6434520896705
      ], 
      "sigma": [
        14.81444207085283, 
        0.0007260910828562581, 
        10.954543363742342, 
        15888319.693701155, 
        3.151401732062669
      ], 
      "strictly local log-evidence error": 0.03947326311113937, 
      "mean": [
        363.64171140167565, 
        1.6932934390881758, 
        12.67610944611525, 
        11242591.642869923, 
        433.8927421508103
      ]
    }
  ], 
  "nested importance sampling global log-evidence error": 0.03947326311113937, 
  "nested sampling global log-evidence": -225.95035569562532, 
  "marginals": [
    {
      "5sigma": [
        273.45163050399486, 
        433.06430701787167
      ], 
      "3sigma": [
        319.44553210608046, 
        410.3701553929096
      ], 
      "median": 363.84189022844805, 
      "q90%": 399.426582583365, 
      "q10%": 343.9186705502645, 
      "q25%": 355.14505483377343, 
      "q01%": 326.5900076472414, 
      "q75%": 373.7870381771988, 
      "1sigma": [
        349.8939399956722, 
        378.85262719098216
      ], 
      "2sigma": [
        332.2542906206643, 
        389.7000847322987
      ], 
      "q99%": 399.426582583365, 
      "sigma": 14.479343597654974
    }, 
    {
      "5sigma": [
        1.690079667350674, 
        1.6969248737975626
      ], 
      "3sigma": [
        1.6912263751590013, 
        1.6954414114421843
      ], 
      "median": 1.6932875415438657, 
      "q90%": 1.6949698221518636, 
      "q10%": 1.6923463965900065, 
      "q25%": 1.6927830044905472, 
      "q01%": 1.6916302188695502, 
      "q75%": 1.6937981932063875, 
      "1sigma": [
        1.6925564336668852, 
        1.694014256902289
      ], 
      "2sigma": [
        1.6918342222219072, 
        1.694738732341576
      ], 
      "q99%": 1.6949698221518636, 
      "sigma": 0.0007289116177018329
    }, 
    {
      "5sigma": [
        0.016907231043125918, 
        94.8657686279491
      ], 
      "3sigma": [
        0.016907231043125918, 
        60.44164609257144
      ], 
      "median": 10.285095875954006, 
      "q90%": 49.180745685558314, 
      "q10%": 1.398161511237665, 
      "q25%": 3.8671038452446282, 
      "q01%": 0.18216995243252831, 
      "q75%": 17.963419652445943, 
      "1sigma": [
        2.24614713748113, 
        23.092191617698898
      ], 
      "2sigma": [
        0.45060106709046727, 
        39.24907569827383
      ], 
      "q99%": 49.180745685558314, 
      "sigma": 10.423022240108883
    }, 
    {
      "5sigma": [
        10003119.432140427, 
        1803546723.8673353
      ], 
      "3sigma": [
        10003119.432140427, 
        29040212.350312922
      ], 
      "median": 10525766.29337398, 
      "q90%": 17521307.514174793, 
      "q10%": 10135414.161640473, 
      "q25%": 10265382.462060044, 
      "q01%": 10010263.034415087, 
      "q75%": 10902047.879245853, 
      "1sigma": [
        10180626.395250777, 
        11146880.307091618
      ], 
      "2sigma": [
        10036267.527477683, 
        16897738.990752026
      ], 
      "q99%": 17521307.514174793, 
      "sigma": 483126.9559204206
    }, 
    {
      "5sigma": [
        429.72116792620136, 
        467.07480317099004
      ], 
      "3sigma": [
        429.72116792620136, 
        449.1017733678054
      ], 
      "median": 433.1884415037256, 
      "q90%": 444.5985123859942, 
      "q10%": 430.7334181689449, 
      "q25%": 431.5859587794924, 
      "q01%": 429.8986040873263, 
      "q75%": 435.40780130150296, 
      "1sigma": [
        431.1257273213374, 
        436.68666530241234
      ], 
      "2sigma": [
        430.1030511346457, 
        442.2093752615124
      ], 
      "q99%": 444.5985123859942, 
      "sigma": 2.7804689905374573
    }
  ], 
  "global evidence error": 0.03947326311113937, 
  "nested sampling global log-evidence error": 0.3000664029886198
}