{
  "nested importance sampling global log-evidence": -94.3072195104501, 
  "global evidence": -94.3072195104501, 
  "modes": [
    {
      "index": 0, 
      "local log-evidence": -94.3072195104501, 
      "strictly local log-evidence": -94.3072195104501, 
      "local log-evidence error": 0.02749163113440054, 
      "maximum": [
        131.16466954639444, 
        1.6885619045136475, 
        1.5293645333021755, 
        1292375605.113325, 
        172.16799867992017
      ], 
      "maximum a posterior": [
        121.38994045081685, 
        1.6909737158943956, 
        77.5972085611108, 
        1397226286.2484105, 
        176.5241309767681
      ], 
      "sigma": [
        20.168117997656136, 
        0.003520759429187953, 
        20.355682388370692, 
        257269234.4662669, 
        2.8763277322718004
      ], 
      "strictly local log-evidence error": 0.02749163113440054, 
      "mean": [
        124.23345544649594, 
        1.6898387042429042, 
        27.70911961385263, 
        1480853092.4272218, 
        175.97766902649954
      ]
    }
  ], 
  "nested importance sampling global log-evidence error": 0.02749163113440054, 
  "nested sampling global log-evidence": -93.70221172281465, 
  "marginals": [
    {
      "5sigma": [
        23.49063434794818, 
        233.78807606050725
      ], 
      "3sigma": [
        69.86668217369643, 
        184.79988432151168
      ], 
      "median": 124.16370485874933, 
      "q90%": 173.73903443752315, 
      "q10%": 98.15219047443588, 
      "q25%": 109.74929743015053, 
      "q01%": 79.91462920817257, 
      "q75%": 136.97095094345477, 
      "1sigma": [
        103.53830763705388, 
        144.64246399693997
      ], 
      "2sigma": [
        86.67636379024077, 
        165.24956183463163
      ], 
      "q99%": 173.73903443752315, 
      "sigma": 20.552078179943045
    }, 
    {
      "5sigma": [
        1.673663525377638, 
        1.7050858467029093
      ], 
      "3sigma": [
        1.6788022689973148, 
        1.699345308311324
      ], 
      "median": 1.690105657550676, 
      "q90%": 1.6978263159169353, 
      "q10%": 1.6852953406601299, 
      "q25%": 1.6875603585662475, 
      "q01%": 1.6813597751067517, 
      "q75%": 1.692219722580277, 
      "1sigma": [
        1.6862460983076086, 
        1.6931583969320683
      ], 
      "2sigma": [
        1.682417177542553, 
        1.697034941235847
      ], 
      "q99%": 1.6978263159169353, 
      "sigma": 0.003456149312229817
    }, 
    {
      "5sigma": [
        0.049585151147144124, 
        99.60651586531937
      ], 
      "3sigma": [
        0.049585151147144124, 
        96.35133916475759
      ], 
      "median": 23.427536537798993, 
      "q90%": 86.1796316864788, 
      "q10%": 4.065919041662957, 
      "q25%": 10.903667520166465, 
      "q01%": 0.6471254159957697, 
      "q75%": 39.30297321628697, 
      "1sigma": [
        6.5150121083251875, 
        49.74778313450185
      ], 
      "2sigma": [
        1.136276727610628, 
        72.03575381156793
      ], 
      "q99%": 86.1796316864788, 
      "sigma": 21.616385513088332
    }, 
    {
      "5sigma": [
        10152594.305295352, 
        3486096177.361051
      ], 
      "3sigma": [
        818331324.811901, 
        2518096717.979221
      ], 
      "median": 1449729990.0931532, 
      "q90%": 2255222629.8954253, 
      "q10%": 1188214876.8912983, 
      "q25%": 1313653733.9624116, 
      "q01%": 971651653.9699857, 
      "q75%": 1621213474.9072115, 
      "1sigma": [
        1261897694.4406216, 
        1724112950.7947612
      ], 
      "2sigma": [
        1064730715.9868852, 
        2075719875.341864
      ], 
      "q99%": 2255222629.8954253, 
      "sigma": 231107628.17706978
    }, 
    {
      "5sigma": [
        172.16799867992017, 
        207.5876737366484
      ], 
      "3sigma": [
        172.16799867992017, 
        190.33014264168094
      ], 
      "median": 175.26179244900004, 
      "q90%": 185.25888247988922, 
      "q10%": 173.00066854526216, 
      "q25%": 173.90258625655278, 
      "q01%": 172.19856501422692, 
      "q75%": 177.1823240830023, 
      "1sigma": [
        173.29776830811582, 
        178.61208466714223
      ], 
      "2sigma": [
        172.3924070120233, 
        182.96454510960803
      ], 
      "q99%": 185.25888247988922, 
      "sigma": 2.6571581795132033
    }
  ], 
  "global evidence error": 0.02749163113440054, 
  "nested sampling global log-evidence error": 0.23902671837199035
}