{
  "nested importance sampling global log-evidence": -51.65267186751887, 
  "global evidence": -51.65267186751887, 
  "modes": [
    {
      "index": 0, 
      "local log-evidence": -51.65267186751887, 
      "strictly local log-evidence": -51.65267186751887, 
      "local log-evidence error": 0.022833813766154062, 
      "maximum": [
        77.00064918473065, 
        1.680551347709053, 
        7.598096753941711, 
        59667579.49496971, 
        89.06592219929973
      ], 
      "maximum a posterior": [
        106.25519188469526, 
        1.679106645633831, 
        33.88421059484915, 
        86132121.68189906, 
        92.93828905311261
      ], 
      "sigma": [
        21.205871072092133, 
        0.00485127083534447, 
        23.02019844280191, 
        106883488.81187001, 
        2.88151990713648
      ], 
      "strictly local log-evidence error": 0.022833813766154062, 
      "mean": [
        79.28209417433817, 
        1.6822756078037429, 
        37.05827839804404, 
        77823798.81424192, 
        93.37984187091065
      ]
    }
  ], 
  "nested importance sampling global log-evidence error": 0.022833813766154062, 
  "nested sampling global log-evidence": -50.776447393426885, 
  "marginals": [
    {
      "5sigma": [
        0.5061462039805402, 
        179.9939431265785
      ], 
      "3sigma": [
        16.198941003536277, 
        140.56953454032688
      ], 
      "median": 78.12744890831176, 
      "q90%": 125.22346662285068, 
      "q10%": 50.85578416654051, 
      "q25%": 65.44071685445407, 
      "q01%": 27.10089875009251, 
      "q75%": 94.49733359271617, 
      "1sigma": [
        58.051979761322016, 
        101.37098044148021
      ], 
      "2sigma": [
        38.30333352410634, 
        118.29153651505067
      ], 
      "q99%": 125.22346662285068, 
      "sigma": 21.6595003400791
    }, 
    {
      "5sigma": [
        1.6660476604685193, 
        1.7076648271639843
      ], 
      "3sigma": [
        1.667894290606741, 
        1.6977477027557584
      ], 
      "median": 1.6821631376797612, 
      "q90%": 1.6945579115278857, 
      "q10%": 1.6764109191071115, 
      "q25%": 1.678971362969865, 
      "q01%": 1.672193838403986, 
      "q75%": 1.6852419257408515, 
      "1sigma": [
        1.6773689376218655, 
        1.6867593431970045
      ], 
      "2sigma": [
        1.6733915563604882, 
        1.6929708049449022
      ], 
      "q99%": 1.6945579115278857, 
      "sigma": 0.004695202787569519
    }, 
    {
      "5sigma": [
        0.26735472116392783, 
        99.28977980302474
      ], 
      "3sigma": [
        0.26968847559857057, 
        96.34770751619006
      ], 
      "median": 35.095675564099395, 
      "q90%": 91.33695113281439, 
      "q10%": 7.568867732017646, 
      "q25%": 17.758566953867874, 
      "q01%": 0.7434321586790836, 
      "q75%": 52.175483508365055, 
      "1sigma": [
        12.124915116445116, 
        61.964421885161855
      ], 
      "2sigma": [
        1.89939658853894, 
        86.58451148853756
      ], 
      "q99%": 91.33695113281439, 
      "sigma": 24.91975338435837
    }, 
    {
      "5sigma": [
        10016661.480864832, 
        1636379696.93894
      ], 
      "3sigma": [
        11374366.259719143, 
        888185482.7698439
      ], 
      "median": 53093707.24883879, 
      "q90%": 620919915.6966153, 
      "q10%": 23688505.88081073, 
      "q25%": 38498977.82493629, 
      "q01%": 12150347.840278136, 
      "q75%": 72004373.20775363, 
      "1sigma": [
        32370106.68708982, 
        85531940.30362661
      ], 
      "2sigma": [
        12867836.772406872, 
        468020082.13352406
      ], 
      "q99%": 620919915.6966153, 
      "sigma": 26580916.808268398
    }, 
    {
      "5sigma": [
        89.06592219929973, 
        122.11963417711031
      ], 
      "3sigma": [
        89.06592219929973, 
        106.45268698121114
      ], 
      "median": 92.81137708643438, 
      "q90%": 102.27917614884974, 
      "q10%": 90.07948814369391, 
      "q25%": 91.14263700099139, 
      "q01%": 89.14265756182678, 
      "q75%": 95.15552346668052, 
      "1sigma": [
        90.52819076778454, 
        96.23893997609005
      ], 
      "2sigma": [
        89.37029241485833, 
        99.82091774162585
      ], 
      "q99%": 102.27917614884974, 
      "sigma": 2.8553746041527575
    }
  ], 
  "global evidence error": 0.022833813766154062, 
  "nested sampling global log-evidence error": 0.20215158812069417
}