{
  "nested importance sampling global log-evidence": -440.9916027096612, 
  "global evidence": -440.9916027096612, 
  "modes": [
    {
      "index": 0, 
      "local log-evidence": -440.9916027096612, 
      "strictly local log-evidence": -440.9916027096612, 
      "local log-evidence error": 0.024973819841087087, 
      "maximum": [
        99.93036779508151, 
        1.1057932442752803, 
        95.18255692051216, 
        286791818.45456856, 
        852.644721850512
      ], 
      "maximum a posterior": [
        99.93036779508151, 
        1.1057932442752803, 
        95.18255692051216, 
        286791818.45456856, 
        852.644721850512
      ], 
      "sigma": [
        0.7798760194874288, 
        0.0006756487707816815, 
        5.956710949758818, 
        42696682.11384083, 
        3.134499714579164
      ], 
      "strictly local log-evidence error": 0.024973819841087087, 
      "mean": [
        99.18655847466928, 
        1.1057930422625746, 
        90.55810699956857, 
        258007021.6041171, 
        857.2706816386406
      ]
    }
  ], 
  "nested importance sampling global log-evidence error": 0.024973819841087087, 
  "nested sampling global log-evidence": -439.37466637027813, 
  "marginals": [
    {
      "5sigma": [
        89.87777134840984, 
        99.9964817408534
      ], 
      "3sigma": [
        95.07473192305737, 
        99.99258354400615
      ], 
      "median": 99.39840753254373, 
      "q90%": 99.98787962774418, 
      "q10%": 98.06841035730889, 
      "q25%": 98.9007097337731, 
      "q01%": 96.44342543578425, 
      "q75%": 99.75148590466551, 
      "1sigma": [
        98.52114402909733, 
        99.85679197716948
      ], 
      "2sigma": [
        97.06025539749699, 
        99.9796352440034
      ], 
      "q99%": 99.98787962774418, 
      "sigma": 0.6678239740360752
    }, 
    {
      "5sigma": [
        1.1030379682838993, 
        1.108766295982472
      ], 
      "3sigma": [
        1.1039582021449206, 
        1.1077198060104962
      ], 
      "median": 1.1058125573859514, 
      "q90%": 1.1073402441397586, 
      "q10%": 1.104861069028544, 
      "q25%": 1.1052843689604515, 
      "q01%": 1.1043712732240198, 
      "q75%": 1.1062562261176234, 
      "1sigma": [
        1.105025721054581, 
        1.1064648629644285
      ], 
      "2sigma": [
        1.1046372291277415, 
        1.1071002781592174
      ], 
      "q99%": 1.1073402441397586, 
      "sigma": 0.0007195709549236984
    }, 
    {
      "5sigma": [
        62.470874166461336, 
        99.94105919692741
      ], 
      "3sigma": [
        72.97785719099123, 
        99.93158721347139
      ], 
      "median": 91.50136343990022, 
      "q90%": 99.67285354083197, 
      "q10%": 82.08150701875526, 
      "q25%": 86.60336484102231, 
      "q01%": 74.72147715056481, 
      "q75%": 95.10595155769569, 
      "1sigma": [
        84.33608635675475, 
        96.78486252170896
      ], 
      "2sigma": [
        76.83905319952429, 
        99.33687544327339
      ], 
      "q99%": 99.67285354083197, 
      "sigma": 6.224388082477105
    }, 
    {
      "5sigma": [
        105566585.55505784, 
        426512030.06166786
      ], 
      "3sigma": [
        134169028.52336979, 
        384942217.1592743
      ], 
      "median": 264330026.38346073, 
      "q90%": 346716707.41350055, 
      "q10%": 189772763.18919334, 
      "q25%": 235155983.77152792, 
      "q01%": 152743547.13192695, 
      "q75%": 285667069.8247481, 
      "1sigma": [
        217603028.89868486, 
        295104964.7986829
      ], 
      "2sigma": [
        161696159.9748783, 
        333776294.2681092
      ], 
      "q99%": 346716707.41350055, 
      "sigma": 38750967.949999034
    }, 
    {
      "5sigma": [
        852.644721850512, 
        889.6005784092434
      ], 
      "3sigma": [
        852.644721850512, 
        871.3615065725821
      ], 
      "median": 856.7643913341549, 
      "q90%": 866.7568460653266, 
      "q10%": 853.8508314601413, 
      "q25%": 854.9508782232581, 
      "q01%": 852.8415733530004, 
      "q75%": 858.7428692102332, 
      "1sigma": [
        854.2522681399802, 
        860.1312762330391
      ], 
      "2sigma": [
        853.0370006448832, 
        864.9063485670357
      ], 
      "q99%": 866.7568460653266, 
      "sigma": 2.939504046529464
    }
  ], 
  "global evidence error": 0.024973819841087087, 
  "nested sampling global log-evidence error": 0.32770910196334896
}