{
  "nested importance sampling global log-evidence": -592.504996563128, 
  "global evidence": -592.504996563128, 
  "modes": [
    {
      "index": 0, 
      "local log-evidence": -592.504996563128, 
      "strictly local log-evidence": -592.504996563128, 
      "local log-evidence error": 0.02531096254901947, 
      "maximum": [
        99.91888953941044, 
        1.1155650510998916, 
        74.19895507741082, 
        150358614.039885, 
        1157.9562919221303
      ], 
      "maximum a posterior": [
        99.10336454089976, 
        1.1168713685065559, 
        71.97379949221514, 
        153368332.62305087, 
        1162.8223609417628
      ], 
      "sigma": [
        1.5821275486173232, 
        0.0006653257566106482, 
        4.759298173081888, 
        19739826.874215286, 
        3.0173310988895694
      ], 
      "strictly local log-evidence error": 0.02531096254901947, 
      "mean": [
        98.09133256906782, 
        1.115446393657863, 
        75.47827636265026, 
        157280192.78201672, 
        1162.381878954621
      ]
    }
  ], 
  "nested importance sampling global log-evidence error": 0.02531096254901947, 
  "nested sampling global log-evidence": -591.693508579425, 
  "marginals": [
    {
      "5sigma": [
        84.54019970354183, 
        99.99885196447417
      ], 
      "3sigma": [
        90.71475665051574, 
        99.99795764756101
      ], 
      "median": 98.49532329662526, 
      "q90%": 99.95218068466403, 
      "q10%": 96.01531197490554, 
      "q25%": 97.28539749716847, 
      "q01%": 92.46026302570365, 
      "q75%": 99.29884918139118, 
      "1sigma": [
        96.67317302547602, 
        99.55561657038662
      ], 
      "2sigma": [
        93.83658312207075, 
        99.88563473677418
      ], 
      "q99%": 99.95218068466403, 
      "sigma": 1.4412217724553003
    }, 
    {
      "5sigma": [
        1.1117625835317215, 
        1.1187826225764534
      ], 
      "3sigma": [
        1.1136422567106314, 
        1.1173156111004037
      ], 
      "median": 1.1153722866228903, 
      "q90%": 1.1169423157951925, 
      "q10%": 1.1146116292994976, 
      "q25%": 1.1150182313993873, 
      "q01%": 1.1140443166840743, 
      "q75%": 1.1158594270041053, 
      "1sigma": [
        1.1147931238682807, 
        1.1161791328577493
      ], 
      "2sigma": [
        1.1142150008778449, 
        1.1168200815302338
      ], 
      "q99%": 1.1169423157951925, 
      "sigma": 0.0006930044947343061
    }, 
    {
      "5sigma": [
        54.48298740642785, 
        98.69681178758178
      ], 
      "3sigma": [
        60.2910269646943, 
        90.9289147321935
      ], 
      "median": 75.73422919611754, 
      "q90%": 86.7798859763733, 
      "q10%": 69.05403795529173, 
      "q25%": 72.63147456092089, 
      "q01%": 63.91985595374201, 
      "q75%": 78.42913314297516, 
      "1sigma": [
        70.50604045912897, 
        79.77583334412196
      ], 
      "2sigma": [
        65.768511554441, 
        84.95591914545396
      ], 
      "q99%": 86.7798859763733, 
      "sigma": 4.634896442496498
    }, 
    {
      "5sigma": [
        100056801.36104533, 
        257874999.1935238
      ], 
      "3sigma": [
        100484849.53860566, 
        231507875.28166655
      ], 
      "median": 156303177.4503175, 
      "q90%": 204780277.23507175, 
      "q10%": 133651964.41957699, 
      "q25%": 146274430.28466848, 
      "q01%": 106775121.40362811, 
      "q75%": 167490313.89834842, 
      "1sigma": [
        140225837.6644103, 
        176338537.49545324
      ], 
      "2sigma": [
        115441949.3867924, 
        197586542.90640932
      ], 
      "q99%": 204780277.23507175, 
      "sigma": 18056349.915521473
    }, 
    {
      "5sigma": [
        1157.9562919221303, 
        1194.6421564159039
      ], 
      "3sigma": [
        1157.9562919221303, 
        1176.387411269838
      ], 
      "median": 1161.8262807896192, 
      "q90%": 1171.2938393872873, 
      "q10%": 1159.1726626912555, 
      "q25%": 1160.2216236635384, 
      "q01%": 1158.1591902902715, 
      "q75%": 1163.911297781166, 
      "1sigma": [
        1159.5704427826229, 
        1165.2893989938443
      ], 
      "2sigma": [
        1158.2829870750993, 
        1169.6717440702855
      ], 
      "q99%": 1171.2938393872873, 
      "sigma": 2.8594781056107195
    }
  ], 
  "global evidence error": 0.02531096254901947, 
  "nested sampling global log-evidence error": 0.3240766746026423
}