{
  "nested importance sampling global log-evidence": -1211.2955471505911, 
  "global evidence": -1211.2955471505911, 
  "modes": [
    {
      "index": 0, 
      "local log-evidence": -1211.2955471505911, 
      "strictly local log-evidence": -1211.2955471505911, 
      "local log-evidence error": 0.028031575242816173, 
      "maximum": [
        94.38659952182093, 
        1.1191454741093618, 
        61.24213908868921, 
        102095012.01598687, 
        2395.9029181852884
      ], 
      "maximum a posterior": [
        95.36092737968147, 
        1.1187714504604107, 
        68.95890375486262, 
        102380317.38010232, 
        2400.4769902653497
      ], 
      "sigma": [
        3.1578697850511857, 
        0.0005812722708894974, 
        3.9766606522858567, 
        11870380.44156766, 
        3.144901117347061
      ], 
      "strictly local log-evidence error": 0.028031575242816173, 
      "mean": [
        93.34589940372139, 
        1.1190908706332048, 
        62.70858279591242, 
        113415188.35211594, 
        2400.6765737772876
      ]
    }
  ], 
  "nested importance sampling global log-evidence error": 0.028031575242816173, 
  "nested sampling global log-evidence": -1211.1378042996587, 
  "marginals": [
    {
      "5sigma": [
        77.79274314682318, 
        99.86843689927098
      ], 
      "3sigma": [
        82.92144491043315, 
        99.86409741401197
      ], 
      "median": 93.45272054943305, 
      "q90%": 99.62561748484086, 
      "q10%": 89.25340349265525, 
      "q25%": 91.2731846387199, 
      "q01%": 85.39491203078373, 
      "q75%": 95.70679841520062, 
      "1sigma": [
        90.02693375202598, 
        96.58580280279104
      ], 
      "2sigma": [
        86.67806533515883, 
        99.00490293831629
      ], 
      "q99%": 99.62561748484086, 
      "sigma": 3.279434525382527
    }, 
    {
      "5sigma": [
        1.1163373171403057, 
        1.1218174675089263
      ], 
      "3sigma": [
        1.117488481805257, 
        1.1206392447651443
      ], 
      "median": 1.1190639091744032, 
      "q90%": 1.1204213886251395, 
      "q10%": 1.118359462898935, 
      "q25%": 1.118669123496876, 
      "q01%": 1.117788276879879, 
      "q75%": 1.1194866379450072, 
      "1sigma": [
        1.1184931513009708, 
        1.119696430059489
      ], 
      "2sigma": [
        1.1180052556919433, 
        1.1202111992370483
      ], 
      "q99%": 1.1204213886251395, 
      "sigma": 0.0006016393792590558
    }, 
    {
      "5sigma": [
        46.320665108482075, 
        82.48198181735208
      ], 
      "3sigma": [
        50.17605396599642, 
        75.19175569095667
      ], 
      "median": 62.55978582761446, 
      "q90%": 71.85317822227395, 
      "q10%": 57.846990235940396, 
      "q25%": 59.819189955825635, 
      "q01%": 53.830041809592046, 
      "q75%": 65.56719516466228, 
      "1sigma": [
        58.66918425240529, 
        66.81700526587117
      ], 
      "2sigma": [
        54.53023705921537, 
        70.49179840976001
      ], 
      "q99%": 71.85317822227395, 
      "sigma": 4.073910506732943
    }, 
    {
      "5sigma": [
        100005805.7871399, 
        198253794.34206226
      ], 
      "3sigma": [
        100005805.7871399, 
        158301908.39200583
      ], 
      "median": 109802827.63197115, 
      "q90%": 148545271.23041677, 
      "q10%": 101335478.1352747, 
      "q25%": 104078336.46922499, 
      "q01%": 100110743.66180478, 
      "q75%": 119930822.00230743, 
      "1sigma": [
        102698074.47460577, 
        126190699.54410768
      ], 
      "2sigma": [
        100339113.770995, 
        143522403.20450482
      ], 
      "q99%": 148545271.23041677, 
      "sigma": 11746312.534750953
    }, 
    {
      "5sigma": [
        2395.9029181852884, 
        2432.4972615894817
      ], 
      "3sigma": [
        2395.9029181852884, 
        2414.2451964810775
      ], 
      "median": 2400.0798225058957, 
      "q90%": 2410.552256471734, 
      "q10%": 2397.1099259149064, 
      "q25%": 2398.4229548769354, 
      "q01%": 2396.0693247543736, 
      "q75%": 2402.5165192880327, 
      "1sigma": [
        2397.6486314321783, 
        2403.9250732049545
      ], 
      "2sigma": [
        2396.3151072556116, 
        2408.1658683620744
      ], 
      "q99%": 2410.552256471734, 
      "sigma": 3.138220886388126
    }
  ], 
  "global evidence error": 0.028031575242816173, 
  "nested sampling global log-evidence error": 0.32862619209434374
}