{
  "nested importance sampling global log-evidence": -983.2434500762761, 
  "global evidence": -983.2434500762761, 
  "modes": [
    {
      "index": 0, 
      "local log-evidence": -983.2434500762761, 
      "strictly local log-evidence": -983.2434500762761, 
      "local log-evidence error": 0.033274437570336095, 
      "maximum": [
        1.1134946842517153, 
        86.06437967656915, 
        399926329.2023367, 
        1947.7387579854214
      ], 
      "maximum a posterior": [
        1.1118356470168895, 
        87.41556249845331, 
        439733121.28990966, 
        1951.9133561513345
      ], 
      "sigma": [
        0.0015869332008116436, 
        4.768053971724923, 
        27511414.498016927, 
        2.600147526938839
      ], 
      "strictly local log-evidence error": 0.033274437570336095, 
      "mean": [
        1.112995881866366, 
        85.667396727967, 
        391790504.72711396, 
        1951.2201577076942
      ]
    }
  ], 
  "nested importance sampling global log-evidence error": 0.033274437570336095, 
  "nested sampling global log-evidence": -982.8793819800409, 
  "marginals": [
    {
      "5sigma": [
        1.1037325140136125, 
        1.122099803826523
      ], 
      "3sigma": [
        1.1078012555581664, 
        1.1179078648241871
      ], 
      "median": 1.1130939565722437, 
      "q90%": 1.1165087114527565, 
      "q10%": 1.1110207147877322, 
      "q25%": 1.1118446071934212, 
      "q01%": 1.1090618553690252, 
      "q75%": 1.1140747281302599, 
      "1sigma": [
        1.1114859616764288, 
        1.1145850493889524
      ], 
      "2sigma": [
        1.109675490364447, 
        1.1158568181390403
      ], 
      "q99%": 1.1165087114527565, 
      "sigma": 0.0015495438562618258
    }, 
    {
      "5sigma": [
        62.815455469480376, 
        99.88137847971754
      ], 
      "3sigma": [
        72.47096313455353, 
        98.53796112699487
      ], 
      "median": 85.56459510639314, 
      "q90%": 96.50191922917294, 
      "q10%": 79.50870788410127, 
      "q25%": 82.11756493684811, 
      "q01%": 75.34977981468109, 
      "q75%": 89.04799468557212, 
      "1sigma": [
        80.86359781708407, 
        90.72769213768781
      ], 
      "2sigma": [
        76.10191391275058, 
        94.72741880561188
      ], 
      "q99%": 96.50191922917294, 
      "sigma": 4.93204716030187
    }, 
    {
      "5sigma": [
        265948623.6704991, 
        511290366.2175246
      ], 
      "3sigma": [
        309160453.5475424, 
        463395113.5902562
      ], 
      "median": 394724144.96125245, 
      "q90%": 453785065.111976, 
      "q10%": 353664948.83907396, 
      "q25%": 372735808.2221931, 
      "q01%": 328942194.0179425, 
      "q75%": 410959714.56188965, 
      "1sigma": [
        362934480.0484958, 
        418917005.57008207
      ], 
      "2sigma": [
        338621415.38640994, 
        443783954.78561854
      ], 
      "q99%": 453785065.111976, 
      "sigma": 27991262.76079312
    }, 
    {
      "5sigma": [
        1947.7387579854214, 
        1981.2930351877774
      ], 
      "3sigma": [
        1947.7387579854214, 
        1963.8988777962122
      ], 
      "median": 1950.60880024882, 
      "q90%": 1960.005951118657, 
      "q10%": 1948.5108639245002, 
      "q25%": 1949.4405484388858, 
      "q01%": 1947.870187381916, 
      "q75%": 1952.215887744081, 
      "1sigma": [
        1948.8533918798505, 
        1953.5129861040737
      ], 
      "2sigma": [
        1948.0735913348121, 
        1958.047080516845
      ], 
      "q99%": 1960.005951118657, 
      "sigma": 2.329797112111578
    }
  ], 
  "global evidence error": 0.033274437570336095, 
  "nested sampling global log-evidence error": 0.26961645213569646
}