{
  "nested importance sampling global log-evidence": -761.2295617380769, 
  "global evidence": -761.2295617380769, 
  "modes": [
    {
      "index": 0, 
      "local log-evidence": -761.2295617380769, 
      "strictly local log-evidence": -761.2295617380769, 
      "local log-evidence error": 0.028500570059894238, 
      "maximum": [
        1.1033854656592539, 
        95.8560248035795, 
        494700502.4462152, 
        1503.1393250957715
      ], 
      "maximum a posterior": [
        1.103362149057769, 
        85.34641300255169, 
        479599536.57811505, 
        1505.9463499844562
      ], 
      "sigma": [
        0.0016437985794630252, 
        4.5209929109475935, 
        30890344.330737915, 
        2.3966263965644177
      ], 
      "strictly local log-evidence error": 0.028500570059894238, 
      "mean": [
        1.1031379582913585, 
        93.1775345226575, 
        488917159.3420125, 
        1505.8116421561965
      ]
    }
  ], 
  "nested importance sampling global log-evidence error": 0.028500570059894238, 
  "nested sampling global log-evidence": -760.406211198339, 
  "marginals": [
    {
      "5sigma": [
        1.0954416443091048, 
        1.1118458154792201
      ], 
      "3sigma": [
        1.098505342948421, 
        1.1079439147903147
      ], 
      "median": 1.1032608718087875, 
      "q90%": 1.1071206037373769, 
      "q10%": 1.1010366223154542, 
      "q25%": 1.1019586416895943, 
      "q01%": 1.0994024377442242, 
      "q75%": 1.1041959533139472, 
      "1sigma": [
        1.1013830237538775, 
        1.1047811312458398
      ], 
      "2sigma": [
        1.0998869739043042, 
        1.1061809943811056
      ], 
      "q99%": 1.1071206037373769, 
      "sigma": 0.0016990537459811161
    }, 
    {
      "5sigma": [
        63.97201783265348, 
        99.99547041596632
      ], 
      "3sigma": [
        77.26304047930778, 
        99.97241686574544
      ], 
      "median": 93.64445289608547, 
      "q90%": 99.8216317519433, 
      "q10%": 86.84291487275078, 
      "q25%": 90.27622640530453, 
      "q01%": 81.3789495791486, 
      "q75%": 96.92214914708869, 
      "1sigma": [
        88.49872097308025, 
        98.03983906419239
      ], 
      "2sigma": [
        83.49295627040406, 
        99.65106708650627
      ], 
      "q99%": 99.8216317519433, 
      "sigma": 4.77055904555607
    }, 
    {
      "5sigma": [
        325039342.27392787, 
        679341981.8506926
      ], 
      "3sigma": [
        390039036.0621937, 
        589750067.3192451
      ], 
      "median": 488183524.3113713, 
      "q90%": 563803456.0548836, 
      "q10%": 447457779.46946335, 
      "q25%": 470995748.7040205, 
      "q01%": 412955267.81532896, 
      "q75%": 508620290.4507056, 
      "1sigma": [
        457363416.7271103, 
        517259339.7437516
      ], 
      "2sigma": [
        427385459.3748391, 
        547354552.8976959
      ], 
      "q99%": 563803456.0548836, 
      "sigma": 29947961.50832063
    }, 
    {
      "5sigma": [
        1503.1393250957715, 
        1536.2693725475356
      ], 
      "3sigma": [
        1503.1393250957715, 
        1518.95210249239
      ], 
      "median": 1505.1499327094054, 
      "q90%": 1514.3977473722678, 
      "q10%": 1503.6359850265653, 
      "q25%": 1504.1203373388958, 
      "q01%": 1503.1894513913182, 
      "q75%": 1506.81962952828, 
      "1sigma": [
        1503.803135817501, 
        1508.0360757743954
      ], 
      "2sigma": [
        1503.2744351958816, 
        1511.9640591529046
      ], 
      "q99%": 1514.3977473722678, 
      "sigma": 2.116469978447185
    }
  ], 
  "global evidence error": 0.028500570059894238, 
  "nested sampling global log-evidence error": 0.2738684012508762
}