{
  "nested importance sampling global log-evidence": -307.2325093639082, 
  "global evidence": -307.2325093639082, 
  "modes": [
    {
      "index": 0, 
      "local log-evidence": -307.2325093639082, 
      "strictly local log-evidence": -307.2325093639082, 
      "local log-evidence error": 0.025827644475840444, 
      "maximum": [
        171.0236382666845, 
        1.4111240156305107, 
        99.00319282414677, 
        19465308.490831286, 
        587.3829551351192
      ], 
      "maximum a posterior": [
        171.0236382666845, 
        1.4111240156305107, 
        99.00319282414677, 
        19465308.490831286, 
        587.3829551351192
      ], 
      "sigma": [
        18.541741180498036, 
        0.0009689042702477873, 
        3.6719358068876726, 
        2855121.1871558316, 
        3.0970643015700365
      ], 
      "strictly local log-evidence error": 0.025827644475840444, 
      "mean": [
        169.89697472046547, 
        1.4109892996977507, 
        95.37768555650656, 
        19315632.821725328, 
        591.9545249926605
      ]
    }
  ], 
  "nested importance sampling global log-evidence error": 0.025827644475840444, 
  "nested sampling global log-evidence": -306.5215483298367, 
  "marginals": [
    {
      "5sigma": [
        73.72655818105687, 
        274.23124123508705
      ], 
      "3sigma": [
        111.62847182359181, 
        234.0415799114557
      ], 
      "median": 170.57308434895566, 
      "q90%": 213.7879647091613, 
      "q10%": 145.96901616086834, 
      "q25%": 156.95005431179146, 
      "q01%": 128.24366547521777, 
      "q75%": 182.25803110027164, 
      "1sigma": [
        150.86138807101474, 
        187.04465604105988
      ], 
      "2sigma": [
        134.30630905908498, 
        209.1568399501201
      ], 
      "q99%": 213.7879647091613, 
      "sigma": 18.09163398502257
    }, 
    {
      "5sigma": [
        1.4061849807455522, 
        1.4162472288028878
      ], 
      "3sigma": [
        1.4079494611890244, 
        1.4138572231471125
      ], 
      "median": 1.411040565314844, 
      "q90%": 1.4132968450703831, 
      "q10%": 1.4097314357678568, 
      "q25%": 1.410338263195364, 
      "q01%": 1.4084918671414954, 
      "q75%": 1.4116343795246298, 
      "1sigma": [
        1.4100325255996893, 
        1.4119136035690967
      ], 
      "2sigma": [
        1.408989179139456, 
        1.4128794315804514
      ], 
      "q99%": 1.4132968450703831, 
      "sigma": 0.0009405389847036982
    }, 
    {
      "5sigma": [
        69.27498416869192, 
        99.97546420457581
      ], 
      "3sigma": [
        80.40578204810095, 
        99.96817840076578
      ], 
      "median": 96.3438182481786, 
      "q90%": 99.93854680830687, 
      "q10%": 89.8051179793782, 
      "q25%": 93.25391906046686, 
      "q01%": 83.64385831604336, 
      "q75%": 98.21712394160905, 
      "1sigma": [
        91.49397505496486, 
        98.84179264445393
      ], 
      "2sigma": [
        86.37347462473721, 
        99.79450373053045
      ], 
      "q99%": 99.93854680830687, 
      "sigma": 3.673908794744534
    }, 
    {
      "5sigma": [
        10012920.025111832, 
        33681330.03726417
      ], 
      "3sigma": [
        10221533.21625915, 
        26988255.68109999
      ], 
      "median": 19645860.415882945, 
      "q90%": 25158687.913404375, 
      "q10%": 14352735.392128779, 
      "q25%": 18677427.20914915, 
      "q01%": 10488144.708555086, 
      "q75%": 20863868.470374163, 
      "1sigma": [
        17591545.812752705, 
        21549888.69206715
      ], 
      "2sigma": [
        12096719.175827198, 
        23920349.49325625
      ], 
      "q99%": 25158687.913404375, 
      "sigma": 1979171.4396572225
    }, 
    {
      "5sigma": [
        587.3829551351192, 
        624.1944392669589
      ], 
      "3sigma": [
        587.3829551351192, 
        606.0749729241059
      ], 
      "median": 591.5355686224553, 
      "q90%": 601.2609167275407, 
      "q10%": 588.4549242842875, 
      "q25%": 589.4953124611042, 
      "q01%": 587.4974206909565, 
      "q75%": 593.7620556352174, 
      "1sigma": [
        588.8482022241814, 
        594.8581169247954
      ], 
      "2sigma": [
        587.7246118705727, 
        598.9528786733838
      ], 
      "q99%": 601.2609167275407, 
      "sigma": 3.004957350306995
    }
  ], 
  "global evidence error": 0.025827644475840444, 
  "nested sampling global log-evidence error": 0.3247196611451109
}