{
  "nested importance sampling global log-evidence": -170.79059465482658, 
  "global evidence": -170.79059465482658, 
  "modes": [
    {
      "index": 0, 
      "local log-evidence": -170.79059465482658, 
      "strictly local log-evidence": -170.79059465482658, 
      "local log-evidence error": 0.034447379397155066, 
      "maximum": [
        138.501402804385, 
        1.4107459915901477, 
        99.744529062682, 
        19097841.41782862, 
        311.9226671094053
      ], 
      "maximum a posterior": [
        138.501402804385, 
        1.4107459915901477, 
        99.744529062682, 
        19097841.41782862, 
        311.9226671094053
      ], 
      "sigma": [
        20.224057471530095, 
        0.0010468051569307993, 
        1.9300687949020021, 
        2120872.120059178, 
        3.353216609800497
      ], 
      "strictly local log-evidence error": 0.034447379397155066, 
      "mean": [
        138.0614682945103, 
        1.4104920952551272, 
        97.79012110715543, 
        19275751.400489602, 
        317.067248450522
      ]
    }
  ], 
  "nested importance sampling global log-evidence error": 0.034447379397155066, 
  "nested sampling global log-evidence": -170.08389260073432, 
  "marginals": [
    {
      "5sigma": [
        37.79466007734721, 
        230.33348574622647
      ], 
      "3sigma": [
        75.25427051091286, 
        194.41909234664618
      ], 
      "median": 136.89848274615792, 
      "q90%": 182.47927211666143, 
      "q10%": 113.49679414524991, 
      "q25%": 123.5449038430754, 
      "q01%": 91.62801582750038, 
      "q75%": 151.975086351193, 
      "1sigma": [
        118.3113370193773, 
        159.45589138706964
      ], 
      "2sigma": [
        100.69006579221066, 
        178.98351348203707
      ], 
      "q99%": 182.47927211666143, 
      "sigma": 20.572277183846168
    }, 
    {
      "5sigma": [
        1.4053469026851124, 
        1.4150074730777271
      ], 
      "3sigma": [
        1.407187055778578, 
        1.41369607769279
      ], 
      "median": 1.4104957900621016, 
      "q90%": 1.4129468374688878, 
      "q10%": 1.4091068242256073, 
      "q25%": 1.4097475730782099, 
      "q01%": 1.4081822640032562, 
      "q75%": 1.4112232298470975, 
      "1sigma": [
        1.4093860911138645, 
        1.4115424711945257
      ], 
      "2sigma": [
        1.408470017076043, 
        1.4125073709940668
      ], 
      "q99%": 1.4129468374688878, 
      "sigma": 0.0010781900403306066
    }, 
    {
      "5sigma": [
        77.60916112205383, 
        99.99869257441968
      ], 
      "3sigma": [
        89.29243726284078, 
        99.9947542020813
      ], 
      "median": 98.31295973490187, 
      "q90%": 99.96468577613675, 
      "q10%": 95.06719471666176, 
      "q25%": 96.83869804163048, 
      "q01%": 91.37740976152566, 
      "q75%": 99.27956058206662, 
      "1sigma": [
        95.92900235451935, 
        99.50508924564825
      ], 
      "2sigma": [
        92.49932995818205, 
        99.93360306710441
      ], 
      "q99%": 99.96468577613675, 
      "sigma": 1.7880434455644476
    }, 
    {
      "5sigma": [
        10051924.801614968, 
        30147012.111955415
      ], 
      "3sigma": [
        10135830.55670057, 
        26467572.387569856
      ], 
      "median": 19313741.46213628, 
      "q90%": 23991562.7231294, 
      "q10%": 18007317.529161576, 
      "q25%": 18701378.546534393, 
      "q01%": 10405249.106954968, 
      "q75%": 20157673.490028437, 
      "1sigma": [
        18316814.864504807, 
        20860228.352600988
      ], 
      "2sigma": [
        11164225.028899752, 
        22564907.29608164
      ], 
      "q99%": 23991562.7231294, 
      "sigma": 1271706.7440480907
    }, 
    {
      "5sigma": [
        311.9226671094053, 
        350.29580428147153
      ], 
      "3sigma": [
        311.9226671094053, 
        332.0272948198766
      ], 
      "median": 316.2534929469893, 
      "q90%": 327.17165826845115, 
      "q10%": 313.580188087358, 
      "q25%": 314.58086603304235, 
      "q01%": 312.4796009875259, 
      "q75%": 318.94186950978616, 
      "1sigma": [
        314.0071760840774, 
        320.55196194423417
      ], 
      "2sigma": [
        312.74520067955456, 
        325.34882527083954
      ], 
      "q99%": 327.17165826845115, 
      "sigma": 3.2723929300783823
    }
  ], 
  "global evidence error": 0.034447379397155066, 
  "nested sampling global log-evidence error": 0.33985685774282054
}