{
  "nested importance sampling global log-evidence": -121.9650351932626, 
  "global evidence": -121.9650351932626, 
  "modes": [
    {
      "index": 0, 
      "local log-evidence": -121.9650351932626, 
      "strictly local log-evidence": -121.9650351932626, 
      "local log-evidence error": 0.05479111153337571, 
      "maximum": [
        140.68510414546614, 
        1.4108981717373752, 
        99.90412020698936, 
        19157329.337581936, 
        215.758131742812
      ], 
      "maximum a posterior": [
        140.68510414546614, 
        1.4108981717373752, 
        99.90412020698936, 
        19157329.337581936, 
        215.758131742812
      ], 
      "sigma": [
        28.330692453944135, 
        0.0014629104916708672, 
        2.087527837108069, 
        2860773.302929974, 
        3.6122019656743505
      ], 
      "strictly local log-evidence error": 0.05479111153337571, 
      "mean": [
        150.03805419560268, 
        1.4106804937731234, 
        97.90014278286085, 
        19310790.21369293, 
        221.45388918028382
      ]
    }
  ], 
  "nested importance sampling global log-evidence error": 0.05479111153337571, 
  "nested sampling global log-evidence": -121.24217878697756, 
  "marginals": [
    {
      "5sigma": [
        14.982640000473932, 
        294.7151205879519
      ], 
      "3sigma": [
        71.53886470953583, 
        238.81237819571038
      ], 
      "median": 150.57392703235433, 
      "q90%": 220.45553325826984, 
      "q10%": 113.30354957522634, 
      "q25%": 130.80410077630776, 
      "q01%": 86.87427033199714, 
      "q75%": 168.80664202494478, 
      "1sigma": [
        120.59283509935797, 
        178.11975961687222
      ], 
      "2sigma": [
        94.18472794596063, 
        206.0632478376684
      ], 
      "q99%": 220.45553325826984, 
      "sigma": 28.763462258757123
    }, 
    {
      "5sigma": [
        1.403138290987231, 
        1.4173540842059726
      ], 
      "3sigma": [
        1.4061133050479648, 
        1.4148453026537202
      ], 
      "median": 1.410757436838223, 
      "q90%": 1.41389003020107, 
      "q10%": 1.4087305653682594, 
      "q25%": 1.4097011250737441, 
      "q01%": 1.4068748142504914, 
      "q75%": 1.4116896186492538, 
      "1sigma": [
        1.409125323790756, 
        1.4120937848268382
      ], 
      "2sigma": [
        1.4078163668931123, 
        1.4132388645713592
      ], 
      "q99%": 1.41389003020107, 
      "sigma": 0.0014842305180411408
    }, 
    {
      "5sigma": [
        76.42263044984874, 
        99.9932250818028
      ], 
      "3sigma": [
        87.73521641226445, 
        99.9926808430932
      ], 
      "median": 98.5277781402148, 
      "q90%": 99.96452935989929, 
      "q10%": 95.16858600128649, 
      "q25%": 96.97490353826572, 
      "q01%": 90.50976322522403, 
      "q75%": 99.44321317837385, 
      "1sigma": [
        96.14016415395774, 
        99.63344329989106
      ], 
      "2sigma": [
        92.13810054075705, 
        99.92101756215666
      ], 
      "q99%": 99.96452935989929, 
      "sigma": 1.7466395729666573
    }, 
    {
      "5sigma": [
        10005324.358786771, 
        39155847.702986486
      ], 
      "3sigma": [
        10042610.738199396, 
        30227344.758831523
      ], 
      "median": 19259410.156707752, 
      "q90%": 27061893.209740676, 
      "q10%": 16569153.219186084, 
      "q25%": 18445962.60450628, 
      "q01%": 10281467.24400706, 
      "q75%": 20430713.80305912, 
      "1sigma": [
        17906849.287569534, 
        21346657.274429455
      ], 
      "2sigma": [
        10761673.090467928, 
        25798401.646802407
      ], 
      "q99%": 27061893.209740676, 
      "sigma": 1719903.9934299607
    }, 
    {
      "5sigma": [
        215.758131742812, 
        255.60772082377457
      ], 
      "3sigma": [
        215.758131742812, 
        237.23340646868184
      ], 
      "median": 220.68860881984963, 
      "q90%": 232.02928872484893, 
      "q10%": 217.51079605278326, 
      "q25%": 218.64618729745743, 
      "q01%": 216.3320437722589, 
      "q75%": 223.5892112883739, 
      "1sigma": [
        217.98997822639544, 
        225.0630159286097
      ], 
      "2sigma": [
        216.58024288273091, 
        230.0266662524399
      ], 
      "q99%": 232.02928872484893, 
      "sigma": 3.5365188511071324
    }
  ], 
  "global evidence error": 0.05479111153337571, 
  "nested sampling global log-evidence error": 0.32427201847906023
}