{
  "nested importance sampling global log-evidence": -565.3919294743666, 
  "global evidence": -565.3919294743666, 
  "modes": [
    {
      "index": 0, 
      "local log-evidence": -565.3919294743666, 
      "strictly local log-evidence": -565.3919294743666, 
      "local log-evidence error": 0.1975306522599892, 
      "maximum": [
        30.784072267243246, 
        1.3628370869327724, 
        9.27254991543845, 
        100071363.6865806, 
        1105.1852782892588
      ], 
      "maximum a posterior": [
        33.36905455552796, 
        1.3626535793893813, 
        9.535103920629057, 
        110636134.41817592, 
        1109.9015350182228
      ], 
      "sigma": [
        6.558327919393212, 
        0.0011991309475064015, 
        2.2909810024615775, 
        11001509.441725349, 
        3.2439777530318428
      ], 
      "strictly local log-evidence error": 0.1975306522599892, 
      "mean": [
        27.27709846209867, 
        1.3624823719490307, 
        8.933011952629794, 
        105395002.29508057, 
        1109.883022820561
      ]
    }
  ], 
  "nested importance sampling global log-evidence error": 0.1975306522599892, 
  "nested sampling global log-evidence": -565.0673455147934, 
  "marginals": [
    {
      "5sigma": [
        2.6302023346946046, 
        57.83663848714974
      ], 
      "3sigma": [
        7.6987872236334605, 
        47.20482654003092
      ], 
      "median": 27.74121304958437, 
      "q90%": 43.28739162027776, 
      "q10%": 18.26205220423536, 
      "q25%": 23.014992071969786, 
      "q01%": 12.475902171657959, 
      "q75%": 31.393034444937985, 
      "1sigma": [
        20.398101047104763, 
        33.35899381969596
      ], 
      "2sigma": [
        14.263580601134052, 
        40.24061704576237
      ], 
      "q99%": 43.28739162027776, 
      "sigma": 6.480446386295599
    }, 
    {
      "5sigma": [
        1.3566890984949629, 
        1.3673711609948151
      ], 
      "3sigma": [
        1.3583678735578055, 
        1.3661994773355397
      ], 
      "median": 1.3624802777368237, 
      "q90%": 1.365468555563682, 
      "q10%": 1.3609658184462587, 
      "q25%": 1.361773021304765, 
      "q01%": 1.3596146340294557, 
      "q75%": 1.3632572531948184, 
      "1sigma": [
        1.3613269167148294, 
        1.3636475442680573
      ], 
      "2sigma": [
        1.3600501781206424, 
        1.3647667567151722
      ], 
      "q99%": 1.365468555563682, 
      "sigma": 0.0011603137766139637
    }, 
    {
      "5sigma": [
        0.16225035763687815, 
        22.775820115235298
      ], 
      "3sigma": [
        2.178828274867872, 
        15.300989113933323
      ], 
      "median": 9.046270432588294, 
      "q90%": 13.924973256726187, 
      "q10%": 5.919435809897869, 
      "q25%": 7.2125481174912185, 
      "q01%": 3.973438558459268, 
      "q75%": 10.625212462855488, 
      "1sigma": [
        6.489659246146108, 
        11.178708169713492
      ], 
      "2sigma": [
        4.23341626966508, 
        13.25709055663314
      ], 
      "q99%": 13.924973256726187, 
      "sigma": 2.344524461783692
    }, 
    {
      "5sigma": [
        100001842.57004158, 
        940861299.4820882
      ], 
      "3sigma": [
        100001842.57004158, 
        141918454.31756073
      ], 
      "median": 103662453.84603585, 
      "q90%": 128455671.825459, 
      "q10%": 100434943.90383713, 
      "q25%": 101393035.5752985, 
      "q01%": 100041641.17835015, 
      "q75%": 106605357.87483168, 
      "1sigma": [
        100808083.89855598, 
        108926475.34410633
      ], 
      "2sigma": [
        100098107.86095582, 
        123735713.09599537
      ], 
      "q99%": 128455671.825459, 
      "sigma": 4059195.722775176
    }, 
    {
      "5sigma": [
        1105.1852782892588, 
        1143.144411898333
      ], 
      "3sigma": [
        1105.1852782892588, 
        1125.5005395633166
      ], 
      "median": 1109.2700765492816, 
      "q90%": 1120.533223300442, 
      "q10%": 1106.517840698145, 
      "q25%": 1107.5900276282782, 
      "q01%": 1105.4220470816156, 
      "q75%": 1111.4369861689822, 
      "1sigma": [
        1106.9596295044353, 
        1112.5821384277215
      ], 
      "2sigma": [
        1105.6140435488207, 
        1118.2821006872575
      ], 
      "q99%": 1120.533223300442, 
      "sigma": 2.8112544616431023
    }
  ], 
  "global evidence error": 0.1975306522599892, 
  "nested sampling global log-evidence error": 0.31821115795161137
}