{
  "nested importance sampling global log-evidence": -575.2059927869398, 
  "global evidence": -575.2059927869398, 
  "modes": [
    {
      "index": 0, 
      "local log-evidence": -575.2059927869398, 
      "strictly local log-evidence": -575.2059927869398, 
      "local log-evidence error": 0.13961610294696764, 
      "maximum": [
        18.80782247913225, 
        1.3625802273301537, 
        16.9318743246067, 
        839013187.7038006, 
        1125.4584213643388
      ], 
      "maximum a posterior": [
        23.923978115305893, 
        1.3613290479379536, 
        10.850847346539256, 
        866191424.566224, 
        1129.4398127027825
      ], 
      "sigma": [
        6.373064147640007, 
        0.003453315614507678, 
        3.301815323592516, 
        51218994.42964245, 
        2.7905973345989383
      ], 
      "strictly local log-evidence error": 0.13961610294696764, 
      "mean": [
        19.247227278150607, 
        1.3622166162981664, 
        16.254088229778368, 
        822394129.0205078, 
        1129.42485507321
      ]
    }
  ], 
  "nested importance sampling global log-evidence error": 0.13961610294696764, 
  "nested sampling global log-evidence": -575.9776137449594, 
  "marginals": [
    {
      "5sigma": [
        0.0046201275513189964, 
        47.25573951077472
      ], 
      "3sigma": [
        0.4946002189438159, 
        38.540835699110396
      ], 
      "median": 18.809710945418228, 
      "q90%": 33.865422489853216, 
      "q10%": 11.283442014913234, 
      "q25%": 14.706621260548717, 
      "q01%": 4.992006195049647, 
      "q75%": 23.94410882606478, 
      "1sigma": [
        13.081241264720305, 
        25.643473036844306
      ], 
      "2sigma": [
        6.835722111946495, 
        31.608532464476767
      ], 
      "q99%": 33.865422489853216, 
      "sigma": 6.281115886062
    }, 
    {
      "5sigma": [
        1.2053145989835783, 
        1.3673948373264975
      ], 
      "3sigma": [
        1.2958769848735858, 
        1.3652504362459308
      ], 
      "median": 1.3624157133981327, 
      "q90%": 1.3646867536232878, 
      "q10%": 1.36088573757876, 
      "q25%": 1.3615687376386272, 
      "q01%": 1.3599429231857654, 
      "q75%": 1.3631293326484635, 
      "1sigma": [
        1.361264169799668, 
        1.3634708035437495
      ], 
      "2sigma": [
        1.3602331418566322, 
        1.364392396980701
      ], 
      "q99%": 1.3646867536232878, 
      "sigma": 0.0011033168720407938
    }, 
    {
      "5sigma": [
        0.48542316542616165, 
        30.814848804947985
      ], 
      "3sigma": [
        6.511861228597719, 
        25.533707442689884
      ], 
      "median": 16.322220785043964, 
      "q90%": 23.215199123397767, 
      "q10%": 11.817215999069303, 
      "q25%": 14.110066624595769, 
      "q01%": 8.860715920825667, 
      "q75%": 18.729263026891545, 
      "1sigma": [
        12.927008178909894, 
        19.830321073977913
      ], 
      "2sigma": [
        9.489671575864909, 
        22.28786859844567
      ], 
      "q99%": 23.215199123397767, 
      "sigma": 3.4516564475340097
    }, 
    {
      "5sigma": [
        539525596.706564, 
        2059732704.1920104
      ], 
      "3sigma": [
        657187756.8117354, 
        1015609799.446983
      ], 
      "median": 824842218.2162362, 
      "q90%": 931399344.8742819, 
      "q10%": 754044735.3388132, 
      "q25%": 789522764.8725916, 
      "q01%": 697143558.9817619, 
      "q75%": 858122889.0596429, 
      "1sigma": [
        771548806.3741679, 
        872540681.57075
      ], 
      "2sigma": [
        713405025.7951397, 
        919918711.2594941
      ], 
      "q99%": 931399344.8742819, 
      "sigma": 50495937.59829104
    }, 
    {
      "5sigma": [
        1125.4584213643388, 
        1165.1525737809352
      ], 
      "3sigma": [
        1125.4584213643388, 
        1144.1022401538187
      ], 
      "median": 1128.8538534803597, 
      "q90%": 1138.8273064308266, 
      "q10%": 1126.5416750389975, 
      "q25%": 1127.4140073831177, 
      "q01%": 1125.673518628833, 
      "q75%": 1130.7500324385483, 
      "1sigma": [
        1126.8581387666354, 
        1131.657326577427
      ], 
      "2sigma": [
        1125.8555777013441, 
        1136.779191857173
      ], 
      "q99%": 1138.8273064308266, 
      "sigma": 2.399593905395818
    }
  ], 
  "global evidence error": 0.13961610294696764, 
  "nested sampling global log-evidence error": 0.3356365029138372
}