{
  "nested importance sampling global log-evidence": -274.07458916819996, 
  "global evidence": -274.07458916819996, 
  "modes": [
    {
      "index": 0, 
      "local log-evidence": -274.07458916819996, 
      "strictly local log-evidence": -274.07458916819996, 
      "local log-evidence error": 0.0485404291586625, 
      "maximum": [
        18.1805351554076, 
        1.3627163904593511, 
        16.65954686274046, 
        100131120.24849015, 
        525.0844496994995
      ], 
      "maximum a posterior": [
        18.1805351554076, 
        1.3627163904593511, 
        16.65954686274046, 
        100131120.24849015, 
        525.0844496994995
      ], 
      "sigma": [
        8.560804673947171, 
        0.001438101224545201, 
        3.4800031252021877, 
        160611216.50528198, 
        3.54422194064027
      ], 
      "strictly local log-evidence error": 0.0485404291586625, 
      "mean": [
        20.120027923589337, 
        1.3627750941187342, 
        16.518228566478157, 
        134172894.40723312, 
        530.131601341237
      ]
    }
  ], 
  "nested importance sampling global log-evidence error": 0.0485404291586625, 
  "nested sampling global log-evidence": -273.2523895454875, 
  "marginals": [
    {
      "5sigma": [
        0.06357108860388155, 
        62.00821456256817
      ], 
      "3sigma": [
        0.6682599861034224, 
        45.7446209567678
      ], 
      "median": 20.104081473965223, 
      "q90%": 41.61002800010263, 
      "q10%": 8.70926150405996, 
      "q25%": 14.105562355586235, 
      "q01%": 1.6771463868713252, 
      "q75%": 25.53891275393449, 
      "1sigma": [
        11.461454685798115, 
        28.462206393360717
      ], 
      "2sigma": [
        4.41958262819541, 
        38.3612085255486
      ], 
      "q99%": 41.61002800010263, 
      "sigma": 8.5003758537813
    }, 
    {
      "5sigma": [
        1.3547646965698055, 
        1.3671539198843254
      ], 
      "3sigma": [
        1.3579166417767166, 
        1.3663586973967352
      ], 
      "median": 1.362921297075332, 
      "q90%": 1.365701820605039, 
      "q10%": 1.360808247966799, 
      "q25%": 1.3617618970754863, 
      "q01%": 1.3591895798710814, 
      "q75%": 1.363853765504511, 
      "1sigma": [
        1.36135092513781, 
        1.3641854747394875
      ], 
      "2sigma": [
        1.3598207953193135, 
        1.36529190240263
      ], 
      "q99%": 1.365701820605039, 
      "sigma": 0.0014172748008387526
    }, 
    {
      "5sigma": [
        1.9269846148636556, 
        41.86533463462751
      ], 
      "3sigma": [
        7.988282183209791, 
        32.85918071974953
      ], 
      "median": 16.425471735559093, 
      "q90%": 28.5613405475882, 
      "q10%": 12.44876807771598, 
      "q25%": 14.220780655191406, 
      "q01%": 9.341575521154606, 
      "q75%": 18.26532542300409, 
      "1sigma": [
        13.34127193172072, 
        19.412203787180164
      ], 
      "2sigma": [
        10.502220285387049, 
        24.692017905110585
      ], 
      "q99%": 28.5613405475882, 
      "sigma": 3.0354659277297227
    }, 
    {
      "5sigma": [
        100006945.94614796, 
        1398761643.1771228
      ], 
      "3sigma": [
        100006945.94614796, 
        997846498.5147107
      ], 
      "median": 101222190.97562914, 
      "q90%": 949704885.3338487, 
      "q10%": 100214436.65760294, 
      "q25%": 100484288.83135594, 
      "q01%": 100018707.41180792, 
      "q75%": 102716161.44083455, 
      "1sigma": [
        100308407.06760773, 
        103723643.30983827
      ], 
      "2sigma": [
        100051097.79698288, 
        910013550.4961793
      ], 
      "q99%": 949704885.3338487, 
      "sigma": 1707618.1211152673
    }, 
    {
      "5sigma": [
        525.0844496994995, 
        565.2300978725747
      ], 
      "3sigma": [
        525.0844496994995, 
        546.5395101351733
      ], 
      "median": 529.3519392385012, 
      "q90%": 541.1688216200523, 
      "q10%": 526.2912323329004, 
      "q25%": 527.4557654420814, 
      "q01%": 525.519519058145, 
      "q75%": 531.9029904905163, 
      "1sigma": [
        526.7773485616824, 
        533.3693165493056
      ], 
      "2sigma": [
        525.7192732803226, 
        538.9015167151498
      ], 
      "q99%": 541.1688216200523, 
      "sigma": 3.2959839938116033
    }
  ], 
  "global evidence error": 0.0485404291586625, 
  "nested sampling global log-evidence error": 0.2861221570389924
}