{
  "nested importance sampling global log-evidence": -693.2838185177221, 
  "global evidence": -693.2838185177221, 
  "modes": [
    {
      "index": 0, 
      "local log-evidence": -693.2838185177221, 
      "strictly local log-evidence": -693.2838185177221, 
      "local log-evidence error": 0.03397651605330494, 
      "maximum": [
        1.3840358672639368, 
        1.3529702075226486, 
        41.650231669537305, 
        974412164.0436145, 
        1361.7967072733763
      ], 
      "maximum a posterior": [
        20.938174545919374, 
        1.3567812437451723, 
        41.05479095552115, 
        881117864.9245012, 
        1366.303564047988
      ], 
      "sigma": [
        7.260709103174439, 
        0.0035299237121127164, 
        5.658370241646769, 
        113811980.02652845, 
        3.156782829843608
      ], 
      "strictly local log-evidence error": 0.03397651605330494, 
      "mean": [
        9.959847117646522, 
        1.3553272168935908, 
        42.36987534083782, 
        934816413.0945685, 
        1366.3504633671687
      ]
    }
  ], 
  "nested importance sampling global log-evidence error": 0.03397651605330494, 
  "nested sampling global log-evidence": -692.7036372255702, 
  "marginals": [
    {
      "5sigma": [
        0.006139474147831352, 
        63.98483763985723
      ], 
      "3sigma": [
        0.006139474147831352, 
        40.140622586180996
      ], 
      "median": 8.475736939435775, 
      "q90%": 31.09100134856456, 
      "q10%": 1.9914095490543335, 
      "q25%": 4.226695234726513, 
      "q01%": 0.1611972434142808, 
      "q75%": 13.854494048836596, 
      "1sigma": [
        2.766843567045739, 
        16.63826259738976
      ], 
      "2sigma": [
        0.5747695542466834, 
        27.44610791743182
      ], 
      "q99%": 31.09100134856456, 
      "sigma": 6.935709515172011
    }, 
    {
      "5sigma": [
        1.3420161966636182, 
        1.3741840387678657
      ], 
      "3sigma": [
        1.3427191441168937, 
        1.3663415699791768
      ], 
      "median": 1.3551092567087835, 
      "q90%": 1.3638403373735128, 
      "q10%": 1.3508607130029358, 
      "q25%": 1.352856054719089, 
      "q01%": 1.348081127726278, 
      "q75%": 1.3575814230186658, 
      "1sigma": [
        1.3518106374334837, 
        1.3589462231938874
      ], 
      "2sigma": [
        1.349059146245288, 
        1.3628791159698754
      ], 
      "q99%": 1.3638403373735128, 
      "sigma": 0.0035677928802018144
    }, 
    {
      "5sigma": [
        19.065328888893742, 
        66.77839377871972
      ], 
      "3sigma": [
        26.09638038888344, 
        58.820940537982764
      ], 
      "median": 42.52959431474908, 
      "q90%": 56.03737215998592, 
      "q10%": 34.92565174733492, 
      "q25%": 38.58244799841324, 
      "q01%": 29.863781864121957, 
      "q75%": 46.18312059064213, 
      "1sigma": [
        36.6460466582202, 
        48.06220900317031
      ], 
      "2sigma": [
        31.08858935758009, 
        53.42892706699961
      ], 
      "q99%": 56.03737215998592, 
      "sigma": 5.708081172475055
    }, 
    {
      "5sigma": [
        289116222.9655179, 
        1651665107.255561
      ], 
      "3sigma": [
        569925256.7917995, 
        1389122339.62719
      ], 
      "median": 937066519.3789077, 
      "q90%": 1325278515.2246957, 
      "q10%": 812710912.3312507, 
      "q25%": 871483603.5812418, 
      "q01%": 667490253.221647, 
      "q75%": 993024087.3251333, 
      "1sigma": [
        841291679.6686033, 
        1017474124.5378734
      ], 
      "2sigma": [
        717414514.4886307, 
        1273560153.698602
      ], 
      "q99%": 1325278515.2246957, 
      "sigma": 88091222.43463504
    }, 
    {
      "5sigma": [
        1361.7967072733763, 
        1400.4734338026512
      ], 
      "3sigma": [
        1361.7967072733763, 
        1381.0533100753617
      ], 
      "median": 1365.6663521751084, 
      "q90%": 1376.3500948087888, 
      "q10%": 1363.0734047913534, 
      "q25%": 1363.9971149025637, 
      "q01%": 1362.0140343074643, 
      "q75%": 1367.883597128882, 
      "1sigma": [
        1363.4540324999289, 
        1369.2189383767736
      ], 
      "2sigma": [
        1362.2294790048422, 
        1374.2517039821644
      ], 
      "q99%": 1376.3500948087888, 
      "sigma": 2.882452938422375
    }
  ], 
  "global evidence error": 0.03397651605330494, 
  "nested sampling global log-evidence error": 0.30868115495215503
}