{
  "nested importance sampling global log-evidence": -116.55486703632396, 
  "global evidence": -116.55486703632396, 
  "modes": [
    {
      "index": 0, 
      "local log-evidence": -116.55486703632396, 
      "strictly local log-evidence": -116.55486703632396, 
      "local log-evidence error": 0.38513840603685007, 
      "maximum": [
        8.155124796472451, 
        1.3366168087044767, 
        1.3057074216227533, 
        45510758.39729014, 
        214.8816170210107
      ], 
      "maximum a posterior": [
        7.169857160220432, 
        1.3748588058529623, 
        5.517968942308954, 
        36944481.69631714, 
        218.80998561941243
      ], 
      "sigma": [
        13.520331227825173, 
        0.00834449254809173, 
        3.2870195209803446, 
        13169785.79966176, 
        2.562603886613605
      ], 
      "strictly local log-evidence error": 0.38513840603685007, 
      "mean": [
        19.140326118455068, 
        1.3667627783865992, 
        4.202741862868023, 
        48425434.641114205, 
        218.59211050181966
      ]
    }
  ], 
  "nested importance sampling global log-evidence error": 0.38513840603685007, 
  "nested sampling global log-evidence": -116.51398223502925, 
  "marginals": [
    {
      "5sigma": [
        0.2440325934769395, 
        107.83460555648267
      ], 
      "3sigma": [
        0.2440325934769395, 
        68.82964633777861
      ], 
      "median": 16.14903296241059, 
      "q90%": 56.417410113786474, 
      "q10%": 3.7133098118296894, 
      "q25%": 8.140777321005356, 
      "q01%": 0.4688051545031773, 
      "q75%": 27.804107375098752, 
      "1sigma": [
        5.398525210181473, 
        33.78818593320388
      ], 
      "2sigma": [
        0.8533222555970891, 
        50.750724884515805
      ], 
      "q99%": 56.417410113786474, 
      "sigma": 14.194830361511201
    }, 
    {
      "5sigma": [
        1.3366168087044767, 
        1.3974414800103863
      ], 
      "3sigma": [
        1.3366168087044767, 
        1.3904124281606038
      ], 
      "median": 1.3661687163132905, 
      "q90%": 1.3878944218236988, 
      "q10%": 1.3574707122996004, 
      "q25%": 1.3615046151483838, 
      "q01%": 1.3438049277716397, 
      "q75%": 1.372036509160268, 
      "1sigma": [
        1.359414948657476, 
        1.3746271887181885
      ], 
      "2sigma": [
        1.3492660981967828, 
        1.3850189675088556
      ], 
      "q99%": 1.3878944218236988, 
      "sigma": 0.0076061200303562115
    }, 
    {
      "5sigma": [
        0.013892343720075, 
        31.218010406006567
      ], 
      "3sigma": [
        0.013892343720075, 
        19.052912429297077
      ], 
      "median": 3.4938652366993237, 
      "q90%": 13.49387939044179, 
      "q10%": 0.5938393271562596, 
      "q25%": 1.5344716980966777, 
      "q01%": 0.043541070812623386, 
      "q75%": 6.322346795534836, 
      "1sigma": [
        0.9666249748445472, 
        7.683874114665027
      ], 
      "2sigma": [
        0.1493856307495287, 
        12.020992314597857
      ], 
      "q99%": 13.49387939044179, 
      "sigma": 3.3586245699102397
    }, 
    {
      "5sigma": [
        11572933.856659248, 
        887463346.6783413
      ], 
      "3sigma": [
        13789829.485645246, 
        115658278.96669476
      ], 
      "median": 46206210.3308901, 
      "q90%": 89849245.16973156, 
      "q10%": 34803839.63383969, 
      "q25%": 39219588.13346595, 
      "q01%": 30962772.235076826, 
      "q75%": 55261248.13714524, 
      "1sigma": [
        36831042.47035152, 
        59164502.42538393
      ], 
      "2sigma": [
        31917513.058358364, 
        76756392.5523657
      ], 
      "q99%": 89849245.16973156, 
      "sigma": 11166729.977516208
    }, 
    {
      "5sigma": [
        214.8816170210107, 
        249.94319366768096
      ], 
      "3sigma": [
        214.8816170210107, 
        231.49307033087743
      ], 
      "median": 218.12788830779283, 
      "q90%": 227.49464924658258, 
      "q10%": 215.96833076728575, 
      "q25%": 216.79598339674058, 
      "q01%": 215.21480433973665, 
      "q75%": 219.88809154704543, 
      "1sigma": [
        216.25282000731076, 
        220.89490749698393
      ], 
      "2sigma": [
        215.3700839739262, 
        224.91548112445213
      ], 
      "q99%": 227.49464924658258, 
      "sigma": 2.3210437448365866
    }
  ], 
  "global evidence error": 0.38513840603685007, 
  "nested sampling global log-evidence error": 0.26866199925026607
}