{
  "nested importance sampling global log-evidence": -394.3297582510281, 
  "global evidence": -394.3297582510281, 
  "modes": [
    {
      "index": 0, 
      "local log-evidence": -394.3297582510281, 
      "strictly local log-evidence": -394.3297582510281, 
      "local log-evidence error": 0.052444876430504474, 
      "maximum": [
        10.155759603897259, 
        1.3570876262926803, 
        0.2608040323436886, 
        91112913.38648725, 
        767.0975229579865
      ], 
      "maximum a posterior": [
        32.34151509059574, 
        1.3631275544647432, 
        3.0851276513947914, 
        72515916.75930995, 
        770.7595238977742
      ], 
      "sigma": [
        13.163459870380011, 
        0.0055807505873679865, 
        2.9664221507247985, 
        50111044.14917075, 
        2.8085609163532426
      ], 
      "strictly local log-evidence error": 0.052444876430504474, 
      "mean": [
        20.831920574674562, 
        1.3581382336166155, 
        3.281929496162957, 
        98169385.84088716, 
        770.6945186005688
      ]
    }
  ], 
  "nested importance sampling global log-evidence error": 0.052444876430504474, 
  "nested sampling global log-evidence": -393.8828717233017, 
  "marginals": [
    {
      "5sigma": [
        0.015243668486014878, 
        109.19471834465678
      ], 
      "3sigma": [
        0.015243668486014878, 
        74.49724083994995
      ], 
      "median": 18.86577914204969, 
      "q90%": 59.06431576487808, 
      "q10%": 5.525910795483011, 
      "q25%": 10.503934693718014, 
      "q01%": 0.6445616311674937, 
      "q75%": 28.931373605459182, 
      "1sigma": [
        7.433317183054122, 
        33.10896014987345
      ], 
      "2sigma": [
        1.4023599332198722, 
        52.69213477466948
      ], 
      "q99%": 59.06431576487808, 
      "sigma": 12.837821483409662
    }, 
    {
      "5sigma": [
        1.3380573643033982, 
        1.3912190486961222
      ], 
      "3sigma": [
        1.3393680172041271, 
        1.3756998859128413
      ], 
      "median": 1.3583470695409825, 
      "q90%": 1.3712067514362751, 
      "q10%": 1.3514750162319171, 
      "q25%": 1.3546295012709035, 
      "q01%": 1.3425925775149798, 
      "q75%": 1.3617540785256392, 
      "1sigma": [
        1.3529688651835352, 
        1.3634813473773233
      ], 
      "2sigma": [
        1.3445854049294212, 
        1.368597388588755
      ], 
      "q99%": 1.3712067514362751, 
      "sigma": 0.005256241096894043
    }, 
    {
      "5sigma": [
        0.016082528306544344, 
        43.36446414010054
      ], 
      "3sigma": [
        0.016082528306544344, 
        19.335937697210444
      ], 
      "median": 2.571812463071721, 
      "q90%": 13.236333072853094, 
      "q10%": 0.37985532428626484, 
      "q25%": 1.0254470567976468, 
      "q01%": 0.03926609688311208, 
      "q75%": 4.723460017634352, 
      "1sigma": [
        0.7033754564185086, 
        5.7628418934332135
      ], 
      "2sigma": [
        0.09554537488467536, 
        10.716336342858122
      ], 
      "q99%": 13.236333072853094, 
      "sigma": 2.5297332185073524
    }, 
    {
      "5sigma": [
        39925951.048235364, 
        959193791.4222997
      ], 
      "3sigma": [
        52561678.68591027, 
        760248463.5501863
      ], 
      "median": 90295523.66250978, 
      "q90%": 172432829.83626708, 
      "q10%": 72344200.35219221, 
      "q25%": 79234204.47354501, 
      "q01%": 59142804.68002639, 
      "q75%": 103449388.3828835, 
      "1sigma": [
        76100175.63822138, 
        114614147.18463026
      ], 
      "2sigma": [
        65478169.35422715, 
        158202390.38867044
      ], 
      "q99%": 172432829.83626708, 
      "sigma": 19256985.77320444
    }, 
    {
      "5sigma": [
        767.0975229579865, 
        803.5534514342097
      ], 
      "3sigma": [
        767.0975229579865, 
        785.2346172677985
      ], 
      "median": 769.8564613711235, 
      "q90%": 779.7121257208042, 
      "q10%": 767.9245379613482, 
      "q25%": 768.7810821777772, 
      "q01%": 767.1796703981706, 
      "q75%": 771.9853628681344, 
      "1sigma": [
        768.2493218038137, 
        773.2714209768515
      ], 
      "2sigma": [
        767.3714039385396, 
        777.9001357481068
      ], 
      "q99%": 779.7121257208042, 
      "sigma": 2.5110495865188796
    }
  ], 
  "global evidence error": 0.052444876430504474, 
  "nested sampling global log-evidence error": 0.29215770438421373
}