{
  "nested importance sampling global log-evidence": -67.03748863173327, 
  "global evidence": -67.03748863173327, 
  "modes": [
    {
      "index": 0, 
      "local log-evidence": -67.03748863173327, 
      "strictly local log-evidence": -67.03748863173327, 
      "local log-evidence error": 0.024934321548885904, 
      "maximum": [
        38.70112415975729, 
        1.36498849560612, 
        0.26457188211600957, 
        13169117.512889346, 
        117.6468788970668
      ], 
      "maximum a posterior": [
        25.985759803047035, 
        1.3628946038395318, 
        9.720477986017524, 
        38086801.65342504, 
        120.97711839179874
      ], 
      "sigma": [
        27.341243360943782, 
        0.008368402628327921, 
        5.107389396968079, 
        9125509.794417458, 
        2.1231290343836395
      ], 
      "strictly local log-evidence error": 0.024934321548885904, 
      "mean": [
        49.00616505741843, 
        1.3705564861887098, 
        6.602257742392147, 
        21523954.79271533, 
        120.66814053566375
      ]
    }
  ], 
  "nested importance sampling global log-evidence error": 0.024934321548885904, 
  "nested sampling global log-evidence": -65.48408206947968, 
  "marginals": [
    {
      "5sigma": [
        0.015943825656312288, 
        202.8891680511332
      ], 
      "3sigma": [
        0.015943825656312288, 
        137.23901567783392
      ], 
      "median": 46.7376637831944, 
      "q90%": 123.96869047874156, 
      "q10%": 13.77888244003982, 
      "q25%": 27.018813843082732, 
      "q01%": 1.121632532365982, 
      "q75%": 67.50030311946377, 
      "1sigma": [
        20.449953892436376, 
        74.67140635333341
      ], 
      "2sigma": [
        3.6488553862756445, 
        107.7705141075179
      ], 
      "q99%": 123.96869047874156, 
      "sigma": 27.110726230448517
    }, 
    {
      "5sigma": [
        1.3399562525403432, 
        1.3976776753705764
      ], 
      "3sigma": [
        1.3408004002292782, 
        1.397596467121815
      ], 
      "median": 1.370101140303537, 
      "q90%": 1.390211723133756, 
      "q10%": 1.359529057589461, 
      "q25%": 1.3652437445178989, 
      "q01%": 1.350421984521644, 
      "q75%": 1.376884882819316, 
      "1sigma": [
        1.361623899982693, 
        1.3792508741649658
      ], 
      "2sigma": [
        1.3555336865392462, 
        1.3860188815871144
      ], 
      "q99%": 1.390211723133756, 
      "sigma": 0.008813487091136385
    }, 
    {
      "5sigma": [
        0.011630701092618526, 
        48.142943738368096
      ], 
      "3sigma": [
        0.011630701092618526, 
        26.889736801306817
      ], 
      "median": 5.624904258004319, 
      "q90%": 23.023484094861434, 
      "q10%": 1.125148168759697, 
      "q25%": 2.687254481211329, 
      "q01%": 0.0278514842102764, 
      "q75%": 9.117083090738427, 
      "1sigma": [
        1.7323121296679411, 
        10.899520206507717
      ], 
      "2sigma": [
        0.32835481647556775, 
        20.452780392239898
      ], 
      "q99%": 23.023484094861434, 
      "sigma": 4.583604038419888
    }, 
    {
      "5sigma": [
        10003620.913382785, 
        158621666.09454253
      ], 
      "3sigma": [
        10039221.222452518, 
        59725041.7622182
      ], 
      "median": 18420420.738289446, 
      "q90%": 44675600.51810128, 
      "q10%": 12216254.489700356, 
      "q25%": 13707174.357606862, 
      "q01%": 10461629.829441449, 
      "q75%": 28924466.436776955, 
      "1sigma": [
        13010452.584994528, 
        31611398.158341963
      ], 
      "2sigma": [
        11202514.485595234, 
        39589339.97025268
      ], 
      "q99%": 44675600.51810128, 
      "sigma": 9300472.786673717
    }, 
    {
      "5sigma": [
        117.6468788970668, 
        149.55821042027537
      ], 
      "3sigma": [
        117.6468788970668, 
        132.33466223154582
      ], 
      "median": 120.07672208221146, 
      "q90%": 127.81503891555043, 
      "q10%": 118.5950882944104, 
      "q25%": 119.23861058820394, 
      "q01%": 117.76869744707662, 
      "q75%": 121.48805863429412, 
      "1sigma": [
        118.87181167301114, 
        122.5169967198629
      ], 
      "2sigma": [
        117.99321214762534, 
        125.95947946371024
      ], 
      "q99%": 127.81503891555043, 
      "sigma": 1.8225925234258824
    }
  ], 
  "global evidence error": 0.024934321548885904, 
  "nested sampling global log-evidence error": 0.22693637437942427
}