{
  "nested importance sampling global log-evidence": -120.03873939438375, 
  "global evidence": -120.03873939438375, 
  "modes": [
    {
      "index": 0, 
      "local log-evidence": -120.03873939438375, 
      "strictly local log-evidence": -120.03873939438375, 
      "local log-evidence error": 0.02867897208183447, 
      "maximum": [
        70.46618266966242, 
        1.3458825791575482, 
        1.2308703243262438, 
        63991229.95761926, 
        220.0467809545456
      ], 
      "maximum a posterior": [
        70.46618266966242, 
        1.3458825791575482, 
        1.2308703243262438, 
        63991229.95761926, 
        220.0467809545456
      ], 
      "sigma": [
        29.060415537027453, 
        0.008174779588234664, 
        3.965806515774972, 
        15562116.956106631, 
        3.2033858413091414
      ], 
      "strictly local log-evidence error": 0.02867897208183447, 
      "mean": [
        58.38729844197763, 
        1.3609004648127285, 
        4.676543420815551, 
        56726219.68983658, 
        225.7754563759441
      ]
    }
  ], 
  "nested importance sampling global log-evidence error": 0.02867897208183447, 
  "nested sampling global log-evidence": -119.62645859872923, 
  "marginals": [
    {
      "5sigma": [
        0.24271970787627303, 
        233.09067092171844
      ], 
      "3sigma": [
        0.41676485336364305, 
        151.6880437892512
      ], 
      "median": 55.92147653062006, 
      "q90%": 129.9060694196214, 
      "q10%": 21.48987042462828, 
      "q25%": 38.26489296818346, 
      "q01%": 1.062766147697119, 
      "q75%": 77.47177116431416, 
      "1sigma": [
        28.95656950286099, 
        87.34793304308103
      ], 
      "2sigma": [
        5.119358112515197, 
        118.77699362183942
      ], 
      "q99%": 129.9060694196214, 
      "sigma": 29.19568177011002
    }, 
    {
      "5sigma": [
        1.334937252135835, 
        1.3936470208839113
      ], 
      "3sigma": [
        1.341765341108791, 
        1.3872554740753789
      ], 
      "median": 1.360091853426382, 
      "q90%": 1.3828135297051218, 
      "q10%": 1.3511228138448756, 
      "q25%": 1.3552077730025507, 
      "q01%": 1.3434243408058697, 
      "q75%": 1.3662199214410973, 
      "1sigma": [
        1.3529452168341394, 
        1.3693412180279991
      ], 
      "2sigma": [
        1.3458818224204747, 
        1.3787489591232096
      ], 
      "q99%": 1.3828135297051218, 
      "sigma": 0.008198000596929877
    }, 
    {
      "5sigma": [
        0.009132936491864349, 
        45.708199093644076
      ], 
      "3sigma": [
        0.009573877161874682, 
        23.62868615530195
      ], 
      "median": 3.7508476487519653, 
      "q90%": 18.12208128985374, 
      "q10%": 0.6940316943740121, 
      "q25%": 1.7897610738341299, 
      "q01%": 0.06800714916386852, 
      "q75%": 6.6075549694557, 
      "1sigma": [
        1.128594900824139, 
        7.879615173258345
      ], 
      "2sigma": [
        0.1312441743391589, 
        15.41750171549707
      ], 
      "q99%": 18.12208128985374, 
      "sigma": 3.3755101362171027
    }, 
    {
      "5sigma": [
        11456438.651030079, 
        962978847.0179995
      ], 
      "3sigma": [
        13771055.481525611, 
        144910476.28831908
      ], 
      "median": 55100891.68557311, 
      "q90%": 104257107.05578034, 
      "q10%": 39685936.24586071, 
      "q25%": 45546967.45408045, 
      "q01%": 31482140.393098418, 
      "q75%": 64567149.36391116, 
      "1sigma": [
        41662752.280750446, 
        69652998.15661295
      ], 
      "2sigma": [
        33329961.016265176, 
        92325196.7517096
      ], 
      "q99%": 104257107.05578034, 
      "sigma": 13995122.93793125
    }, 
    {
      "5sigma": [
        220.0467809545456, 
        258.1476115078752
      ], 
      "3sigma": [
        220.0467809545456, 
        239.44430022262353
      ], 
      "median": 225.08868869486656, 
      "q90%": 235.4793744689429, 
      "q10%": 222.14691939400063, 
      "q25%": 223.36478963119816, 
      "q01%": 220.73463923051895, 
      "q75%": 227.75069440523507, 
      "1sigma": [
        222.61911137617523, 
        228.87914869021088
      ], 
      "2sigma": [
        221.31679819490475, 
        233.06684595300067
      ], 
      "q99%": 235.4793744689429, 
      "sigma": 3.1300186570178283
    }
  ], 
  "global evidence error": 0.02867897208183447, 
  "nested sampling global log-evidence error": 0.259590647188086
}