{
  "nested importance sampling global log-evidence": -36.56801815025714, 
  "global evidence": -36.56801815025714, 
  "modes": [
    {
      "index": 0, 
      "local log-evidence": -36.56801815025714, 
      "strictly local log-evidence": -36.56801815025714, 
      "local log-evidence error": 0.3255884320663682, 
      "maximum": [
        0.6732504837232218, 
        1.373660289758218, 
        14.521612474835003, 
        14672849.796057375, 
        62.53658851375573
      ], 
      "maximum a posterior": [
        18.160137605029902, 
        1.3614668795913438, 
        47.28831090853124, 
        25801028.947543498, 
        65.57572282527003
      ], 
      "sigma": [
        49.88889919001555, 
        0.010069847792944949, 
        20.42563704046746, 
        155895261.8268065, 
        2.847094503122852
      ], 
      "strictly local log-evidence error": 0.3255884320663682, 
      "mean": [
        58.32161663540008, 
        1.3697719988010746, 
        27.12350351022065, 
        66766752.91555431, 
        66.25449220842424
      ]
    }
  ], 
  "nested importance sampling global log-evidence error": 0.3255884320663682, 
  "nested sampling global log-evidence": -36.23669599773997, 
  "marginals": [
    {
      "5sigma": [
        0.0026748700176977046, 
        401.1499013408944
      ], 
      "3sigma": [
        0.0026748700176977046, 
        275.30960434964976
      ], 
      "median": 44.01260545304941, 
      "q90%": 211.36078233674164, 
      "q10%": 7.3717207828133064, 
      "q25%": 17.65082043263627, 
      "q01%": 0.6868924742437904, 
      "q75%": 86.52402257561619, 
      "1sigma": [
        11.391656743820967, 
        108.84963536872245
      ], 
      "2sigma": [
        2.390414683545956, 
        189.88225845915494
      ], 
      "q99%": 211.36078233674164, 
      "sigma": 48.728989312450736
    }, 
    {
      "5sigma": [
        1.3397526297035895, 
        1.405932886528368
      ], 
      "3sigma": [
        1.3399392646499588, 
        1.4002958081471237
      ], 
      "median": 1.3701575995416124, 
      "q90%": 1.3923761559725676, 
      "q10%": 1.3566325598247557, 
      "q25%": 1.3626839496733711, 
      "q01%": 1.3471709791368613, 
      "q75%": 1.3763754800229036, 
      "1sigma": [
        1.3594610628714892, 
        1.3797139746700102
      ], 
      "2sigma": [
        1.3510808367029563, 
        1.388839312524528
      ], 
      "q99%": 1.3923761559725676, 
      "sigma": 0.010126455899260534
    }, 
    {
      "5sigma": [
        0.21250849346797196, 
        99.21927514548409
      ], 
      "3sigma": [
        0.21250849346797196, 
        95.08288470180831
      ], 
      "median": 22.164137479029517, 
      "q90%": 86.02766992101692, 
      "q10%": 4.41023262648618, 
      "q25%": 12.021762596451664, 
      "q01%": 0.5581729393490823, 
      "q75%": 38.50141704745191, 
      "1sigma": [
        7.482317459485749, 
        49.445096777097305
      ], 
      "2sigma": [
        1.1480055901671087, 
        76.13676309780692
      ], 
      "q99%": 86.02766992101692, 
      "sigma": 20.981389658805778
    }, 
    {
      "5sigma": [
        10009957.888026142, 
        3660205549.7478647
      ], 
      "3sigma": [
        10009957.888026142, 
        1354726208.5699856
      ], 
      "median": 26948131.265991885, 
      "q90%": 973400405.70294, 
      "q10%": 12436272.432115018, 
      "q25%": 17810481.198699836, 
      "q01%": 10354851.57024747, 
      "q75%": 47776617.48500008, 
      "1sigma": [
        14064537.522956433, 
        72392099.98194127
      ], 
      "2sigma": [
        10711032.01097466, 
        465429780.89155406
      ], 
      "q99%": 973400405.70294, 
      "sigma": 29163781.22949242
    }, 
    {
      "5sigma": [
        62.53658851375573, 
        93.51694439656099
      ], 
      "3sigma": [
        62.53658851375573, 
        77.97269687746235
      ], 
      "median": 65.55103033013273, 
      "q90%": 74.5589603261572, 
      "q10%": 63.15511706816754, 
      "q25%": 64.010496700377, 
      "q01%": 62.65127787256221, 
      "q75%": 67.85989847864809, 
      "1sigma": [
        63.520045764716805, 
        69.32442101117879
      ], 
      "2sigma": [
        62.75582128417988, 
        72.99022900842127
      ], 
      "q99%": 74.5589603261572, 
      "sigma": 2.90218762323099
    }
  ], 
  "global evidence error": 0.3255884320663682, 
  "nested sampling global log-evidence error": 0.1763363233575685
}