{
  "nested importance sampling global log-evidence": -94.48433279190427, 
  "global evidence": -94.48433279190427, 
  "modes": [
    {
      "index": 0, 
      "local log-evidence": -94.48433279190427, 
      "strictly local log-evidence": -94.48433279190427, 
      "local log-evidence error": 0.027243713065159825, 
      "maximum": [
        124.54230643521413, 
        1.3507213549941282, 
        1.4628039061897742, 
        12138433.367662253, 
        178.41885170953844
      ], 
      "maximum a posterior": [
        240.48346597769532, 
        1.377253448289763, 
        20.98030712789464, 
        19118982.02560871, 
        183.35245289301892
      ], 
      "sigma": [
        80.01023433743943, 
        0.009766531948259181, 
        20.29032846065115, 
        324370356.9050215, 
        2.684090270499248
      ], 
      "strictly local log-evidence error": 0.027243713065159825, 
      "mean": [
        117.03543726307691, 
        1.3683303318850824, 
        24.33910443214026, 
        139605318.39826375, 
        182.79369912199098
      ]
    }
  ], 
  "nested importance sampling global log-evidence error": 0.027243713065159825, 
  "nested sampling global log-evidence": -93.71904218074545, 
  "marginals": [
    {
      "5sigma": [
        0.6019796601905341, 
        788.5914504125734
      ], 
      "3sigma": [
        0.6019796601905341, 
        408.39929513257346
      ], 
      "median": 106.29573048939362, 
      "q90%": 321.0285167171324, 
      "q10%": 22.05749614871843, 
      "q25%": 48.16692114958613, 
      "q01%": 1.4255248421922622, 
      "q75%": 169.1675304541653, 
      "1sigma": [
        33.2828735317078, 
        204.2006216748559
      ], 
      "2sigma": [
        3.999214801512987, 
        283.5849406880306
      ], 
      "q99%": 321.0285167171324, 
      "sigma": 85.45887407157406
    }, 
    {
      "5sigma": [
        1.3362512649932548, 
        1.3988661115153924
      ], 
      "3sigma": [
        1.3390814241205895, 
        1.3970257956061325
      ], 
      "median": 1.3686637914087547, 
      "q90%": 1.3901383830299494, 
      "q10%": 1.3559807052679282, 
      "q25%": 1.3616489254179849, 
      "q01%": 1.345087484474668, 
      "q75%": 1.374742896950033, 
      "1sigma": [
        1.358372015000035, 
        1.3780073676016862
      ], 
      "2sigma": [
        1.34866181845098, 
        1.386628665157747
      ], 
      "q99%": 1.3901383830299494, 
      "sigma": 0.00981767630082564
    }, 
    {
      "5sigma": [
        0.19853252110280262, 
        99.92113240816141
      ], 
      "3sigma": [
        0.20469744623908337, 
        97.62454533691431
      ], 
      "median": 19.360168931850826, 
      "q90%": 86.92798526032949, 
      "q10%": 2.847742087538741, 
      "q25%": 7.910258682285765, 
      "q01%": 0.39351364224945706, 
      "q75%": 37.01074848640009, 
      "1sigma": [
        4.8584353785139545, 
        44.44630500985356
      ], 
      "2sigma": [
        0.7551258527288577, 
        72.6931184881651
      ], 
      "q99%": 86.92798526032949, 
      "sigma": 19.793934815669804
    }, 
    {
      "5sigma": [
        10048297.793554973, 
        4194833642.006618
      ], 
      "3sigma": [
        10079858.85136158, 
        2267043773.251587
      ], 
      "median": 28431851.479552913, 
      "q90%": 1629637472.6852162, 
      "q10%": 12603257.037374424, 
      "q25%": 17672961.92084856, 
      "q01%": 10181941.021391066, 
      "q75%": 69236392.96553984, 
      "1sigma": [
        14334235.105718838, 
        158309692.26348957
      ], 
      "2sigma": [
        10698040.94357098, 
        1211213550.228597
      ], 
      "q99%": 1629637472.6852162, 
      "sigma": 71987728.57888536
    }, 
    {
      "5sigma": [
        178.41885170953844, 
        210.02083918228738
      ], 
      "3sigma": [
        178.41885170953844, 
        194.2336302065795
      ], 
      "median": 182.2714371929384, 
      "q90%": 190.7915504897432, 
      "q10%": 179.8469727159519, 
      "q25%": 180.66420784923696, 
      "q01%": 178.84671799276612, 
      "q75%": 184.48147837693838, 
      "1sigma": [
        180.11650614944682, 
        185.58354474078348
      ], 
      "2sigma": [
        179.18628386474836, 
        188.93769449285668
      ], 
      "q99%": 190.7915504897432, 
      "sigma": 2.73351929566833
    }
  ], 
  "global evidence error": 0.027243713065159825, 
  "nested sampling global log-evidence error": 0.15238742138850994
}